chunk,question,answer,answer_modelo_rag_dslr_h_0.1,answer_modelo_rag_dslr_h_0.3,answer_modelo_rag_dslr_h_0.5,PRECISION,RECALL,F1
seawater seawater tds mgl considered standard range tds range mgl defined brackish water slightly saline water estuarine tidal river water brackish groundwater salt lake water salinity determined conductivity conversion factor use estimate tds,What types of water are classified based on Total Dissolved Solids (TDS) levels?,"Water is classified into categories like seawater, brackish water, slightly saline water, estuarine water, and salt lake water based on its TDS levels, which are estimated using conductivity and a conversion factor.","Water can be classified based on Total Dissolved Solids (TDS) levels into three main categories:

1. Freshwater: TDS levels are typically less than 1,000 milligrams per liter (mg/L).
2. Brackish water: TDS levels range from 1,000 to 10,000 mg/L.
3. Saline water: TDS levels are greater than 10,000 mg/L.

These classifications help in understanding the water quality and suitability for various uses, such as drinking, irrigation, and industrial processes.","Water can be classified based on Total Dissolved Solids (TDS) levels into the following categories:

1. Freshwater: TDS levels less than 1,000 milligrams per liter (mg/L).
2. Brackish water: TDS levels between 1,000 and 10,000 mg/L.
3. Saline water: TDS levels between 10,000 and 100,000 mg/L.
4. Brine: TDS levels greater than 100,000 mg/L.

These classifications help in understanding the water quality and its suitability for various uses, such as drinking, irrigation, industrial processes, and more.","Water can be classified based on Total Dissolved Solids (TDS) levels into three main categories:

1. Freshwater: TDS levels below 1,000 milligrams per liter (mg/L)
2. Brackish water: TDS levels between 1,000 and 10,000 mg/L
3. Saline water: TDS levels above 10,000 mg/L

In the provided context, an example of brackish water composition is given with a TDS level of 478 mg/L, indicating that it falls within the brackish water category. Another example of well water with a TDS level of 325 mg/L would also be classified as brackish water.",0.8164425492286682,0.8695278167724609,0.8421494960784912
recovery limit salinity andor boron concentration product water either meet requirement thus important limit product recovery order achieve required quality max recovery value depends site specific factors,Why is it important to limit product recovery in RO systems?,"Limiting product recovery is important to ensure the salinity and boron levels in the product water meet required standards, as exceeding recovery limits may compromise water quality depending on site-specific conditions.","Limiting product recovery in RO (Reverse Osmosis) systems is important to minimize precipitation and scaling. This is crucial because exceeding the solubility limits of sparingly soluble salts, such as calcium carbonate or calcium sulfate, can lead to the formation of these compounds. When these compounds precipitate and form scale, they can cause serious problems in the RO plant, including reduced efficiency, increased maintenance costs, and potential damage to the system. Therefore, establishing well-designed scale control measures is essential to ensure the proper functioning and longevity of the RO system.","Limiting product recovery in RO (Reverse Osmosis) systems is important to minimize precipitation and scaling. This is because exceeding the solubility limits of sparingly soluble salts, such as calcium carbonate or calcium sulfate, can lead to the formation of these compounds. Such scaling can cause serious problems in the RO plant, including reduced efficiency, increased maintenance costs, and potential damage to the system. By controlling the recovery rate, the risk of scaling and contamination is reduced, ensuring the longevity and optimal performance of the RO system.","Limiting product recovery in RO (Reverse Osmosis) systems is important to minimize precipitation and scaling. This is crucial because exceeding the solubility limits of sparingly soluble salts, such as calcium carbonate and calcium sulfate, can lead to the formation of these compounds. This scaling can cause serious problems in the RO plant, including reduced efficiency and potential damage to the system. Additionally, establishing well-designed scale control measures helps to ensure the longevity and effectiveness of the RO system.",0.858345627784729,0.8891825675964355,0.8734920024871826
design boynton beach fl membrane softening water treatment plant considered max recovery value depends calcium concentration present plant max recovery value determined using calculation method described section chapter,How is the maximum recovery value determined for membrane softening systems?,The maximum recovery value is determined by considering the calcium concentration in the water and using a specific calculation method outlined in the relevant design standards.,"The maximum recovery value for membrane softening systems is determined based on the desired level of water quality and the specific contaminants present in the feed stream. If the desired recovery is lower than the maximum allowable, pretreatment methods such as lime plus soda ash softening, magnesium oxide or sodium aluminate, or strong or weak acid cation exchange resin softening can be employed to reduce the concentration of silica (SiO2) or calcium (Ca2+), respectively, in the feed stream. This reduction allows for higher conversion and prevents scaling by silica. Additionally, the permeate conductivity can be adjusted by adding sodium hydroxide (NaOH) to convert residual carbon dioxide into bicarbonate, which is then rejected by the membrane. The strong acid cation exchange resin softening also removes low concentrations of iron and aluminum that could foul the membrane. The specific pretreatment and adjustments are guided by the water treatment standards and the performance requirements of the membrane softening system.","El contexto proporcionado no especifica directamente cómo se determina el valor máximo de recuperación para los sistemas de desalinización por membrana. Sin embargo, menciona que si el valor máximo de recuperación permitido es inferior al deseado, se pueden emplear diferentes métodos de pretensión para reducir la concentración de SiO2 en el flujo de alimentación, lo que permite una mayor conversión con respecto al escale por sílice. El valor máximo de recuperación generalmente se determina en función de varios factores, incluyendo la calidad del agua de entrada, las especificaciones del sistema de desalinización, las restricciones operativas y las consideraciones ambientales. Para obtener información específica sobre cómo se determina el valor máximo de recuperación, se necesitaría consultar la sección relevante del manual o los estándares técnicos aplicables, como se sugiere en el contexto con referencia a la sección 2.3.6.","La máxima recuperación permitida para sistemas de desalinización por membrana se determina en función de varios factores, incluyendo la calidad del agua de entrada, las especificaciones del sistema de membrana y las tolerancias operativas para la calidad del agua de salida. En el contexto proporcionado, si la recuperación máxima deseada es menor que la permitida, se pueden emplear métodos de pretensión como el uso de lyes magnétiques o carbonato de sodio con soda, o el intercambio de cationes por resinas de ácido fuerte o débil, para reducir la concentración de sían en la corriente de alimentación y permitir una mayor conversión con respecto al escoramiento por sílice. La permeabilidad del sistema de membrana y la conductividad del peróxido también influyen en la determinación de la recuperación máxima, ya que la adición de NaOH al agua suavizada puede convertir el dióxido de carbono residual en bicarbonato, que luego es rechazado por la membrana. Las concentraciones de hierro y aluminio, incluso en bajas cantidades, pueden causar obstrucción de la membrana, por lo que su eliminación es un factor en la determinación de la recuperación máxima. En resumen, la recuperación máxima se establece considerando la eficacia del tratamiento, la longevidad de la membrana y la calidad del agua de salida deseada. (Fuente: Contexto proporcionado)",0.7218478918075562,0.8504073619842529,0.7808716297149658
range rather absolute value temperature variation inside module responsible variation membrane performance variation typically function average temperature therefore temperature correction factor calculated average,Why is average temperature used for performance correction in RO membranes?,"Average temperature is used because membrane performance varies with temperature changes, and using the average provides a more stable and representative basis for applying the temperature correction factor.","The average temperature is used for performance correction in RO membranes because temperature variations can significantly impact the scaling potential of the system, especially when silica and bicarbonate levels in the feed water are high. By using the average temperature, it is possible to more accurately predict and compensate for these effects, ensuring better control over the system's performance. Additionally, increasing the water temperature using a heat exchanger can significantly increase the maximum allowable recovery with respect to silica scaling, up to a maximum permitted temperature of 45°C. This approach helps in maintaining optimal membrane performance and reducing membrane costs by improving the pretreatment system.","The average temperature is used for performance correction in RO membranes because temperature variations can significantly impact the scaling potential of the system, particularly when silica and bicarbonate levels in the feed water are high. By using the average temperature, it is possible to more accurately predict and compensate for these variations, thereby maintaining optimal performance. Additionally, increasing the water temperature using a heat exchanger can significantly increase the maximum allowable recovery with respect to silica scaling, up to a maximum permitted temperature of 45°C. This approach helps to mitigate the effects of temperature fluctuations and maintain the efficiency of the RO membranes.","The average temperature is used for performance correction in RO membranes because temperature variations can significantly impact the scaling potential of the system, particularly when silica and bicarbonate levels in the feed water are high. By using the average temperature, it allows for a more consistent and accurate correction of the system's performance, taking into account the temperature-dependent behavior of the membranes and the scaling tendencies. This helps in maintaining optimal operating conditions and preventing scaling, which can reduce the efficiency and lifespan of the RO membranes. Additionally, increasing the water temperature using a heat exchanger can increase the maximum allowable recovery with respect to silica scaling, up to a maximum continuous use temperature of 45°C.",0.8473315834999084,0.9096962809562683,0.8774071931838989
risk scaling due water scarcity environmental concern water reuse interest increase however waste water treated secondary treatment normally still contain high level scaling substance must removed prior ro,Why must scaling substances be removed from treated wastewater before RO?,"Even after secondary treatment, wastewater can contain high levels of scaling substances, which pose a risk of membrane scaling; thus, these must be removed to ensure effective RO performance.","Scaling substances must be removed from treated wastewater before RO (Reverse Osmosis) because their presence can lead to scaling on the RO membranes. Scaling can reduce the efficiency of the RO system, increase the frequency of cleaning and maintenance, and ultimately decrease the permeate flux. To prevent these issues and ensure optimal performance of the RO system, it is essential to control scaling by removing scaling substances prior to the RO process. This can be achieved through various methods such as media filtration, pH adjustment, and preventive membrane cleaning.","Scaling substances must be removed from treated wastewater before RO (Reverse Osmosis) because their presence can lead to scaling on the RO membrane surfaces. Scaling can reduce the efficiency of the RO system, increase the frequency of cleaning and maintenance, and ultimately decrease the permeate flux. To ensure optimal performance and longevity of the RO system, it is crucial to control scaling by removing these substances prior to the RO process. This can be achieved through various methods such as media filtration, pH adjustment, and preventive cleaning.","Scaling substances must be removed from treated wastewater before RO (Reverse Osmosis) because their presence can lead to scaling on the RO membrane surfaces. Scaling reduces the efficiency of the RO system by decreasing the permeate flux (the rate at which water passes through the membrane) and increasing the need for frequent cleaning and maintenance. This can result in higher operational costs and reduced system performance. To maintain the high permeate flux and minimize cleaning requirements, it is essential to control scaling by removing these substances before the wastewater reaches the RO elements.",0.8574419021606445,0.9002658128738403,0.8783321976661682
supersaturation cause scaling when limit solubility sparingly soluble salt exceeded sparingly soluble salt include carbonate phosphate sulfate salt normally solubility product defined saturation index calculated various way,What causes scaling due to supersaturation in RO systems?,"Scaling occurs when the solubility limit of sparingly soluble salts—such as carbonates, sulfates, or phosphates—is exceeded, leading to precipitation; this is measured using a saturation index.","Scaling in RO (Reverse Osmosis) systems due to supersaturation is caused by the presence of sparingly soluble salts in the feed stream. When these salts dissolve in water, they can reach a concentration where they exceed their solubility product (Ksp), leading to the formation of solid precipitates. Salts such as calcium fluoride (CaF2), barium sulfate (BaSO4), strontium sulfate (SrSO4), and calcium phosphate (Ca3(PO4)2) are known to create potential scaling problems. The scaling potential is influenced by factors such as the concentration of dissolved solids (e.g., SiO2), pH changes, and the overall ionic composition of the feed solution. To prevent scaling, scale inhibitors can be added to the feed stream, which helps to keep the system operating above the Ksp value and inhibits the formation of solid precipitates.","Scaling in RO (Reverse Osmosis) systems due to supersaturation is caused by the precipitation of sparingly soluble salts when their solubility product (Ksp) is exceeded. This can occur when the concentration of these salts in the concentrate stream increases, often due to the removal of water, which leaves behind a higher concentration of dissolved substances. Salts such as calcium sulfate (CaSO4), barium sulfate (BaSO4), strontium sulfate (SrSO4), and calcium phosphate (Ca3(PO4)2) are known to create scaling problems. The scaling potential is influenced by factors such as the concentration of sulfite (SO3^2-) and changes in pH. To prevent scaling, a scale inhibitor may be added to the feed stream, allowing the RO system to operate above the Ksp value while ensuring adequate inhibitor concentration as per the manufacturer's instructions.","Scaling due to supersaturation in RO (Reverse Osmosis) systems is caused by the presence of sparingly soluble salts such as SiO2 (silicon dioxide), CaF2 (calcium fluoride), BaSO4 (barium sulfate), SrSO4 (strontium sulfate), and Ca3(PO4)2 (calcium phosphate). When the concentration of these salts in the concentrate stream increases, or when the pH changes, it can lead to supersaturation. Supersaturation occurs when the ionic product of these salts exceeds their solubility product constant (Ksp), which can result in the precipitation and formation of scale on the membranes. This scaling can impair the performance of the RO system. To prevent scaling, scale inhibitors can be added to the feed stream to keep the ionic product below the Ksp value, allowing the system to operate effectively even when the concentration of sparingly soluble salts is high.",0.8200668692588806,0.8915616273880005,0.8543210625648499
scale tendency normally quantified saturation index eg lsi s&ds index stasniek index practical example lsi presented section chapter scale tendency different salt also quantified separate index practical purpose however advisable use computer program include data thermodynamic constant database,How is the scaling tendency of salts quantified?,"The scaling tendency is quantified using indices like LSI (Langelier Saturation Index) or Stasniek Index, and for practical accuracy, computer programs with thermodynamic data are recommended.","The scaling tendency of salts is quantified by comparing the ion product (IP) of the considered salt in the concentrate stream with the solubility product (Ksp) of that salt under the conditions present in the concentrate stream. If the ion product exceeds the solubility product, it indicates a potential for scaling, as the salt may precipitate out of the solution and form a scale on the surfaces within the system.","The scaling tendency of salts is quantified by comparing the ion product (IP) of the considered salt in the concentrate stream with the solubility product (Ksp) of that salt under the conditions present in the concentrate stream. If the ion product exceeds the solubility product, the salt has a higher potential for scaling. This assessment is based on the principles outlined in sections 2.4.2 to 2.4.7 and adapted from ASTM standards referenced in citations 6, 7, and 8. The scaling potential can differ between the concentrate stream and the feed solution due to variations in concentrations of ions like SiO2 and pH levels.","The scaling tendency of salts is quantified by comparing the ion product (IP) of the considered salt in the concentrate stream with the solubility product (Ksp) of that salt under the specific conditions in the concentrate stream. If the ion product exceeds the solubility product, it indicates a potential for scaling.",0.8366274833679199,0.8403758406639099,0.8384974598884583
antiscalants chemical inhibit nucleation crystal growth precipitation dissolved salt design must consider compatibility effectiveness site condition key parameter include type concentration scaling ion recovery temperature ph water property concentration antiscalant,What factors influence the effectiveness of antiscalants in RO systems?,"Effectiveness depends on the type and concentration of scaling ions, recovery rate, temperature, pH, and the compatibility and dosage of the antiscalant with site-specific water properties.","The effectiveness of antiscalants in RO (Reverse Osmosis) systems is influenced by several factors:

1. **Type of Flocculants Used**: Anionic or nonionic flocculants are preferred over cationic flocculants to minimize the risk of interference with the RO membrane.

2. **Dosage Rates**: It is essential to contact the antiscalant manufacturers to determine the appropriate dosage rates for optimal performance.

3. **Scale Inhibitor Addition**: The addition of a scale inhibitor to the feed stream, according to the manufacturer's instructions, allows the RO system to operate above the solubility product (Ksp) value, enhancing the effectiveness of antiscalants.

4. **Pretreatment System**: Improving the pretreatment system can lead to lower membrane costs and reduce the frequency of cleaning and maintenance, indirectly affecting the effectiveness of antiscalants by ensuring better overall system performance.

5. **Raw Water Contamination**: Contamination of the raw water with waste water effluent can cause serious problems in the RO plant, potentially reducing the effectiveness of antiscalants.

6. **Membrane Area and Cleaning Requirements**: The need for a larger membrane area and more frequent cleaning and maintenance when using cartridge filtration instead of RO systems can also impact the overall effectiveness of antiscalants in maintaining system efficiency.","The effectiveness of antiscalants in RO (Reverse Osmosis) systems is influenced by several factors:

1. **Type of Antiscalant**: Anionic or nonionic flocculants are preferred over cationic flocculants to minimize interference with the RO membrane.

2. **Dosage Rates**: It is crucial to contact the antiscalant manufacturers to obtain the appropriate dosage rates for optimal performance.

3. **Scale Inhibitor Addition**: The addition of a scale inhibitor to the feed stream, according to the manufacturer's instructions, allows the RO system to operate above the solubility product (Ksp) value, ensuring effective scaling prevention.

4. **Pretreatment System**: Improving the pretreatment system can lead to lower membrane costs and reduce the frequency of cleaning and maintenance, which indirectly affects the overall effectiveness of the antiscalants.

5. **Raw Water Contamination**: Contamination of the raw water with waste water effluent can cause serious problems in the RO plant, potentially reducing the effectiveness of antiscalants. 

These factors collectively determine how well antiscalants perform in RO systems.","The effectiveness of antiscalants in RO (Reverse Osmosis) systems is influenced by several factors:

1. **Type of Flocculant Used**: Anionic or nonionic flocculants are preferred over cationic flocculants to minimize interference with the RO membrane.

2. **Dosage Rates**: It is essential to contact the antiscalant manufacturers to determine the appropriate dosage rates for optimal performance.

3. **Scale Inhibitor Addition**: The addition of a scale inhibitor to the feed stream, according to the manufacturer's instructions, allows the RO system to operate above the solubility product (Ksp) value, enhancing effectiveness.

4. **Pretreatment System**: Improving the pretreatment system can lead to lower membrane costs and reduce the need for frequent cleaning and maintenance. Contamination of the raw water with waste water effluent can cause serious problems in the RO plant, impacting the effectiveness of antiscalants.

5. **Membrane Area and Cleaning Frequency**: If the water is just filtered with cartridge filtration, the RO system would require more membrane area and more frequent cleaning and maintenance compared to using a RO system with an effective antiscalant strategy.

These factors collectively determine the overall effectiveness of antiscalants in maintaining the efficiency and longevity of RO systems.",0.7965118288993835,0.8533724546432495,0.8239623308181763
phosphate base antiscalant effective calcium carbonate calcium sulfate barite celestite phosphate silicate salt low dose effective wide ph range biodegradable phosphatefree antiscalant alternative prevent specific scale type good dispersant keep particle suspended prevent fouling,What are the benefits of phosphate-based and phosphate-free antiscalants?,"Phosphate-based antiscalants are effective against a variety of scales and work over a wide pH range, while phosphate-free alternatives help prevent fouling and offer environmental benefits.","Phosphate-based antiscalants are beneficial because they are specifically needed to combat calcium phosphate scaling, which is a common issue in RO (reverse osmosis) operations due to the low solubility of calcium phosphate compounds. These antiscalants help to prevent the formation of calcium phosphate deposits, which can reduce the efficiency of the RO system and potentially cause scaling-related problems.

On the other hand, phosphate-free antiscalants offer an alternative that can be used when phosphate-based options are not suitable or when there is a need to avoid the potential hydrolysis of phosphate compounds, which can decrease scale inhibition efficiency and create a risk for calcium phosphate scaling. Phosphate-free antiscalants can be particularly useful in systems where phosphate compounds may react unfavorably or in situations where the use of phosphates is restricted. Additionally, appropriate commercial antiscalants, whether phosphate-based or phosphate-free, are available to address phosphate scaling issues effectively. It is important to consult with antiscalant manufacturers for the correct dosage rates for all types of antiscalants. Aluminum and iron phosphates, for example, are less soluble under moderately acidic conditions, which may influence the choice of antiscalant based on the specific operating conditions of the RO system.","Phosphate-based antiscalants are beneficial for phosphate scaling because they are specifically formulated to address the low solubility of calcium phosphate, which is a common cause of scaling in RO (Reverse Osmosis) operations. These antiscalants help to prevent the formation of calcium phosphate deposits, thereby maintaining the efficiency and longevity of the RO system. They are particularly effective in environments where phosphate compounds are prevalent, as indicated in Table 2.8.

On the other hand, phosphate-free antiscalants offer an alternative solution for scaling prevention, especially in situations where phosphate-based antiscalants may not be suitable or when there is a need to avoid the potential risk of creating calcium phosphate scaling through hydrolysis. Phosphate-free antiscalants can be beneficial in systems where the use of phosphate-based compounds might lead to other issues, such as compatibility with certain water treatment processes or to meet specific regulatory requirements. Additionally, they can be effective in preventing scaling caused by other compounds, such as calcium fluoride, calcium sulfate, and various metal phosphates, which are also mentioned as causes of scaling in the provided context. It is important to consult the antiscalant manufacturers for appropriate dosage rates to ensure optimal performance and scaling prevention.","Phosphate-based antiscalants are beneficial because they are specifically effective in preventing calcium phosphate scaling, which is a common issue in RO (Reverse Osmosis) operations. Calcium phosphate scaling occurs due to the low solubility of calcium phosphate compounds, and these antiscalants help to mitigate this risk. Additionally, phosphate-based antiscalants are commercially available and can be tailored to specific dosage rates.

On the other hand, phosphate-free antiscalants offer benefits in situations where phosphate ions can cause issues, such as in systems where phosphate levels are already high or where phosphate ions can interfere with the desired water quality. Phosphate-free antiscalants can prevent the formation of calcium phosphate scales without adding more phosphate to the system, which can be advantageous in maintaining the desired water composition and preventing potential scaling and fouling issues.",0.8425808548927307,0.890864372253418,0.8660501837730408
antiscalant injected continuously upstream cartridge filter avoid overdosing normally diluted solution avoid mixing different type antiscalant avoid reaction antiscalant cleaner avoid precipitation proper cleaning procedure ensure antiscalant removed cleaning procedure cleaner include surfactant active acid cleaner remove precipitated scale,Why must antiscalants be handled carefully in RO systems?,"Improper handling, such as overdosing or mixing incompatible antiscalants or cleaners, can lead to precipitation and fouling; proper dilution and cleaning procedures are essential.","Antiscalants must be handled carefully in RO systems because nearly all antiscalants are negatively charged and will react with cationic coagulants or flocculants present in the water, which can lead to interference with the RO membrane. Additionally, the exposure of water to air or oxidizing agents like chlorine throughout the RO process must be prevented to maintain system efficiency. Using anionic or nonionic flocculants instead of cationic ones can minimize the risk of direct or indirect interference with the RO membrane. Proper handling and selection of antiscalants are crucial to ensure the optimal performance and longevity of the RO system.","Antiscalants must be handled carefully in RO systems because nearly all antiscalants are negatively charged and will react with cationic coagulants or flocculants present in the water, potentially causing interference with the RO membrane. Additionally, the exposure of water to air or oxidizing agents like chlorine throughout the RO process must be prevented to avoid damaging the system. To minimize the risk of direct or indirect interference with the RO membrane, anionic or nonionic flocculants are preferred over cationic flocculants. Proper management of antiscalants is crucial to maintain high permeate flux and reduce the need for frequent cleaning and maintenance.","Antiscalants must be handled carefully in RO (Reverse Osmosis) systems because nearly all antiscalants are negatively charged and can react with cationic coagulants or flocculants present in the water, which could lead to interference with the RO membrane. Additionally, the exposure of water to air or oxidizing agents like chlorine throughout the RO process must be prevented, as it can damage the system. Proper handling of antiscalants, such as using anionic or nonionic flocculants instead of cationic ones, minimizes the risk of direct or indirect interference with the RO membrane, ensuring efficient operation and reducing the need for frequent cleaning and maintenance. For specific dosage rates, it is recommended to contact the antiscalant manufacturers.",0.8296544551849365,0.874947726726532,0.8516992926597595
colloidal fouling caused suspended colloidal matter example iron hydroxide formed oxidation iron removal process foul ro membrane pretreatment design extremely important reduce sdi index feed water suitable level several approach reduce sdi described,What causes colloidal fouling and how can it be reduced?,Colloidal fouling is caused by suspended matter like iron hydroxide from oxidation processes; it can be reduced through proper pretreatment strategies that lower the Silt Density Index (SDI).,"Colloidal fouling is often caused by an increased pressure differential across the system, which can lead to the accumulation of colloidal or organofecomplexes that are usually not removed and pass through into the product water. To reduce colloidal fouling, it is essential to consider proper pretreatment selection, system design, and operation. Additionally, other methods to prevent fouling, such as those described in previous sections, can be employed. Specifically, for fouling with colloidal and particulate iron, methods have been described in section 2.5.","Colloidal fouling is often caused by an increased pressure differential across the system, which can lead to the accumulation of colloidal or organofecomplexes that are usually not removed and pass through into the product water. To reduce colloidal fouling, it is not only important to select the proper pretreatment but also to consider the system design and operation. Other methods to prevent fouling, as mentioned in previous sections, also exist. Specifically, methods to prevent fouling with colloidal and particulate iron have been described in section 2.5. Fouling can also occur due to chemical reactions, precipitation processes, and scaling, as well as from colloidal fouling with submicron particles entering the membrane system.","Colloidal fouling is often caused by an increased pressure differential across the system, which can lead to the accumulation of colloidal or organofecomplexes in the system. These substances are usually not removed and can pass through into the product water. To reduce colloidal fouling, it is important to consider proper pretreatment selection, system design, and operation, as well as other methods that may exist beyond those described previously. Additionally, preventing fouling with metal silicates, which can occur due to chemical reactions, precipitation processes, and colloidal fouling with submicron particles, is also crucial. The methods to prevent fouling with colloidal and particulate iron have been described in a specific section, indicating that there are targeted strategies to address these issues. By addressing these factors, colloidal fouling can be effectively reduced.",0.8410638570785522,0.8681464791297913,0.854390561580658
medium filtration remove suspended colloidal particle medium filtration based deposition surface filter grain water flow bed grain filter medium quality filtrate depends size surface charge geometry suspended solid filter medium well water analysis operational parameter,How does medium filtration work to remove colloidal particles?,"Medium filtration works by depositing suspended particles on the surface of filter grains as water flows through; its effectiveness depends on particle size, surface charge, filter medium characteristics, and operational parameters.","Medium filtration works to remove colloidal particles by depositing them on the surface of filter grains as water flows through a bed of these grains. The filter media acts as a barrier that traps the suspended and colloidal particles, preventing them from passing through the filter and thus purifying the water.","Medium filtration removes suspended and colloidal particles by depositing them on the surface of filter grains as water flows through a bed of these grains. This process is based on the principle that colloidal particles are too small to pass through the pores of the filter media, so they accumulate on the surface of the filter grains, effectively being removed from the water as it passes through the filter.","Medium filtration works to remove colloidal particles by depositing them on the surface of filter grains as water flows through a bed of these grains. The filter media are designed to trap and retain the suspended and colloidal particles, allowing cleaner water to pass through while the particles are held back by the filter media. This process effectively removes colloidal particles from the water.",0.8913413286209106,0.91390061378479,0.9024800062179565
oxidation filtration used pretreatment remove iron manganese hydrogen sulfide water oxidation oxidizes contaminant form particle removed filtration eg greensand filter media,Why is oxidation-filtration used in pretreatment processes?,"Oxidation-filtration is used to remove iron, manganese, and hydrogen sulfide by oxidizing them into particles that can be captured by filtration media such as greensand.","Oxidation-filtration is used in pretreatment processes to simultaneously oxidize and remove divalent iron and manganese from water. This is achieved by using a filter media capable of oxidizing these metals through electron transfer. This method is particularly useful when the water is contaminated with biodegradable organic substances or comes from an old aquifer where oxygen has been depleted. By combining oxidation and filtration in one step, the process effectively reduces the concentration of iron and manganese, which are common contaminants that can cause water quality issues. This integrated approach simplifies the treatment process and enhances the efficiency of removing these metals from the water.","Oxidation-filtration is used in pretreatment processes to simultaneously oxidize and remove divalent iron and manganese from water. This is achieved by using a filter media capable of oxidizing these metals through electron transfer. This method is effective even when the water has low oxygen levels, which might be due to microbial consumption or the water being from an old aquifer. Oxidation-filtration is particularly beneficial because it can handle situations where oxygen is scarce and still ensure the removal of iron and manganese, which are common contaminants that can cause water quality issues. Additionally, this process can be more efficient and effective compared to other methods, such as media filtration, microfiltration, or ultrafiltration, which are typically used to remove smaller particles formed from oxidation processes.","Oxidation-filtration is used in pretreatment processes to simultaneously oxidize and remove divalent iron and manganese from water. This method is effective because it combines the oxidation of these metals, which makes them more amenable to filtration, with the filtration process itself. By using a filter media capable of oxidizing divalent iron and manganese through electron transfer, the oxidation and filtration steps are achieved in one integrated process. This is particularly useful when the water is contaminated with biodegradable organic substances or comes from an old aquifer where oxygen may be depleted. The oxidation process converts the metals into forms that can be easily filtered out, thus improving the quality of the water.",0.8643634915351868,0.9038224220275879,0.8836526870727539
inline filtration improve sdi removal injecting coagulants raw water form microflocs filtered medium filtration effective coagulants include ferric sulfate ferric chloride aluminum salt,How does inline filtration improve SDI reduction?,"Inline filtration improves SDI reduction by adding coagulants like ferric sulfate or aluminum salts to raw water, forming microflocs that are then captured during medium filtration.","Inline filtration can improve SDI (Solids Double Layer) reduction by applying a higher pressure drop through the filter vessel, which is designed for pressurization. This allows for the use of higher filter beds, smaller filter grains, or higher filtration velocities. Additionally, the addition of polyelectrolytes ahead of filtration can further enhance SDI reduction. These methods, when applied to raw waters with a specific dissolved solids index (SDI) slightly above 5, can lead to achieving an SDI of 1 with a well-designed and properly maintained MF (Multifiltration) or UF (Ultrafiltration) system. The SDI is calculated based on the rate of plugging of a 0.45 m membrane filter during a 15-minute filtration period at a constant applied gauge pressure, with volume recorded every 30 seconds.","Inline filtration can improve SDI reduction by applying polyelectrolyte addition ahead of the filtration process. Polyelectrolytes can enhance the removal of suspended particles, leading to a lower SDI (Solids Double Layer) value. Additionally, using a well-designed and properly maintained MF (Membrane Filter) or UF (Ultra-Filtration) system can also help achieve a lower SDI, as it allows for higher pressure drops, larger filter beds, smaller filter grains, or higher filtration velocities, which contribute to more effective particle removal.","Inline filtration can improve SDI reduction by applying polyelectrolyte addition ahead of filtration. This pre-filtration step enhances the removal of suspended solids, leading to a lower SDI (Solids Discharge Index) in the water being filtered.",0.8847627639770508,0.8839235305786133,0.8843429684638977
coagulants flocculants interfere membrane performance indirectly cause precipitation direct interaction membrane overdosing avoided coagulation flocculation high sdi water allow floc settle before filtration,Why must coagulants and flocculants be carefully used in RO systems?,"If not properly managed, coagulants and flocculants can precipitate or interact directly with the membrane, leading to fouling; overdosing should be avoided, especially in water with high SDI.","Coagulants and flocculants must be carefully used in RO (Reverse Osmosis) systems to minimize the risk of direct or indirect interference with the RO membrane. Anionic or nonionic flocculants are preferred over cationic flocculants to avoid such interference. Proper use of these chemicals helps maintain high permeate flux and reduces the need for frequent cleaning and maintenance. If not used correctly, coagulants and flocculants can negatively impact the performance and longevity of the RO system.","Coagulants and flocculants must be carefully used in RO systems to minimize the risk of direct or indirect interference with the RO membrane. Anionic or nonionic flocculants are preferred over cationic flocculants for this reason. If coagulants and flocculants are not used properly, they can negatively impact the performance of the RO system, leading to a need for more membrane area, frequent cleaning, and increased maintenance. Proper use of these chemicals helps maintain high permeate flux and reduces the need for cleaning, thereby ensuring the efficient operation of the RO system.","Coagulants and flocculants must be carefully used in RO (Reverse Osmosis) systems to minimize the risk of direct or indirect interference with the RO membrane. Anionic or nonionic flocculants are preferred over cationic flocculants to avoid such interference. If not properly managed, these chemicals can negatively affect the RO system's performance, leading to issues like reduced permeate flux and increased need for cleaning and maintenance. Proper use of these chemicals ensures the RO system operates efficiently with a high permeate flux and minimal cleaning requirements.",0.857691764831543,0.8913527131080627,0.874198317527771
microfiltration ultrafiltration membrane process remove suspended matter dissolved organic matter depending membrane type flow configuration affect recovery rate fouling tendency cleaning method,How do microfiltration and ultrafiltration membranes function in pretreatment?,"They remove suspended matter and, depending on membrane type, some dissolved organics; flow configuration influences recovery and fouling, while cleaning methods maintain performance.","Microfiltration and ultrafiltration membranes function in pretreatment by physically removing particles and microorganisms from a fluid stream. Microfiltration uses a membrane with an absolute pore size of less than 10 micrometers (μm) to retain larger particles, bacteria, and some viruses, while allowing water and low molecular weight solutes to pass through. Ultrafiltration, on the other hand, employs membranes with smaller pore sizes, typically ranging from 0.01 to 0.1 μm, to remove smaller particles, including proteins and other macromolecules, in addition to bacteria and viruses. These processes are effective in reducing turbidity, removing suspended solids, and preventing biofouling of membrane systems, such as those used in reverse osmosis (RO) applications. By doing so, they help in extending the lifespan of the membranes and maintaining the efficiency of the RO process.","Microfiltration and ultrafiltration membranes function in pretreatment by physically removing particles and microorganisms from fluids. Microfiltration uses membranes with absolute pore sizes of less than 10 micrometers (m), effectively separating suspended solids, bacteria, and some viruses from the fluid. Ultrafiltration, with smaller pore sizes, can remove smaller particles, including proteins and other macromolecules, as well as bacteria and viruses. These processes help in reducing the load on subsequent treatment stages and in preventing fouling and biofouling of membrane systems, such as those used in reverse osmosis (RO) processes.","Microfiltration and ultrafiltration membranes function in pretreatment by physically removing particles and microorganisms from water or other fluids. Microfiltration typically has an absolute pore size of less than 10 micrometers (µm), which allows it to effectively filter out bacteria, suspended solids, and some viruses, while retaining dissolved substances and ions. Ultrafiltration, on the other hand, has smaller pore sizes, often in the range of 1 to 10 nanometers (nm), which enables it to remove smaller particles, including proteins and high molecular weight solutes. Together, these membrane processes help to reduce fouling, improve the efficiency of subsequent treatment steps, and protect downstream systems such as reverse osmosis (RO) membranes from biofouling and other contaminants.",0.82082599401474,0.8728016018867493,0.8460162878036499
cartridge filtration safety step ro pretreatment protect membrane absolute pore size cartridge filter normally recommended prevent particle pass high pressure pump,What is the role of cartridge filtration in RO pretreatment?,It acts as a final safety barrier to protect the membrane by removing remaining suspended particles before the high-pressure pump.,"The role of cartridge filtration in RO pretreatment is to serve as a minimum pretreatment step to remove particles with an absolute pore size of less than 10 m. It is particularly recommended when there is a risk of fouling with colloidal silica or metal silicates. However, it is not intended to be the primary method for removing high amounts of filterable solids. Instead, it helps to reduce the need for larger membrane areas, less frequent cleaning, and maintenance in the RO system. For low concentrations of iron, biofiltration is a more effective pretreatment process. Cartridge filtration alone would require more extensive membrane area and maintenance if used as the sole pretreatment method.","The role of cartridge filtration in RO pretreatment is to serve as a minimum pretreatment step, with an absolute pore size of less than 10 m, to prevent fouling from colloidal silica or metal silicates. However, it is not designed to handle high amounts of filterable solids. If cartridge filtration is used, subsequent RO systems may require more membrane area and frequent cleaning and maintenance compared to using other pretreatment methods like Birm filtration, which is effective for removing iron from RO feed water. Cartridge filtration is suitable for relatively low concentrations of iron. Biofiltration, on the other hand, is a biological treatment process for reducing organic constituents that contribute to fouling or provide carbon sources for biofilm development on membrane surfaces.","The role of cartridge filtration in RO pretreatment is to remove particulates, colloidal silica, and metal silicates from the feed water. It is the suggested minimum pretreatment required for every RO system, particularly when there is a risk of fouling. However, cartridge filtration is not intended to be a major component for the removal of high amounts of filterable solids. Instead, it serves as a preliminary step to protect the RO membranes from fouling and to reduce the frequency of cleaning and maintenance required for the RO system. If cartridge filtration were not used, the RO system would need a larger membrane area and more frequent cleaning. Additionally, cartridge filtration can be part of a broader pretreatment strategy that may include biofiltration for the removal of organic constituents and iron.",0.82366943359375,0.8704787492752075,0.8464273810386658
backflushable filter lower efficiency higher biofouling risk may used upstream cartridge filter regular replacement cartridge recommended rapid pressure drop indicates pretreatment issue,When should backflushable filters be used in RO systems?,"They can be used upstream of cartridge filters, but due to their lower efficiency and biofouling risk, they should be monitored carefully; rapid pressure drop suggests a pretreatment problem.","Backflushable filters may be used upstream of the cartridge filters to protect them. However, they are generally not recommended as final safety filters in RO systems due to the risk of breakthrough. Instead, they should be used as intermediate filters before the cartridge filters to ensure the latter are not damaged by particulates or contaminants. It is important to rinse a backwashed filter to drain until the filtrate meets the specification before placing it back into service. Additionally, a cartridge filter with an absolute pore size of less than 10 micrometers is the suggested minimum pretreatment required for every RO system. Gravity and pressure filters are the two types employed, and the design should eliminate any osmotic driving force for backflow.","Backflushable filters may be used upstream of the cartridge filters to protect them. However, they are generally not recommended as final safety filters in RO systems due to the risk of breakthrough. Therefore, backflushable filters should not be used as the final safety filter in RO systems. They can be used upstream of cartridge filters to protect them from clogging or damage.","Backflushable filters may be used upstream of the cartridge filters to protect them. However, they should not be used as final safety filters due to the risk of breakthrough. Instead, they are recommended as intermediate filters to safeguard the subsequent cartridge filters. Backflushable filters should be rinsed to drain until the filtrate meets the specification before being placed back into service. The use of backflushable filters is not specifically recommended for every RO system, as cartridge microfiltration with an absolute pore size of less than 10 micrometers is suggested as the minimum pretreatment required. Gravity and pressure filters are the two types employed in RO systems, and the use of backflushable filters should not create an osmotic driving force for backflow.",0.8378540277481079,0.8900490999221802,0.8631632328033447
alternative method remove colloidal matter include lime softening strong acid cation exchange resin soften water reduce fouling tendency multivalent cation promote colloid adhesion,How does lime softening help reduce fouling in RO systems?,"Lime softening removes hardness and some metals, reducing multivalent cations that promote colloid adhesion and fouling in RO membranes.","Lime softening helps reduce fouling in RO (reverse osmosis) systems by removing hardness, low concentrations of iron and aluminum, and reducing the concentration of silica. By removing these contaminants, lime softening prevents them from accumulating on the membrane, which would otherwise lead to fouling and reduced efficiency of the RO system. Additionally, lime softening can decrease the calcium concentration, allowing for higher recovery with respect to scaling, and lowering the permeate conductivity by converting residual carbon dioxide into bicarbonate, which is then rejected by the membrane.","Lime softening helps reduce fouling in RO (Reverse Osmosis) systems by removing hardness, iron, and aluminum ions from the water. These ions can otherwise accumulate and foul the RO membrane. By using hydrated lime (calcium hydroxide) and sodium carbonate (soda ash), lime softening effectively removes carbonate hardness and noncarbonate calcium hardness. This process decreases the calcium concentration in the water, which allows for higher recovery rates and reduces the likelihood of scaling and fouling. Additionally, adding sodium hydroxide (NaOH) to the softened feed water can lower the permeate conductivity by converting residual carbon dioxide into bicarbonate, which is then rejected by the membrane, further preventing fouling.","Lime softening helps reduce fouling in RO (Reverse Osmosis) systems by removing hardness and low concentrations of iron and aluminum from the water. The process involves adding hydrated lime (calcium hydroxide) to the water, which reacts with carbonate hardness and noncarbonate calcium hardness. Additionally, sodium carbonate (soda ash) can be added to further reduce the silica concentration. By decreasing the calcium concentration in the water, lime softening allows for higher recovery rates and reduces the likelihood of scaling, which can foul the RO membrane. Furthermore, adding sodium hydroxide (NaOH) to the softened feed water can lower the permeate conductivity by converting residual carbon dioxide into bicarbonate, which is then rejected by the membrane, further preventing fouling.",0.8234354257583618,0.8767831325531006,0.8492723703384399
iron species like fe2+ fe3+ may require specific treatment smbs or antifoulants used handle low iron levels design and operation must consider fouling prevention,How is iron fouling managed in RO systems?,"Iron fouling is managed by pretreatment strategies using agents like sodium metabisulfite (SMBS) or antifoulants, especially for low iron concentrations; proper design is essential to minimize risk.","Iron fouling in RO systems is managed by using a RO system that can operate with a high permeate flux and requires almost no cleaning, especially when dealing with higher concentrations of ferrous iron. Additionally, Birm filtration has been effectively used for Fe²⁺ removal from RO feed water. Despite the aggressive nature of permeate in RO systems, operating the system after correcting the situation that caused the problem can restore the loss in specific flux over time, provided there are no other serious fouling problems.","Iron fouling in RO systems is managed by using a RO system that can operate with a high permeate flux and requires almost no cleaning. This is possible when dealing with a higher concentration of ferrous iron, which necessitates special care to avoid ferric iron fouling. Additionally, bi-membrane filtration has been effectively used for the removal of Fe² from RO feed water. If a fouling problem occurs, correcting the situation that caused the problem and operating the system can restore the loss in specific flux over time, provided there are no other serious fouling problems.","Iron fouling in RO systems is managed by ensuring that the system operates with a high permeate flux and almost no cleaning is required, particularly when dealing with a higher concentration of ferrous iron. Special care is needed to avoid ferric iron fouling. Additionally, Birm filtration has been effectively used for the removal of ferrous iron (Fe2) from RO feed water. Despite the aggressive nature of permeate RO, operating the system after correcting the situation that caused the problem can restore the loss in specific flux over time, provided there are no other serious fouling problems.",0.8501647710800171,0.8553975820541382,0.852773129940033
poor pretreatment lead frequent cleaning membrane damage system modification improving pretreatment reduce cleaning need improve membrane lifespan,What are the consequences of poor pretreatment in RO systems?,"Poor pretreatment increases the need for frequent cleaning and risks damaging membranes, whereas good pretreatment reduces maintenance and extends membrane life.","Poor pretreatment in RO systems can lead to several negative consequences. Firstly, it can result in higher membrane costs due to increased fouling and the need for more frequent cleaning or replacement of the RO membranes. Contamination of the raw water with waste water effluent can cause serious problems in the RO plant, potentially leading to system failures or reduced efficiency. Additionally, if pretreatment chemicals are not properly incorporated into the agglomerates and not removed, they can become a source of fouling themselves. This can lead to a decrease in permeate flux, requiring more frequent cleaning and maintenance. Overall, poor pretreatment can significantly impact the performance and longevity of RO systems.","Poor pretreatment in RO systems can lead to several consequences, including:

1. Increased fouling: Without proper pretreatment, contaminants in the raw water can cause the RO membranes to foul more quickly, reducing their efficiency and lifespan.

2. Higher operational costs: Fouling requires more frequent cleaning or replacement of membranes, which increases maintenance costs and downtime.

3. Reduced permeate flux: Fouling can lead to a decrease in the permeate flux, meaning the system will produce less purified water over time.

4. Potential damage to membranes: Contaminants that are not adequately removed during pretreatment can cause physical or chemical damage to the RO membranes, leading to costly repairs or replacements.

5. Increased energy consumption: A system with higher fouling levels will require more energy to maintain the desired permeate flux, leading to higher operational costs.

6. Lower system reliability: Frequent fouling and cleaning can lead to inconsistent water quality and reduced reliability of the RO system.

7. Contamination of the final product: If contaminants are not effectively removed during pretreatment, they can end up in the final permeate, posing health risks and failing to meet quality standards.","Poor pretreatment in RO systems can lead to several negative consequences. Firstly, it can cause contamination of the raw water with wastewater effluent, which can result in serious problems within the RO plant. Additionally, inadequate pretreatment can lead to higher membrane costs, as the membrane may require more frequent cleaning or replacement due to fouling. Furthermore, if pretreatment chemicals are not properly incorporated into the agglomerates or removed, they can become a source of fouling themselves. This can result in a decrease in permeate flux and an increase in the need for cleaning. In the worst-case scenario, a poor pretreatment strategy can lead to the RO system operating with a high permeate flux, but at the expense of increased cleaning requirements and potential operational inefficiencies. To avoid these issues, it is recommended to use a cartridge filter with an absolute pore size of less than 10 micrometers as a minimum pretreatment for every RO system, as better prefiltration reduces the need for membrane cleaning.",0.8326796889305115,0.8954651355743408,0.8629318475723267
selecting intake location seawater ro system critical minimize contamination deep well close shore preferred open intake placed far shore avoid pollution,Why is intake location important for seawater RO systems?,"Choosing an intake location far from pollution sources helps minimize contamination and fouling risks, ensuring better water quality and system performance.","The location of the intake for seawater RO systems is crucial because it must be situated well away from the shore and some meters below the water surface to avoid contamination and ensure the quality of the intake water. Additionally, the high salinity and osmotic pressure of seawater necessitate careful consideration of the intake location to prevent scaling and to maintain the efficiency and longevity of the system.","The location of the intake for seawater RO systems is crucial because it needs to be well away from the shore and some meters below the water surface to avoid contamination and ensure the quality of the intake water. Additionally, the high salinity and osmotic pressure of seawater limit the recovery rate of the system to typically 40 to 50%, and the intake location can impact the overall efficiency and performance of the system.","The intake location is crucial for seawater RO systems because it should be positioned well away from the shore and some meters below the water surface to avoid issues related to scaling and fouling. The high salinity and osmotic pressure of seawater can cause scaling, which is less problematic than in brackish water plants due to the natural recovery limitations. Additionally, the aggressive nature of permeate reject (RO) can lead to fouling, which can be mitigated over time by operating the system correctly after addressing the initial problem. A complete and accurate water analysis is essential before designing an RO or NF system, as the intake location will influence the system's performance and longevity.",0.8490907549858093,0.8926167488098145,0.8703098893165588
new well may release suspended matter early operation proper rinsing required iron oxide fouling common avoided selecting corrosion resistant materials,How can iron oxide fouling be prevented in new wells?,Proper rinsing of new wells and using corrosion-resistant materials help prevent iron oxide fouling in RO systems.,"Iron oxide fouling in new wells can be prevented by using submersible pumps equipped with a check valve at the pump discharge in the well. If preventing backflow into the well is not feasible, a special procedure should be implemented at startup to automatically purge the initial flow from the well to waste. Additionally, the use of antifoulants, which are certain scaling inhibitors, can help prevent iron fouling.","Iron oxide fouling can be prevented in new wells by using submersible pumps equipped with a check valve at the pump discharge in the well. If preventing backflow into the well is not possible, a special procedure should be employed upon start-up to automatically purge the initial flow from the well to waste. Additionally, the use of specific antifoulants and scaling inhibitors that can handle iron can also help prevent iron oxide fouling.","Iron oxide fouling in new wells can be prevented by using submersible pumps equipped with a check valve at the pump discharge in the well. If preventing backflow into the wells is not feasible, a special procedure should be employed upon startup to automatically purge the initial flow from the well to waste. Additionally, the use of antifoulants and scaling inhibitors can also help prevent iron oxide fouling.",0.8563980460166931,0.902499794960022,0.8788447380065918
biofouling caused microorganism attach membrane surface form biofilm enriched environment like membrane surface promote growth biofilm difficult remove affect performance,Why is biological fouling a serious issue in RO membranes?,"Microorganisms form biofilms on membrane surfaces under favorable conditions, reducing system performance and being difficult to remove once established.","Biological fouling is a serious issue in RO membranes because it can seriously affect the performance of the system, specifically causing a loss in specific flux. This means that the efficiency of the membrane in filtering water is reduced, leading to decreased productivity and potentially higher operational costs. Additionally, biological fouling can lead to the growth of microorganisms, which can thrive in the absence of chlorine, further exacerbating the problem and necessitating frequent sanitation to maintain system performance.","Biological fouling is a serious issue in RO membranes because it can seriously affect the performance of the system by causing a loss in specific flux. This means that the efficiency of the membrane in filtering water is reduced, leading to decreased productivity and potentially higher operational costs. Additionally, biological fouling can lead to the growth of microorganisms, which can further degrade the membrane's functionality unless the system is sanitized very frequently.","Biological fouling is a serious issue in RO membranes because it can seriously affect the performance of the RO system, leading to a loss in specific flux. This means that the efficiency of the membrane system decreases, impacting its overall functionality.",0.8736364841461182,0.8671855926513672,0.8703990578651428
biofouling prevention includes system design sanitization regular control microbiological activity prevent biofilm development early detection critical avoid performance decline,How is biofouling prevented in RO systems?,"Biofouling is prevented by good system design, periodic sanitization, and microbiological control, with early detection helping to maintain performance.",Biofouling in RO systems is prevented using biofiltration as a pretreatment method. Biofiltration is the biological treatment of water to reduce organic constituents that contribute directly to organic fouling or provide carbon sources for the development of biofilms on the membrane surfaces. This method has been demonstrated and advocated by several authors as a suitable approach to prevent biofouling in RO membrane systems.,Biofouling in RO (Reverse Osmosis) systems is prevented by using biofiltration as a suitable pretreatment method. Biofiltration is the biological treatment of water to reduce organic constituents that contribute directly to organic fouling or provide carbon sources for the development of biofilms on the membrane surfaces. This method has been demonstrated and advocated by several authors as an effective way to mitigate biofouling in RO systems.,"Biofouling in RO systems is prevented using biofiltration as a pretreatment method. Biofiltration is a biological treatment process that reduces organic constituents in water, which can either contribute directly to organic fouling or provide carbon sources for the development of biofilms on membrane surfaces. By treating the water biologically before it passes through the RO system, the risk of biofouling is significantly reduced, thereby maintaining the performance and efficiency of the RO system.",0.8569361567497253,0.8923950791358948,0.8743062615394592
oxidizing agent like chlorine used control microorganism may increase nutrient level breaking organics promote biofouling thus dosage and application method critical,Why can chlorine sometimes worsen biofouling in RO systems?,"Chlorine may break down organic matter into biodegradable fragments, increasing nutrient levels and potentially promoting biofouling if not managed correctly.","Chlorine can sometimes worsen biofouling in RO systems because, although it is used to retard biological fouling, the continuous addition of oxidation chemicals like chlorine can increase the nutrient level. This happens because organic substances may be broken down into smaller biodegradable fragments, which can promote the growth of microorganisms that contribute to biofouling. Additionally, if chlorine is not properly managed, it can lead to the formation of harmful by-products that can further exacerbate biofouling issues.","Chlorine can sometimes worsen biofouling in RO systems because, although it is used to retard biological fouling, the continuous addition of oxidation chemicals like chlorine can increase the nutrient level. This happens when organic substances are broken down into smaller biodegradable fragments, which can promote the growth of microorganisms and lead to biofouling problems downstream of the point of dechlorination. Additionally, improper use of other oxidizing agents such as chlorine dioxide, hydrogen peroxide, ozone, and permanganate can also damage RO membranes and contribute to biofouling.","Chlorine can sometimes worsen biofouling in RO systems because, while it is effective at killing microorganisms, it can also break down organic substances into smaller biodegradable fragments. This continuous addition of oxidation chemicals like chlorine may increase the nutrient levels, which can promote the growth of microorganisms downstream of the dechlorination point. As a result, biofouling problems become more common in these areas. Additionally, if the chlorine-resistant membrane material is not used or if the prefiltration is not effective, the need for membrane cleaning increases, potentially leading to further biofouling issues.",0.8633187413215637,0.9288502931594849,0.8948864340782166
continuous sanitization less effective than intermittent offline cleaning since mature biofilms are harder to remove preventive cleaning preferred,Why is preventive sanitization preferred over continuous chlorination?,"Preventive, intermittent cleaning is more effective because continuous chlorination may not remove mature biofilms, which are more resistant to treatment.","Preventive sanitization is preferred over continuous chlorination because continuous chlorination can lead to membrane oxidation, which is undesirable. Additionally, the continuous addition of oxidation chemicals like chlorine may increase nutrient levels due to the breakdown of organic substances into smaller biodegradable fragments. Preventive sanitization, applied offline to the pretreatment section periodically, helps avoid these issues while still maintaining the necessary sanitization of the membrane systems.","Preventive sanitization is preferred over continuous chlorination because of the risk of membrane oxidation. Continuous chlorination can increase nutrient levels in the water by breaking down organic substances into smaller, biodegradable fragments. Additionally, preventive sanitization, such as applying chlorine offline to the pretreatment section periodically, helps to prevent fouling in water intake lines, heat exchangers, and sand filters, while maintaining an effective residual chlorine concentration without the negative effects associated with continuous chlorination.","Preventive sanitization is preferred over continuous chlorination because continuous addition of oxidation chemicals like chlorine may increase the nutrient level by breaking down organic substances into smaller biodegradable fragments. Additionally, preventive sanitization, such as applying chlorine offline periodically to the pretreatment section, helps avoid the risk of membrane oxidation and potential damage to the membrane system. Continuous chlorination can lead to fouling of various components in the water treatment scheme, while preventive measures can maintain the necessary residual chlorine concentration to prevent fouling without causing excessive breakdown of organic matter.",0.8507124185562134,0.8928240537643433,0.8712596893310547
bacteria attachment reduced by modifying membrane surface fouling resistant membranes available to minimize biofilm formation and enhance system hygiene,How do fouling-resistant membranes help in RO systems?,"They reduce bacterial attachment by modifying surface properties, thereby minimizing biofilm formation and improving system cleanliness.","Fouling-resistant membranes, such as those made from polysulfone or ceramic materials, help in RO systems by reducing the need for frequent cleaning and maintenance. These membranes are resistant to biological fouling, which means they can handle contaminants like chlorine without degrading. As a result, the overall efficiency of the RO system is improved, and the operating differential pressure is maintained at optimal levels, reducing the risk of system failure and extending the lifespan of the membrane elements. Additionally, using fouling-resistant membranes can lead to lower energy consumption and operational costs.","Fouling-resistant membranes, such as those made from polysulfone or ceramic materials, help in RO (Reverse Osmosis) systems by reducing the frequency and intensity of membrane cleaning required. These membranes are resistant to biological fouling, which means they can handle contaminants like chlorine without degrading. As a result, the need for frequent cleaning and maintenance is minimized, leading to more efficient and cost-effective operation of the RO system. Additionally, when combined with effective prefiltration, the overall fouling of the RO membrane is further reduced, enhancing the system's performance and longevity.","Fouling-resistant membranes, such as those made from polysulfone or ceramic materials, help in RO (Reverse Osmosis) systems by reducing the frequency and intensity of membrane cleaning required. When these types of membranes are used, they can better withstand the addition of chlorine to the wash water, which helps to retard biological fouling. As a result, if the prefiltration is effective, there is less need for frequent and harsh cleaning of the RO membranes. This leads to improved efficiency and longevity of the RO system.",0.8349215984344482,0.8859354853630066,0.8596723675727844
biological fouling potential assessed during project design warm surface water higher risk regular monitoring microbiological activity part operational practice,Why is assessing biological fouling potential important during RO system design?,"It helps identify risks early, especially in warm surface water sources, allowing proper design and ongoing monitoring to control biofouling.","Assessing the biological fouling potential during the design phase of a Reverse Osmosis (RO) system is crucial because it allows for the appropriate selection of pretreatment processes and system design to prevent fouling. By understanding the risk of biofouling, engineers can ensure that the system operates with a high permeate flux and minimizes the need for frequent cleaning. This assessment helps in determining the frequency of sampling and analysis, which is directly related to the concentration of bacteria in the water, thereby directly impacting the biological fouling potential. Proper assessment and design considerations can lead to a more efficient and cost-effective RO system.","Assessing biological fouling potential is important during RO system design because it allows for the system to be tailored to prevent fouling effectively. By understanding the risk of biofouling, appropriate pretreatment methods, system design, and operational strategies can be implemented to ensure high permeate flux and minimize the need for cleaning. This assessment helps in selecting the right materials, designing the system to resist fouling, and establishing operational parameters that mitigate the risk of biofouling, ultimately leading to more efficient and reliable RO system performance.","Assessing the biological fouling potential during the design of an RO (Reverse Osmosis) system is important because it allows for the appropriate design and operational considerations to be made to prevent fouling. By understanding the risk of biofouling, the system can be engineered to maintain a high permeate flux with minimal cleaning requirements. Regular sampling and analysis, based on the risk of biofouling, help in monitoring the concentration of bacteria, which is directly related to the biological fouling potential of the water. This assessment ensures that the pretreatment process effectively prevents biological fouling, which is a major objective, thus ensuring the efficiency and longevity of the RO system.",0.8545499444007874,0.8930166363716125,0.8733599185943604
microbial activity measured by lab sampling or online monitoring higher colony forming units or ATP indicates higher biofouling potential and treatment need,How is microbial activity in feedwater monitored?,"It is measured through laboratory cultures or online sensors, and high values of colony forming units (CFU) or ATP levels indicate a greater risk of biofouling.","Microbial activity in feedwater is monitored through several methods. One approach involves the filtration of the water sample and the direct counting of retained microorganisms on a filter plate under a microscope. This method allows for the assessment of the microbiological activity at various stages, from the intake through subsequent treatment steps up to the concentrate stream and the permeate. Regular assessment of the microbiological activity of the feedwater is also crucial for existing plants to detect any increase in microbial activity early on. Additionally, the concentrations of microorganisms in raw water, the feed stream, and the concentrate stream are important indicators for assessing the biological fouling potential. Culture techniques, such as measuring the colony-forming units (CFU), provide a quantitative expression of the number of culturable microorganisms in a water sample, which is directly related to the biological fouling potential of the water. Care must also be taken in processes like the anoxic process to avoid oxygen leakage, as it can lead to biofilm growth and iron deposit formation.","Microbial activity in feedwater is monitored using culture techniques, where the concentration of bacteria is assessed by counting colony-forming units (CFU) in a water sample. This quantitative expression helps determine the number of culturable microorganisms present. Additionally, filtration methods are employed where water samples are filtered, and the retained microorganisms are counted directly under a microscope. Regular assessment of the microbiological activity of the feedwater is also crucial for early detection and response to any increase in microbial activity.","Microbial activity in feedwater is monitored through the regular assessment of the microbiological activity of the feed water as part of the operating discipline of an existing plant. This involves checking for any increase in microbiological activity at an early stage. Additionally, the concentrations of microorganisms in raw water, the feed stream, and the concentrate stream are measured to assess the biological fouling potential. Filtration of the water sample followed by counting the retained microorganisms on the filter plate directly under a microscope is another method used. Furthermore, culture techniques are employed where the concentration of bacteria, expressed as colony-forming units (CFU), is determined as a quantitative measure of the number of culturable microorganisms in a water sample. These methods help in understanding and managing the microbial activity in feedwater.",0.8305970430374146,0.8819432258605957,0.855500340461731
sampling points include intake clarifier filter membrane unit frequency depends source risk surface water daily recommended total bacteria count preferred method,Where and how often should microbial samples be taken in RO systems?,"Sampling should be done at key points like intake and filters, with daily checks for surface water sources; total bacteria count (TBC) is the preferred monitoring method.","Microbial samples in RO systems should be taken based on the risk of biofouling, which means the frequency of sampling and analysis will vary depending on the specific conditions and potential for microbial growth. The exact location for sampling is not specified in the provided context, but it should be done at a site where an adequate laboratory is available to perform the necessary analysis within 8 hours after sampling. The number of colony-forming units (CFU) will be used as a quantitative measure of the culturable microorganisms in the water sample.","Microbial samples in RO (Reverse Osmosis) systems should be taken based on the risk of biofouling, which means the frequency of sampling and analysis will vary depending on the specific conditions and potential for microbial growth. The exact location for sampling is not specified in the provided context, but it is implied that an adequate laboratory should be found to perform the needed analysis, and it should be done not later than 8 hours after sampling. The number of colony-forming units (CFU) should be used as a quantitative expression of the number of culturable microorganisms in the water sample.",Microbial samples should be taken at a frequency that depends on the risk of biofouling in the RO (Reverse Osmosis) system. The exact frequency is not specified in the provided context and would be determined based on the specific conditions and risk assessment of the system in question. The number of colony forming units (CFU) is used as a quantitative measure of the culturable microorganisms present in the water sample. An adequate laboratory should be found to perform the necessary analysis within 8 hours of sampling to ensure timely results and appropriate management of potential biofouling issues.,0.8374663591384888,0.8668108582496643,0.8518859148025513
culture technique useful estimate culturable microorganisms result may take days and underestimate total microbial load useful trend indicator,What are the limitations of using culture techniques for microbial monitoring?,"Culture techniques are slow and may not detect all microorganisms, but they are helpful for identifying trends in biological fouling potential over time.","The limitations of using culture techniques for microbial monitoring include that they are generally slower and less accurate compared to direct count methods. Culture techniques require the development of colonies on nutrient media, which takes time, and the interpretation of results can be more subjective. Additionally, some culture techniques necessitate water sampling, which can be less representative of the actual conditions, while others rely on online monitors that may not detect all types of microorganisms. These factors make culture techniques less favorable when rapid and precise microbial monitoring is required.","The limitations of using culture techniques for microbial monitoring include that they are slower and less accurate compared to direct count methods. Culture techniques require the development of colonies on nutrient media, which takes time, and they may not be able to detect all types of microorganisms present in the water. Additionally, some culture techniques require water sampling, which can be less representative of the water's biological fouling potential. Direct count methods, on the other hand, are preferred for their speed and accuracy.","The limitations of using culture techniques for microbial monitoring include the fact that they are generally slower and less accurate compared to direct count methods. Culture techniques require the growth of organisms on nutrient media, which can take time to develop colonies, thus delaying the results. Additionally, some culture techniques necessitate water sampling, which can be time-consuming and may not provide real-time data. These aspects make direct count methods, which are faster and more accurate, the preferred choice for microbial monitoring.",0.850645899772644,0.8850585222244263,0.8675110340118408
total bacteria count uses fluorescence microscopy count all microorganisms including non-culturable provides faster accurate microbial load assessment,Why is Total Bacteria Count (TBC) with microscopy preferred for microbial analysis?,"TBC gives a faster and more accurate measure of microbial presence, including organisms that cannot be cultured, using fluorescence staining and microscopy.","Total Bacteria Count (TBC) with microscopy is preferred for microbial analysis because direct count methods, which include microscopy, are much faster and more accurate than culture techniques. Culture techniques can take up to seven days to yield results and may only represent a small fraction of the total bacteria present in a sample. In contrast, direct count methods can provide a more immediate and comprehensive assessment of the microbial population, which is crucial for evaluating the biological fouling potential of water and ensuring the effectiveness of sanitation processes.","Total Bacteria Count (TBC) with microscopy is preferred for microbial analysis because direct count methods, which include microscopy, are much faster and more accurate than culture techniques. Culture techniques can take up to seven days to yield results and may only represent a small fraction of the total bacteria present in a sample. In contrast, microscopy allows for a quicker and more precise determination of the total bacteria count, providing a more immediate and comprehensive assessment of the microbial content in a sample.","Total Bacteria Count (TBC) with microscopy is preferred for microbial analysis because direct count methods, which include microscopy, are much faster and more accurate than culture techniques. Culture techniques can take up to seven days to yield results, and the counted colonies may only represent a small fraction of the total bacteria count. Microscopy allows for immediate observation and quantification of bacteria, providing a more efficient and reliable assessment of microbial presence.",0.8616591095924377,0.8925909996032715,0.8768523931503296
assimilable organic carbon (AOC) test measures microbial growth potential using bioassay with two pure strains high AOC indicates risk of biofouling,What does a high AOC value indicate in RO pretreatment?,"A high AOC (Assimilable Organic Carbon) value suggests a strong potential for microbial growth, indicating increased biofouling risk.","A high AOC (Ammonia, Organic Carbon, and Chloride) value in RO (Reverse Osmosis) pretreatment indicates a higher risk of biofouling and scaling. Biofouling refers to the accumulation of microorganisms and organic matter on the membrane surfaces, which can reduce the efficiency of the filtration process. Scaling, on the other hand, involves the precipitation of minerals such as calcium and magnesium, which can clog the membrane pores. High AOC values, especially when exceeding 80 gl/m³, are associated with these issues, making it crucial to implement appropriate pretreatment methods to mitigate these risks.","A high AOC (Ammoniacal Oxygen Demand) value in RO (Reverse Osmosis) pretreatment indicates the presence of significant amounts of organic matter in the water. This can lead to severe biofouling, as observed in cases where the feed water had AOC values exceeding 80 gl-29. High AOC values can cause challenges in the pretreatment process, making it difficult to remove fine particles and colloids effectively, which can ultimately impact the efficiency and performance of the RO system.","A high AOC (Ammonia, Organic Carbon, and Chloride) value in RO (Reverse Osmosis) pretreatment indicates a higher risk of biofouling and scaling. Biofouling refers to the accumulation of microorganisms and organic matter on the membrane surface, which can reduce the efficiency of the filtration process. Scaling occurs when dissolved minerals precipitate and form hard deposits on the membrane, further hindering performance. Both issues can compromise the effectiveness of the RO system and lead to increased maintenance and operational challenges. Therefore, pretreatment processes are essential to reduce AOC values and mitigate these risks.",0.8467566967010498,0.9138995409011841,0.8790478706359863
biofilm formation rate (BFR) measures ATP accumulation on surface over time high BFR correlates with biofouling in membrane systems,What does the Biofilm Formation Rate (BFR) measure and indicate?,"BFR measures the rate of biomass accumulation (via ATP) on surfaces, and higher values strongly correlate with increased biofouling in membrane systems.","The Biofilm Formation Rate (BFR) measures the rate at which biofilm is formed. It is determined using an online-operated biofilm monitor at a continuous flow rate of 0.2 ms. The BFR indicates the potential for biofouling, as an increase in the BFR suggests a higher potential for biofouling. This is because biofilms are communities of microorganisms that can adhere to surfaces and cause fouling, which can affect the performance and efficiency of various systems, such as water treatment processes. The BFR is an important parameter for assessing and controlling biofouling.","The Biofilm Formation Rate (BFR) measures the rate at which biofilm formation occurs before the biofilm formation value is determined. This measurement is conducted using an online-operated biofilm monitor at a continuous flow rate of 0.2 mL/min. The BFR indicates the potential for biofouling, as it reflects the speed at which microorganisms can form biofilms in a given environment. An increase in the BFR suggests a higher potential for biofouling.","The Biofilm Formation Rate (BFR) measures the rate at which biofilms are formed. It is determined using an online-operated biofilm monitor at a continuous flow rate of 0.2 ms. An increase in the BFR indicates an increased potential for biofouling, which is the accumulation of microorganisms, such as bacteria, on surfaces. This accumulation can lead to issues in water systems, affecting performance and potentially causing contamination. The BFR is a quantitative expression of the rate at which biofilms are developing in a given water sample.",0.850603461265564,0.8892112374305725,0.8694789409637451
bfr value above 50 pg/cm² ATP indicates severe biofouling below 20 pg/cm² ATP stable operation without frequent cleaning,What BFR values indicate biofouling severity in RO systems?,"A BFR above 50 pg/cm² ATP indicates severe biofouling, while values below 20 pg/cm² ATP suggest stable operation with minimal cleaning needs.",BFR values exceeding 100 pgcm² ATP indicate severe biofouling in RO systems.,BFR values exceeding 100 pgcm² ATP indicate severe biofouling in RO systems. BFR values of less than 1 pgcm² ATP are measured in cases of stable operation without any cleaning needs.,BFR values exceeding 100 pgcm2 atp indicate severe biofouling in RO systems.,0.908232569694519,0.8946012258529663,0.901365339756012
chlorination widely used for disinfection effectiveness depends on concentration exposure time and pH membrane materials have limited chlorine tolerance,What factors affect the effectiveness and risk of chlorination in RO systems?,"Effectiveness depends on chlorine concentration, exposure time, and pH, but membrane materials can degrade under prolonged exposure due to limited chlorine tolerance.","The effectiveness and risk of chlorination in RO (Reverse Osmosis) systems are affected by several factors:

1. Feed Water Characteristics: The rate of chlorine attack depends on various characteristics of the feed water, such as pH, temperature, and the presence of other chemicals or contaminants.

2. Dechlorination: Residual free chlorine can be reduced to harmless chlorides by using activated carbon or chemical reducing agents. The effectiveness of dechlorination methods, such as the use of sodium metabisulfite or sodium metabisulfite, can impact the overall risk of chlorine in the system.

3. Membrane Oxidation: Chlorine is not recommended for intentionally sanitizing membrane systems due to the risk of membrane oxidation. This risk necessitates the draining of feedwater prior to reaching the membranes during off-line chlorination.

4. Pretreatment: The use of a cartridge filter with an absolute pore size of less than 10 m is suggested as a minimum pretreatment for every RO system. Better prefiltration can reduce the need for RO membrane cleaning, thereby affecting the overall effectiveness and risk of chlorination.

5. Pretreatment Options: The summary of pretreatment options, as outlined in section 2.6.3 and table 2.11, provides guidance on addressing specific risks for scaling and fouling when considering chlorination in RO systems.","The effectiveness and risk of chlorination in RO (Reverse Osmosis) systems are influenced by several factors:

1. **Feed Water Characteristics**: The rate of chlorine attack depends on various characteristics of the feed water, such as pH, temperature, and the presence of organic or inorganic materials.

2. **Residual Free Chlorine Reduction**: Residual free chlorine can be reduced to harmless chlorides using activated carbon or chemical reducing agents. The effectiveness of activated carbon in dechlorinating RO feed water is significant.

3. **Membrane Oxidation Risk**: Chlorine is not recommended for intentionally sanitizing membrane systems due to the risk of membrane oxidation. During off-line chlorination, the feedwater must be drained before it reaches the membranes to prevent damage.

4. **Pre-filtration Requirements**: A cartridge filter with an absolute pore size of less than 10 m is recommended as the minimum pretreatment for every RO system. Better prefiltration reduces the need for membrane cleaning.

5. **Chlorination and Dechlorination Conditions**: The conditions for chlorination and subsequent dechlorination, such as pH and the presence of oxygen, also affect the process. For example, chlorination at a pH of 6 and with 0.5 ppm oxygen is mentioned as a specific condition.

6. **Pretreatment Options**: The summary of pretreatment options provided in Table 2.11 outlines the necessary steps when specific risks for scaling and fouling are","The effectiveness and risk of chlorination in RO (Reverse Osmosis) systems are influenced by several factors:

1. Feed Water Characteristics: The rate of chlorine attack depends on various feed water characteristics, which can affect how chlorine interacts with the water and the components of the RO system.

2. Dechlorination Methods: Residual free chlorine can be reduced to harmless chlorides using activated carbon or chemical reducing agents. The effectiveness of dechlorination methods, such as activated carbon beds, is crucial in managing the risks associated with chlorine use.

3. Membrane Oxidation Risk: Chlorine is not recommended for intentionally sanitizing membrane systems due to the risk of membrane oxidation. This necessitates the draining of feedwater prior to reaching the membranes during off-line chlorination.

4. Filtration Requirements: A cartridge filter with an absolute pore size of less than 10 m is required as a minimum pretreatment for every RO system. Effective prefiltration reduces the fouling of RO membranes, thereby reducing the need for frequent membrane cleaning.

5. Pretreatment Options: The choice of pretreatment options, including chlorination and dechlorination, is summarized in a table (Table 2.11) that outlines the options when specific risks for scaling and fouling are present. The pH and dissolved oxygen levels are also important factors to consider in pretreatment to mitigate risks.

In summary, the feed water characteristics, dechlorination methods, risk of membrane oxidation, filtration requirements, and the selection of",0.8011819124221802,0.860210657119751,0.8296476006507874
free chlorine required for disinfection but must be removed before RO membrane to avoid oxidation damage to membrane material,Why must free chlorine be removed before water reaches RO membranes?,"Free chlorine can oxidize and damage RO membrane materials, so dechlorination is necessary to protect system integrity.","Free chlorine must be removed before water reaches RO membranes because chlorine can oxidize the membrane material, leading to damage and reduced lifespan of the membranes. Additionally, oxidation is not covered under warranty, and using chlorine for sanitization is not recommended. Pretreatment to remove residual free chlorine is necessary to protect the membranes and ensure the longevity and proper functioning of the RO system.","Free chlorine must be removed before water reaches RO membranes because chlorine can oxidize and damage the membrane, which is not covered under warranty. Additionally, chlorine is not recommended for intentionally sanitizing membrane systems, and during off-line chlorination, the feedwater must be drained prior to reaching the membranes to prevent potential harm. Pretreatment to remove residual free chlorine is recommended to protect the membrane from oxidation and ensure the longevity and effectiveness of the RO system. Contamination of the raw water with waste water effluent can also cause serious problems in the RO plant, further emphasizing the importance of removing free chlorine.","Free chlorine must be removed before water reaches RO membranes because chlorine can oxidize the membranes, leading to damage that is not covered under warranty. Additionally, the presence of chlorine during pretreatment is not recommended for intentionally sanitizing membrane systems. To prevent oxidation and potential damage, Filmtec recommends removing residual free chlorine by pretreatment prior to membrane exposure. Contamination of the raw water with waste water effluent, which may also contain chlorine, can cause serious problems in the RO plant. Therefore, dechlorination is essential to ensure the longevity and proper functioning of the RO membranes.",0.8610091209411621,0.9279388189315796,0.8932219743728638
"hypochlorite solutions (NaOCl, Ca(OCl)₂) commonly used; form hypochlorous acid in water which dissociates into disinfecting species like HOCl and OCl⁻",How do hypochlorite-based disinfectants work in water treatment?,"They form hypochlorous acid (HOCl), which dissociates to active disinfecting species; these effectively inactivate microorganisms in water.","Hypochlorite-based disinfectants work in water treatment by hydrolyzing instantaneously to form hypochlorous acid (HClO) when added to water. Hypochlorous acid then dissociates into hydrogen ions (H+) and hypochlorite ions (OCl-). The hypochlorite ions are effective in killing bacteria and other pathogens by disrupting their cellular processes. Additionally, chlorine can oxidize organic compounds present in the water, further contributing to the disinfection process. Maintaining a free residual chlorine concentration of 0.51-0.70 mg/L or higher, depending on the organic content of the incoming water, helps prevent fouling of water treatment equipment such as intake lines, heat exchangers, and sand filters. Activated carbon beds can be used to dechlorinate water by reducing free chlorine and acting as a biostatic agent, ensuring that the water remains safe for consumption and use.","Hypochlorite-based disinfectants work in water treatment by hydrolyzing instantaneously in water to form hypochlorous acid (HClO). Hypochlorous acid then dissociates in water to produce hydrogen ions (H+) and hypochlorite ions (OCl-). The hypochlorite ions are effective in killing bacteria and other pathogens by disrupting their cellular processes. Additionally, chlorine can oxidize organic compounds present in the water, further aiding in the disinfection process. Maintaining a free residual chlorine concentration of 0.51 to 1.0 mg/L is recommended to prevent fouling of water intake lines, heat exchangers, and sand filters, depending on the organic content of the incoming water. Activated carbon beds can be used to dechlorinate water, removing free chlorine and acting as a biostatic agent. Sodium metabisulfite (Na2S2O5) is commonly used for this purpose, as it reduces hypochlorous acid to chloride ions (Cl-) and sulfuric acid (H2SO4), effectively removing chlorine from the water. However, if reducing agents like sodium bisulfite are present in the feed water, a higher concentration of the disinfectant (e.g., DBNPA) may be required to achieve the desired level of disinfection.","Hypochlorite-based disinfectants, such as sodium hypochlorite (NaOCl), work in water treatment by hydrolyzing instantaneously to form hypochlorous acid (HClO) when added to water. Hypochlorous acid then dissociates further into hydrogen ions (H+) and hypochlorite ions (OCl-). The hypochlorous acid is the active disinfectant that effectively kills bacteria and other pathogens in the water.

Additionally, chlorine can also react with organic compounds present in the water, which helps in the oxidation and removal of these compounds. Maintaining a free residual chlorine concentration of 0.5 to 1.0 mg/L or higher, depending on the organic content of the incoming water, is crucial for preventing fouling of water treatment equipment such as intake lines, heat exchangers, and sand filters.

In some cases, activated carbon beds are used to dechlorinate the water, using reactions involving sodium metabisulfite (Na2S2O5) and sodium bisulfite (NaHSO3), which help in reducing hypochlorous acid and removing free chlorine. However, if reducing agents like sodium bisulfite are present in the feed water, a higher concentration of the disinfectant, such as DBNPA (N,N-diethyl-meta-toluamide), may be required to ensure effective disinfection.",0.8135180473327637,0.8946901559829712,0.8521754741668701
"residual chlorine measured as free, combined, or total chlorine; free chlorine (especially HOCl) has highest germicidal efficiency",What form of chlorine provides the highest germicidal activity?,"Free chlorine, particularly hypochlorous acid (HOCl), has the highest germicidal efficiency compared to combined or total chlorine forms.","The form of chlorine that provides the highest germicidal activity is chlorine gas and the hypochlorites of sodium and calcium, specifically hypochlorous acid (HOCI). Undissociated hypochlorous acid is directly related to the germicidal efficiency of free residual chlorine.",The form of chlorine that provides the highest germicidal activity is chlorine gas and the hypochlorites of sodium and calcium.,"The form of chlorine that provides the highest germicidal activity is chlorine gas and the hypochlorites of sodium and calcium (specifically hypochlorous acid, HOCI). Undissociated hypochlorous acid is directly related to the germicidal efficiency of free residual chlorine.",0.8800251483917236,0.9005478620529175,0.8901682496070862
"combined chlorine (chloramine) forms when chlorine reacts with ammonia, less effective than free chlorine but more stable and longer lasting",What is the difference between free chlorine and combined chlorine (chloramine)?,"Free chlorine is more effective for disinfection, while combined chlorine (chloramine) is more stable and longer lasting but less potent.","Free chlorine refers to the sum of chlorine species that are available to disinfect water, including hypochlorous acid (HOCI) and hypochlorite ions (OCl-). It is the active form of chlorine that can readily react with and inactivate microorganisms. Free chlorine is effective at different pH levels, with hypochlorous acid being the more potent disinfectant at lower pH values.

Combined chlorine, on the other hand, refers to chlorine that has reacted with ammonia to form chloramines. There are two types of chloramines: monochloramine (NH2Cl) and dichloramine (NHCl2). Combined chlorine is less effective as a disinfectant compared to free chlorine and is used for maintaining residual chlorine in the water distribution system to prevent microbial regrowth. However, it does have some germicidal effects, although they are lower than those of free chlorine.

In summary, the key difference between free chlorine and combined chlorine (chloramine) is their availability and effectiveness as disinfectants. Free chlorine is the active, readily available form that can quickly inactivate microorganisms, while combined chlorine is a residual form that provides longer-lasting protection against microbial regrowth but is less effective as a disinfectant.","Free chlorine refers to the sum of chlorine species that are available to disinfect water, including both combined chlorine (chloramine) and free chlorine (hypochlorous acid, HOCl). Free chlorine is effective at killing bacteria and other pathogens. Combined chlorine, on the other hand, is formed when chlorine reacts with ammonia, resulting in chloramines (NH2Cl, NHCl2, and NCl3). While chloramines also have some disinfecting properties, they are generally less effective than free chlorine. Additionally, chloramines are more stable and persistent in water, which can be beneficial for long-term disinfection but may also lead to the formation of disinfection by-products (DBPs) that are potentially harmful. In summary, free chlorine is more effective and less stable, while combined chlorine (chloramine) is less effective but more stable and persistent.","Free chlorine, also known as free available chlorine (FAC) or free residual chlorine (FRc), is the active form of chlorine that is available to disinfect water. It exists as hypochlorous acid (HOC1) and hypochlorite ions (OCl-) and is highly effective at killing bacteria and other pathogens. Free chlorine is most effective at a pH range of 6.5 to 7.5.

Combined chlorine, on the other hand, refers to chloramines, which are formed when chlorine reacts with ammonia. There are two types of chloramines: monochloramine (NH2Cl) and dichloramine (NHCl2). Combined chlorine is less effective as a disinfectant compared to free chlorine and has a longer-lasting residual effect. It is used for prolonged disinfection and to maintain a residual level of chlorine in the water as it travels through the distribution system. However, combined chlorine can also interfere with free residual chlorine measurements and has a germicidal effect that is lower than that of free chlorine.

In summary, the main difference between free chlorine and combined chlorine is their chemical form and disinfecting effectiveness. Free chlorine is more potent and has a shorter residual effect, while combined chlorine is less potent but provides a longer-lasting residual effect.",0.8212471008300781,0.8933233618736267,0.8557702898979187
"chloramine preferred in some cases due to lower reactivity and slower decay, useful for maintaining residual in distribution systems",Why is chloramine sometimes preferred over free chlorine?,"Because it is more stable and decays slowly, chloramine is useful for maintaining a residual disinfectant level in long water distribution systems.","Chloramine is sometimes preferred over free chlorine for several reasons:

1. **Sustained Germicidal Effect**: Chloramine has a germicidal effect, although it is lower than that of free chlorine. However, it provides a more sustained level of disinfection, which can be beneficial for long-term water treatment processes.

2. **Prevention of Fouling**: In industrial water treatment schemes, maintaining a free residual chlorine concentration of 0.5 to 1.0 mg/L or higher can prevent fouling of water intake lines, heat exchangers, sand filters, etc. Chloramine helps in maintaining this level of residual chlorine, thereby preventing fouling.

3. **Interference with Free Residual Chlorine Measurements**: Both hypobromous acid and hypobromite ions interfere with free residual chlorine measurements. Chloramine includes these ions in its value, which can provide a more accurate representation of the overall disinfectant presence in the water.

4. **Formation of Chloramines**: Chloramines are formed by the reaction of chlorine with ammonia compounds present in the water. This can be advantageous in situations where ammonia is already present, as it allows for the formation of chloramines without the need for additional chlorine.

5. **Reduced Formation of Disinfection Byproducts**: Chloramine tends to produce fewer disinfection byproducts compared to free chlorine, which can be beneficial for the quality of the treated water and for reducing potential health risks associated with these byproducts.","Chloramine is sometimes preferred over free chlorine for several reasons:

1. **Sustainability**: Chloramine provides a longer-lasting residual chlorine effect, which helps in maintaining water sanitation over extended periods. This is particularly useful in water distribution systems where continuous disinfection is necessary.

2. **Reduced Corrosion**: Chloramine is less corrosive to pipes and equipment compared to free chlorine. This helps in reducing the wear and tear on water infrastructure, thereby extending the lifespan of the system.

3. **Lower Germicidal Effect**: While chloramine has a lower germicidal effect compared to free chlorine, it is still effective in controlling microbial growth. This can be advantageous in certain applications where a strong germicidal effect is not required.

4. **Interference with Measurements**: Both hypobromous acid and hypobromite ions, which are components of chloramine, interfere with free residual chlorine measurements. This can complicate the monitoring and management of free chlorine levels, making chloramine a more stable choice for consistent water treatment.

5. **Prevention of Fouling**: In industrial water treatment schemes, maintaining a free residual chlorine concentration of 0.5-1.0 mg/L or higher can prevent fouling of water intake lines, heat exchangers, sand filters, etc. Chloramine helps in achieving this by providing a stable residual chlorine concentration, thus aiding in the prevention of fouling.

Overall, chloramine is preferred in certain situations due to its","Chloramine is sometimes preferred over free chlorine as a sanitization agent because it provides a longer-lasting residual effect in the water, which can help prevent fouling of water treatment systems such as intake lines, heat exchangers, and sand filters. Additionally, chloramine has a germicidal effect, although it is lower than that of chlorine, and it can be more stable in various pH conditions. Despite the formation of chloramines potentially reducing the presence of free residual chlorine, their stability and effectiveness in maintaining water quality make them a suitable choice in certain industrial water treatment schemes.",0.861794650554657,0.8976147174835205,0.8793400526046753
total residual chlorine is the sum of free and combined chlorine; important for monitoring disinfection levels and ensuring membrane safety,What does total residual chlorine represent and why is it monitored?,"It is the combined amount of free and combined chlorine, used to track disinfectant presence and ensure RO membranes are not exposed to harmful chlorine levels.","Total residual chlorine (TRC) represents the sum of free chlorine and combined chlorine available in water. It is monitored because it indicates the overall chlorine content that is available to disinfect and maintain the microbial safety of the water. Monitoring TRC is crucial for ensuring that the water remains safe for consumption by maintaining an adequate level of chlorine to prevent the growth of harmful microorganisms. Additionally, TRC helps in assessing the effectiveness of the water treatment process and ensuring compliance with health standards.","Total residual chlorine (TRC) represents the sum of free available chlorine and combined available chlorine in water. It is monitored because it indicates the overall disinfecting power of chlorine in the water supply. Monitoring TRC is crucial for ensuring that the water remains safe for consumption by maintaining an effective level of chlorine to eliminate harmful microorganisms and prevent the growth of new ones. The presence of free available chlorine (hypochlorous acid, HOCl) is directly related to its germicidal efficiency, which is essential for the disinfection process. Regular monitoring of TRC helps in assessing the effectiveness of the water treatment process and ensuring that the water meets safety standards.","Total residual chlorine (TRC) represents the sum of free residual chlorine and combined available chlorine in water. It is monitored because it indicates the overall germicidal efficiency of chlorine in the water treatment process. Monitoring TRC is crucial for ensuring that there is sufficient chlorine present to effectively disinfect the water and protect against pathogens, while also maintaining safe levels for consumption. This is important for both the effectiveness of the water treatment process and the safety of the drinking water supply.",0.8559355735778809,0.8842926025390625,0.8698830604553223
hypochlorous acid (HOCl) germicidal efficiency depends on pH; lower pH favors more HOCl which is more effective than hypochlorite ion (OCl⁻),How does pH affect chlorine disinfection efficiency?,"At lower pH, more HOCl is present, which is more effective for disinfection than OCl⁻, making pH control important in chlorination processes.","pH significantly influences chlorine disinfection efficiency. At a pH of 7.5, only 50% of the free residual chlorine is present as hypochlorous acid (HOCl), which is the more effective disinfectant form. However, at a lower pH of 6.5, 90% of the chlorine is present as HOCl. Hypochlorous acid (HOCl) is more effective at killing microorganisms than its counterpart, hypochlorite ion (OCl-), which predominates at higher pH levels. Therefore, chlorine disinfection is more efficient at lower pH levels because a higher proportion of the chlorine is in the form of HOCl. Additionally, chlorine demand, which is the amount of chlorine that reacts with ammonia nitrogen in the water, also varies with pH, affecting the overall chlorine dosage required for effective disinfection.","pH significantly influences chlorine disinfection efficiency. At a pH of 7.5, only 50% of the chlorine is present as hypochlorous acid (HOCl), which is the more effective disinfectant form. However, at a lower pH of 6.5, 90% of the chlorine exists as HOCl. Hypochlorous acid (HOCl) is more effective at killing microorganisms than hypochlorite ion (OCl-), which predominates at higher pH levels. Therefore, chlorine disinfection is more efficient at lower pH levels, where more chlorine is available in the form of HOCl. Additionally, chlorine demand, which is the portion of chlorine that reacts with ammonia nitrogen and other substances in water, also varies with pH. At lower pH levels, there is a higher proportion of available chlorine, leading to more effective disinfection. Conversely, at higher pH levels, the proportion of available chlorine decreases, resulting in reduced disinfection efficiency.","pH significantly influences chlorine disinfection efficiency. At a pH of 7.5, only 50% of the free residual chlorine is present as hypochlorous acid (HOCl), which is the more effective disinfectant form. However, at a lower pH of 6.5, 90% of the free residual chlorine is in the form of HOCl. Hypochlorous acid (HOCl) is more effective at killing microorganisms than the hypochlorite ion (OCl^-), which predominates at higher pH levels. Therefore, chlorine disinfection is more efficient at lower pH levels, where a higher proportion of chlorine is in the form of HOCl. Additionally, chlorine demand, which is the amount of chlorine that reacts with ammonia nitrogen in a series of stepwise reactions, is also influenced by pH. These reactions involve the formation of various chloramines, which are less effective as disinfectants compared to HOCl. Thus, maintaining an optimal pH level is crucial for maximizing chlorine disinfection efficiency.",0.840851902961731,0.9029200077056885,0.8707813620567322
transition metals like iron and copper catalyze membrane degradation when chlorine is present; control of metal levels is crucial,Why is it important to control metal ions like iron in chlorinated RO feedwater?,"Transition metals catalyze chlorine-induced membrane degradation, so keeping metal levels low protects the membrane material.","It is important to control metal ions like iron in chlorinated RO feedwater because they can catalyze membrane degradation, leading to faster chlorine attack. This can result in the need for more frequent cleaning and maintenance of the RO system. Additionally, the presence of iron and other transition metals can accelerate biofilm growth and the formation of insoluble iron silicate, which can create fouling problems even at low levels of iron. Therefore, controlling metal ions like iron is crucial to maintain the efficiency and longevity of the RO system.","Control of metal ions like iron in chlorinated reverse osmosis (RO) feedwater is crucial for several reasons. Firstly, iron can catalyze membrane degradation, accelerating the deterioration of the RO membranes when chlorine is used for disinfection. This can lead to a shorter lifespan for the membranes and increased maintenance costs. Secondly, iron can contribute to fouling problems, even at low concentrations, which can reduce the permeate flux and necessitate more frequent cleaning and membrane replacement. Thirdly, the presence of iron can lead to the formation of insoluble compounds, such as iron silicate, which can clog the system and impair its efficiency. Lastly, iron can react with hydrogen sulfide to form iron sulfide, which can also cause fouling and damage to the RO system. Therefore, controlling iron and other metal ions is essential to maintain the performance and longevity of the RO system.","Control of metal ions like iron in chlorinated RO (Reverse Osmosis) feedwater is important for several reasons:

1. **Prevention of Fouling**: Iron can react with silica in the feedwater to form insoluble iron silicate. If not controlled, this can lead to fouling of the RO membranes, even at low levels of iron concentration (below 0.1 mgl). Fouling reduces the efficiency of the RO system and can lead to increased cleaning frequency and maintenance.

2. **Biofilm Growth Acceleration**: Iron reducing bacteria can oxidize iron, which accelerates biofilm growth on the membranes. Biofilms can significantly impair the performance of the RO system and may require more frequent cleaning and increased membrane area to maintain the desired permeate flux.

3. **Membrane Degradation**: Transition metals like iron, when present in the water or on the membrane surface, can catalyze the degradation of the RO membrane. Chlorine, used for disinfection, reacts faster with these metals, leading to faster membrane degradation. This necessitates more frequent replacement of membranes and increases operational costs.

4. **Operational Efficiency**: By controlling metal ions like iron, the RO system can operate with a high permeate flux and require minimal cleaning. Without proper control, the system would need more membrane area and more frequent cleaning, reducing overall efficiency and increasing operational costs.

In summary, controlling metal ions like iron in chlorinated RO feedwater is crucial to prevent fouling",0.8002331852912903,0.8836022615432739,0.8398538827896118
chlorine attack on membranes is faster at high pH and in presence of transition metals; careful control of operating conditions is necessary,What conditions accelerate chlorine damage to RO membranes?,"High pH and the presence of metals like iron or copper speed up chlorine-induced membrane degradation, so controlling these factors is essential.","Chlorine damage to RO membranes is accelerated under the following conditions:

1. Alkaline pH conditions: Chlorine attack is faster at alkaline pH than at neutral or acidic pH.
2. Presence of iron or other transition metals: Chlorine attack is faster when these metals are present in the water or on the membrane surface, as they catalyze membrane degradation.
3. Presence of other oxidizing agents: Chlorine dioxide, hydrogen peroxide, ozone, and permanganate can also damage RO membranes if not used properly.
4. Premature membrane failure: The presence of chlorine and other oxidizing agents under certain conditions can cause premature membrane failure.","Chlorine damage to RO membranes is accelerated under the following conditions:

1. Alkaline pH conditions: Chlorine attack is faster at alkaline pH than at neutral or acidic pH.
2. Presence of iron or other transition metals: These metals, whether in the water or on the membrane surface, catalyze membrane degradation.
3. Higher temperatures: Elevated temperatures can increase the rate of chlorine-induced damage.
4. Presence of organic matter: Organic compounds can react with chlorine, leading to more rapid membrane damage.
5. High chlorine concentration: Higher levels of chlorine increase the likelihood and severity of membrane damage.

These conditions collectively contribute to the accelerated degradation of RO membranes when exposed to chlorine.","Chlorine damage to RO membranes is accelerated under the following conditions:

1. Alkaline pH conditions: Chlorine attack is faster at alkaline pH than at neutral or acidic pH levels.

2. Presence of iron or other transition metals: The presence of these metals, either in the water or on the membrane surface, can catalyze membrane degradation.

3. Membrane oxidation: Chlorine is not recommended for intentionally sanitizing membrane systems due to the risk of membrane oxidation.

4. Use of other oxidizing agents: Chlorine dioxide, hydrogen peroxide, ozone, and permanganate can also damage RO membranes if not used properly.

5. Presence of organics: Under certain conditions, the presence of chlorine and other oxidizing agents can cause premature membrane failure.",0.8329459428787231,0.8855997920036316,0.8584663271903992
intentional membrane sanitization with chlorine not recommended due to oxidation risk; sanitization should occur upstream or with approved methods,Why is chlorine not recommended for direct membrane sanitization?,"Because chlorine can oxidize and damage the membranes, sanitization should be performed upstream or with non-oxidizing approved methods.","Chlorine is not recommended for direct membrane sanitization because it poses a risk of membrane oxidation, which can damage the membranes. Additionally, without chlorine present on the membranes, microorganisms can grow more easily due to an enhanced nutrient offering, unless the system is sanitized very frequently. Other oxidizing agents like chlorine dioxide, hydrogen peroxide, ozone, and permanganate can also damage membranes if not used properly. Residual free chlorine can be reduced to harmless chlorides by activated carbon or chemical reducing agents. Ozone, being a stronger oxidizing agent than chlorine, and other compounds like iodine, quaternary germicides, and phenolic compounds are also not recommended for membrane sanitization due to their potential to cause flux losses.","Chlorine is not recommended for direct membrane sanitization because it poses a risk of membrane oxidation, which can damage the membranes. Additionally, chlorine can lead to the growth of microorganisms on the membranes due to the lack of chlorine on the surface, unless the system is sanitized very frequently. Other oxidizing agents, such as chlorine dioxide, hydrogen peroxide, ozone, and permanganate, can also damage the membranes if not used properly. Residual free chlorine can be reduced to harmless chlorides using activated carbon or chemical reducing agents.","Chlorine is not recommended for direct membrane sanitization because it poses a risk of membrane oxidation, which can damage the membranes. Additionally, without chlorine present on the membranes, microorganisms can grow with an enhanced nutrient offering unless the system is sanitized very frequently. Other oxidizing agents like chlorine dioxide, hydrogen peroxide, ozone, and permanganate can also damage the membranes if not used properly.",0.8573281168937683,0.8850518465042114,0.8709694147109985
continuous chlorination followed by dechlorination may increase biofouling by breaking organics into biodegradable fragments,How can continuous chlorination increase biofouling risk?,"It can break down organics into biodegradable fragments, which serve as nutrients for microorganisms and promote biofilm formation.","Continuous chlorination can increase the risk of biofouling because the addition of oxidation chemicals like chlorine may break down organic substances into smaller biodegradable fragments. These smaller fragments can serve as nutrients for microorganisms, promoting their growth and leading to severe biofouling. Additionally, the degradation products and other ingredients in chlorination formulations may not always be completely rejected by reverse osmosis membranes, further contributing to biofouling.","Continuous chlorination can increase biofouling risk because the addition of oxidation chemicals like chlorine may break down organic substances into smaller, more biodegradable fragments. These smaller fragments can serve as nutrients for microorganisms, promoting their growth and leading to severe biofouling. Additionally, the degradation products and other ingredients in chlorination formulations may not always be completely rejected by reverse osmosis (RO) membranes, further contributing to biofouling.","Continuous chlorination can increase the biofouling risk by breaking down organic substances in the water into smaller, more biodegradable fragments. These smaller fragments can serve as nutrients for microorganisms, promoting their growth and leading to biofouling. Additionally, the degradation products and other ingredients in chlorination biocides may not be completely rejected by reverse osmosis membranes, further contributing to the risk of biofouling.",0.8647392988204956,0.9318872690200806,0.8970584869384766
intermittent chlorination or offline application preferred over continuous dosing; feedwater must be chlorine-free before entering membranes,Why is intermittent chlorination preferred for RO systems?,"Intermittent or offline chlorination reduces risk of membrane exposure, and feedwater must be fully dechlorinated before reaching RO membranes.","Intermittent chlorination is preferred for RO systems to prevent the oxidation of the RO membrane with persulfate generated from copper sulfate. Continuous chlorination can lead to the degradation of the membrane, reducing its efficiency and lifespan. By applying chlorine offline periodically, the risk of membrane oxidation is minimized, ensuring better performance and longevity of the RO system.","Intermittent chlorination is preferred for RO systems to prevent the oxidation of the RO membrane, which can be caused by continuous exposure to chlorine or other oxidizing agents. Continuous chlorination can lead to the degradation of the membrane, reducing its efficiency and lifespan. By applying chlorine offline and periodically, the risk of membrane oxidation is minimized, ensuring better performance and durability of the RO system.","Intermittent chlorination is preferred for RO systems because continuous chlorination is becoming less popular. Instead of continuous chlorination, chlorine is applied offline to the pretreatment section periodically. This method helps in preventing biological fouling, which is especially important for surface waters. Additionally, it is crucial to prevent the exposure of the water to air or any oxidizing agents like chlorine throughout the RO process. Intermittent chlorination allows for better control and minimizes the risk of oxidizing the RO membrane, which can be damaged by strong oxidizing agents like persulfate and ozone. For more detailed information, the handbook of chlorination 34 is recommended.",0.8509143590927124,0.8979984521865845,0.8738226294517517
free available chlorine includes HOCl and OCl⁻; combined chlorine forms like chloramine are less effective disinfectants,What is included in free available chlorine and how does it compare to combined chlorine?,Free available chlorine includes HOCl and OCl⁻ and is more effective as a disinfectant compared to the less potent combined chlorine forms like chloramine.,"Free available chlorine (FAC) includes the sum of chlorine species that are not bound to other compounds and are available to disinfect water, such as hypochlorous acid (HOCl) and hypochlorite ions (OCl-). It is expressed as milligrams per liter of free chlorine (mgl Cl2). Combined chlorine, on the other hand, refers to chlorine that has reacted with nitrogen-containing compounds, such as ammonia, to form chloramines (NH2Cl, NHCl2, and NCl3). These chloramines are not available to disinfect water as readily as free chlorine. Therefore, combined chlorine is considered less effective for disinfection compared to free available chlorine.","Free available chlorine (FAC) includes the sum of chlorine species that are available to disinfect water, such as hypochlorous acid (HOCl), monochloramine (NH2Cl), dichloramine (NHCl2), and trichloramine (NCl3). These species are measured in milligrams per liter of chlorine gas (mgl Cl2). Hypobromous acid and hypobromite ions are also included in the free residual chlorine value, as they can interfere with measurements.

Combined chlorine, on the other hand, refers to chlorine that has reacted with ammonia nitrogen in the water to form chloramines (NH2Cl, NHCl2, NCl3). These chloramines are not immediately available to disinfect and are considered a form of residual chlorine that has been ""combined"" with ammonia. Free available chlorine is more effective for disinfection compared to combined chlorine because it is in a form that is readily available to kill pathogens. Combined chlorine is less effective for disinfection and is generally not recommended for sanitization purposes.","Free available chlorine (FAC) includes the sum of chlorine species that are not combined with other compounds and are available to disinfect water. Specifically, it includes:

1. Free chlorine (HOCl and OCl⁻) - This is the active form of chlorine that is available to react with contaminants.
2. Combined chlorine (HOCI, NH2Cl, NHCl2, and NCl3) - These are chlorine species that have reacted with nitrogen-containing compounds like ammonia, forming chloramines.

In contrast, combined chlorine refers to chlorine that has reacted with ammonia (NH3) or other nitrogenous compounds to form chloramines (monochloramine, dichloramine, and trichloramine). These chloramines are less effective as disinfectants compared to free chlorine.

The total residual chlorine (TRC) is the sum of both free and combined chlorine, representing the overall chlorine content in the water after treatment.

In summary, free available chlorine consists of active chlorine species (HOCl and OCl⁻) that are available for disinfection, while combined chlorine consists of chloramines formed from chlorine reacting with nitrogen compounds. Free chlorine is generally more effective for disinfection compared to combined chlorine.",0.8262865543365479,0.9031587839126587,0.8630142211914062
free residual chlorine (FRC) is the portion of free chlorine remaining in water after the demand is met; important for ensuring continuous disinfection,What is free residual chlorine (FRC) and why is it important?,"FRC is the remaining disinfectant after reacting with contaminants, and it ensures ongoing microbial control in the water system.","Free residual chlorine (FRC) is the sum of free and combined available residual chlorine in water. It is important because it directly relates to the germicidal efficiency of free residual chlorine, which is crucial for preventing fouling in water intake lines, heat exchangers, sand filters, and other components in an industrial water treatment scheme. Maintaining an appropriate concentration of FRC, typically 0.51.0 mg/L or higher depending on the organic content of the incoming water, helps ensure the effectiveness of the water treatment process. Additionally, FRC can be reduced to harmless chlorides using activated carbon or chemical reducing agents, which is essential for maintaining water quality and safety.","Free residual chlorine (FRC) is the sum of free and combined available residual chlorine in water. It is important because it directly relates to the germicidal efficiency of free residual chlorine, which is crucial for preventing fouling in water intake lines, heat exchangers, sand filters, and other components in an industrial water treatment scheme. Maintaining an appropriate concentration of FRC, typically 0.51.0 mg/L or higher, helps ensure the effectiveness of the water treatment process, especially in relation to the organic content of the incoming water. Additionally, FRC can be reduced to harmless chlorides using activated carbon or chemical reducing agents, contributing to the overall safety and quality of the treated water.","Free residual chlorine (FRC) is the portion of residual chlorine that is not combined with other substances in water and is available to exert a germicidal effect. It is important because its concentration is directly related to the germicidal efficiency of chlorine in water treatment schemes. Maintaining an adequate level of FRC is crucial for preventing the fouling of water intake lines, heat exchangers, sand filters, and other components in industrial water treatment systems. FRC can be reduced to harmless chlorides by activated carbon or chemical reducing agents, ensuring the safety and effectiveness of the water treatment process.",0.8376019597053528,0.8804334402084351,0.8584837317466736
combined residual chlorine (CRC) includes less reactive chloramines; offers longer-lasting but weaker disinfection compared to free chlorine,What is combined residual chlorine (CRC)?,"CRC represents chloramines in water, which disinfect more slowly than free chlorine but persist longer in distribution systems.","Combined residual chlorine (CRC) refers to the sum of free and combined available residual chlorine. It represents the total amount of chlorine that remains in the water after a disinfection process, which includes both the chlorine that is free and the chlorine that has reacted with other substances to form combined chlorine species. This total is important for ensuring effective water treatment and maintaining water quality.","Combined residual chlorine (CRC) refers to the sum of free and combined available residual chlorine. It represents the total amount of chlorine that remains in the water after the chlorine demand has been met, contributing to the disinfection process.","Combined residual chlorine (CRC) is the sum of free and combined available residual chlorine. It represents the total amount of chlorine present in water after disinfection, which includes both the chlorine that is freely available to react with contaminants and the chlorine that is chemically bound to other substances. This combined measure is important for ensuring effective water treatment and maintaining safety standards throughout the entire pretreatment process.",0.8361926078796387,0.876380443572998,0.8558149933815002
total residual chlorine (TRC) is the sum of free and combined chlorine; key parameter for monitoring water disinfection status,What does total residual chlorine (TRC) indicate in RO pretreatment?,TRC measures the total disinfectant (free + combined) in water and helps ensure proper treatment before reaching sensitive membranes.,"Total residual chlorine (TRC) indicates the combined concentration of free residual chlorine and combined available chlorine in the water during RO pretreatment. This measurement is crucial as it reflects the overall chlorine content that can affect the pretreatment process and the subsequent performance of the reverse osmosis system. Maintaining an appropriate level of TRC is important to ensure the effectiveness of the pretreatment and to prevent potential damage to the RO membranes. Filmtec recommends maintaining a free residual chlorine concentration of 0.5-1.0 mg/L throughout the pretreatment line to ensure proper disinfection and to avoid oxidation issues that are not covered under warranty. Pretreatment chemicals like aluminum sulfate, ferric chloride, or cationic polyelectrolytes are used to coagulate fine particles, which can then be more easily removed by filtration, thus helping to control the chlorine levels and improve the overall efficiency of the RO system.","Total residual chlorine (TRC) indicates the combined concentration of free chlorine and combined chlorine in the water during the pretreatment of reverse osmosis (RO) systems. TRC is a measure of the overall chlorine content that remains in the water after the pretreatment process, which includes both the undissociated hypochlorous acid (HOCI) that contributes to the germicidal efficiency and the combined chlorine formed when chlorine reacts with organic matter or ammonia. Maintaining an appropriate level of TRC is crucial for effective water treatment and to ensure that the chlorine does not damage the RO membranes. Filmtec recommends maintaining a free residual chlorine concentration of 0.1-0.5 mg/L throughout the pretreatment line and removing residual free chlorine prior to membrane exposure to prevent membrane damage, as oxidation is not covered under warranty. Pretreatment chemicals like aluminum sulfate, ferric chloride, or cationic polyelectrolytes are used to agglomerate fine particles, which can then be removed more easily by filtration, ensuring that the chlorine levels are controlled and the water quality is suitable for RO treatment.","Total residual chlorine (TRC) indicates the combined concentration of free chlorine and combined chlorine residuals in the water after pretreatment for reverse osmosis (RO). This measure is important because it reflects the overall chlorine content that will remain in the water, which can affect the performance and longevity of the RO membranes. Maintaining an appropriate level of TRC is crucial for ensuring the effectiveness of the pretreatment process and protecting the RO system from potential damage caused by chlorine.",0.8494521379470825,0.8959677219390869,0.8720901012420654
germicidal efficiency depends primarily on HOCl concentration; HOCl is more effective than OCl⁻ in inactivating pathogens,Why is HOCl considered more effective than OCl⁻ for disinfection?,"HOCl has higher germicidal activity due to its better ability to penetrate microbial cells, especially at lower pH.","Hypochlorous acid (HOCl) is considered more effective than the hypochlorite ion (OCl⁻) for disinfection because HOCl is 100 times more effective as a disinfectant. This higher effectiveness is due to its stronger oxidizing properties, which allow it to better penetrate and disrupt the cellular structures of microorganisms, leading to more efficient disinfection. Additionally, an acidic pH is preferred during chlorination to maintain a higher fraction of undissociated HOCl, which enhances its biocidal effect.","Hypochlorous acid (HOCl) is considered more effective than the hypochlorite ion (OCl⁻) for disinfection because HOCl is 100 times more effective as a disinfectant. This higher effectiveness is due to its stronger oxidizing properties, which allow it to more efficiently disrupt the cellular structures and metabolic processes of microorganisms, leading to their inactivation or death. Additionally, HOCl is more likely to penetrate microbial cell walls, making it a more potent disinfectant compared to OCl⁻.","Hypochlorous acid (HOCl) is considered more effective than the hypochlorite ion (OCl⁻) for disinfection because HOCl is 100 times more effective as a disinfectant. This increased effectiveness is due to the greater reactivity of HOCl, which allows it to more efficiently disrupt the cellular processes of microorganisms, leading to better biocidal effects.",0.8460786938667297,0.8992046117782593,0.8718330264091492
"reaction of chlorine with organic matter can form disinfection by-products (DBPs), which are regulated due to health risks",Why is the formation of disinfection by-products (DBPs) a concern?,"DBPs can pose health risks such as carcinogenicity, so their formation from chlorine-organic reactions must be controlled and monitored.","The formation of disinfection by-products (DBPs) is a concern because they can be harmful to human health and the environment. When disinfectants like chlorine react with organic matter in the water, they can form DBPs, some of which have been linked to health issues such as cancer and reproductive problems. Additionally, DBPs can also damage water treatment infrastructure, such as membranes, due to their chemical properties. Therefore, managing the formation and concentration of DBPs is crucial for ensuring safe drinking water.","The formation of disinfection by-products (DBPs) is a concern because they can have limited effectiveness as disinfectants at low concentrations and can cause slow damage to membranes due to their equilibrium with small amounts of free chlorine. Additionally, the presence of residual reducing agents in the feed water requires a higher concentration of DBNPA, which can lead to increased formation of DBPs. These compounds are also associated with health risks, making their formation a significant concern.","The formation of disinfection by-products (DBPs) is a concern because they can be harmful to human health and the environment. DBPs are formed when disinfectants like chlorine react with natural organic matter in the water. Some DBPs, such as trihalomethanes (THMs) and haloacetic acids (HAAs), have been linked to an increased risk of cancer and other health issues. Additionally, DBPs can also cause taste and odor problems in drinking water, and they can contribute to the corrosion of water distribution systems and the degradation of pipe materials. Therefore, it is important to minimize the formation of DBPs in water treatment processes.",0.8373857140541077,0.888872504234314,0.8623613119125366
"common disinfection by-products include trihalomethanes (THMs) and haloacetic acids (HAAs), formed when chlorine reacts with natural organics",What are common disinfection by-products (DBPs) and how are they formed?,DBPs like THMs and HAAs form when chlorine reacts with natural organic matter present in water during disinfection.,"Common disinfection by-products (DBPs) are chemical compounds that form when disinfectants like chlorine react with natural organic matter, bromide, or iodide in the water. One of the most well-known DBPs is trihalomethanes (THMs), which are formed when chlorine reacts with organic matter. Another group of DBPs includes haloacetic acids (HAAs), which are formed through similar reactions. Additionally, chloramines, which are formed by adding ammonia to chlorine, can also lead to the formation of other DBPs such as N-nitrosodimethylamine (NDMA) and other nitrogen-containing compounds. These DBPs can be formed during the chlorination process, especially if there is residual reducing agent in the water, which can affect the concentration of disinfectants like DBNPA (diethylenetriaminepentaacetic acid) needed for effective disinfection. Monitoring the oxidation-reduction potential (ORP) can help in managing the formation of these by-products.","Common disinfection by-products (DBPs) are formed when disinfectants such as chlorine react with natural organic matter, bromide ions, or other substances present in the water. One of the most well-known DBPs is trihalomethanes (THMs), which are formed when chlorine reacts with organic matter in the water. Other DBPs include haloacetic acids (HAAs), bromodichloromethane, dibromochloromethane, and bromoform.

DBPs can also be formed when chlorine reacts with bromide ions present in the water, leading to the formation of brominated DBPs like bromodichloromethane and bromoform. Additionally, chloramines, which are formed by adding ammonia to chlorine, can also produce DBPs such as N-nitrosodimethylamine (NDMA) and other nitrogenous DBPs.

The formation of DBPs is influenced by various factors, including the concentration of disinfectants, the presence of organic matter and bromide ions, temperature, pH, and contact time. Reducing agents like sodium bisulfite can deactivate chlorine, which may require higher concentrations of disinfectants to achieve the desired level of disinfection, potentially leading to increased formation of DBPs. Monitoring the oxidation-reduction potential (ORP) can help in understanding the formation of chloramines and other DBPs in the water treatment process.","Common disinfection by-products (DBPs) are chemical compounds that are formed as a result of the reaction between disinfectants used in water treatment, such as chlorine, and natural organic matter or other substances present in the water. One of the most well-known DBPs is trihalomethanes (THMs), which include chloroform, bromodichloromethane, dibromochloromethane, and bromoform.

DBPs are formed when chlorine (Cl2) or chloramines (formed by adding ammonia to chlorine) react with organic and inorganic matter in the water. For example, when chlorine reacts with natural organic matter, such as humic and fulvic acids, it can form a variety of by-products, including THMs, haloacetic acids (HAAs), and other chlorinated hydrocarbons. The formation of DBPs is influenced by factors such as the concentration of chlorine, the temperature of the water, the presence of organic matter, and the pH of the water.

Another example of a common DBP is haloacetic acids (HAAs), which are formed when chlorine reacts with natural organic matter, including amino acids and peptides, in the water. HAAs are considered to be more toxic than THMs and have been linked to various health effects, such as an increased risk of cancer.

In summary, common disinfection by-products (DBPs) are formed when disinfectants, such as chlorine and chloramines, react with natural organic matter",0.8115279674530029,0.8933484554290771,0.8504748344421387
"DBP formation influenced by chlorine dose, contact time, pH, temperature, and concentration of natural organic matter",What factors affect the formation of disinfection by-products (DBPs)?,"DBP formation is influenced by chlorine dose, reaction time, water pH and temperature, and the amount of organic matter in the feedwater.","The formation of disinfection by-products (DBPs) is affected by several factors:

1. The concentration of the disinfectant, such as chlorine, in the water.
2. The duration of exposure to the disinfectant.
3. The pH level of the water.
4. The presence of residual reducing agents in the feed water, such as sodium bisulfite, which can deactivate the disinfectant and require a higher concentration of the disinfectant to be effective.
5. The continuous addition of oxidation chemicals, which can increase the nutrient level by breaking down organic substances into smaller biodegradable fragments, potentially leading to more DBP formation.
6. The equilibrium with small amounts of free chlorine, which can slowly damage the membrane and affect the overall disinfection process.","The formation of disinfection by-products (DBPs) is affected by several factors:

1. The concentration of the disinfectant used, such as chlorine, is crucial. Higher concentrations can lead to more DBP formation.

2. The duration of exposure to the disinfectant also plays a role. Longer contact times can increase the likelihood of DBP formation.

3. The pH level of the water influences the types and amounts of DBPs that form. Different pH levels can lead to different DBP profiles.

4. The presence of organic substances in the water can contribute to DBP formation, as they may be broken down into smaller, biodegradable fragments by the disinfectant.

5. The use of reducing agents, such as sodium bisulfite, can deactivate disinfectants like DBNPA, necessitating higher concentrations of the disinfectant to achieve the desired level of water treatment, potentially leading to more DBP formation.

6. The equilibrium with small amounts of free chlorine can also affect the formation of DBPs, as chlorine can slowly damage the membrane and contribute to DBP formation.

7. The cost-effectiveness and availability of alternative chemical reducing agents, such as sulfur dioxide, can influence the choice of disinfectants and the subsequent formation of DBPs.","The formation of disinfection by-products (DBPs) is affected by several factors:

1. **Concentration of DBNPA**: A higher concentration of DBNPA is required if there is residual reducing agent, such as sodium bisulfite, in the feed water.

2. **Addition of Oxidation Chemicals**: The continuous addition of oxidation chemicals like chlorine can increase the nutrient level because organic substances may be broken down into smaller biodegradable fragments.

3. **Effectiveness of Chlorine**: The effectiveness of chlorine as a disinfectant is dependent on its concentration, the time of exposure, and the pH of the water.

4. **Exposure to Membrane**: The feed water's exposure to the membrane can also affect DBP formation.

5. **Presence of Other Chemical Reducing Agents**: Other chemical reducing agents, such as sulfur dioxide, can interact with chlorine, though they are not as cost-effective as sodium bisulfite (SNaHSO3).",0.8107624053955078,0.8990802764892578,0.8526403903961182
RO membranes sensitive to oxidation; even short exposure to free chlorine can degrade membrane polymer structure,Why must RO membranes be protected from oxidation?,"RO membranes are highly sensitive to oxidants like chlorine, which can quickly degrade their polymer structure and shorten lifespan.","RO membranes must be protected from oxidation because oxidation can cause damage to the membranes, reducing their effectiveness and lifespan. Oxidizing agents such as chlorine dioxide, hydrogen peroxide, ozone, and permanganate can damage the membranes if not used properly. Additionally, the presence of iron and heavy metals like cobalt and copper can make the membranes more susceptible to oxidation damage. Dechlorination upstream of the membranes is required to protect them from oxidation. An activated carbon bed is effective in dechlorinating RO feed water, which helps in protecting the membranes from oxidation damage.","RO membranes must be protected from oxidation because oxidation can cause damage to the membrane structure, reducing its efficiency and lifespan. Oxidizing agents such as chlorine dioxide, hydrogen peroxide, ozone, and permanganate can degrade the membrane material if not used properly. Additionally, the presence of heavy metals like cobalt (Co) and copper (Cu) can lead to the formation of residual substances that partially convert to oxidants under excessive oxygen, further increasing the susceptibility of the membrane to oxidation damage. Dechlorination upstream of the membranes is necessary to prevent such oxidation and protect the integrity of the RO membranes.","RO membranes must be protected from oxidation because oxidation can cause damage to the membrane structure, making it more susceptible to further degradation. This can lead to reduced efficiency and shorter lifespan of the membranes. Oxidizing agents such as chlorine dioxide, hydrogen peroxide, ozone, and permanganate can also damage the membranes if not used properly. Additionally, the presence of iron and heavy metals like cobalt and copper can increase the susceptibility of the membranes to oxidation damage. Dechlorination is required upstream to protect the membranes from these oxidative effects. An activated carbon bed is effective in removing free chlorine, which is a common oxidizing agent, thus helping to safeguard the RO membranes.",0.8578546643257141,0.912595808506012,0.884378969669342
dechlorination typically done using sodium bisulfite (SBS) to remove residual chlorine before membrane; proper dosage and mixing required,How is dechlorination performed before RO membranes?,"Dechlorination is commonly achieved with sodium bisulfite (SBS), which neutralizes residual chlorine before it reaches the membrane, protecting it from damage.",Dechlorination before RO membranes is typically performed using an activated carbon bed. This process involves the reaction of chlorine with water and other chemicals to remove free chlorine and prevent oxidation of the membrane. Commonly used chemicals for this purpose include sodium metabisulfite (SMBS) and sodium bisulfite (SBS). This step is crucial to protect the RO membranes from damage and ensure their proper functioning.,"Dechlorination before RO membranes is typically performed using an activated carbon bed. This process involves passing the feed water through the carbon bed, which effectively removes free chlorine through a chemical reaction. The reaction involves chlorine (Cl2) reacting with water (H2O) to form hydrochloric acid (HCl), carbon dioxide (CO2), and sodium metabisulfite (Sodium Metabisulfite). This method is commonly used to prevent oxidation of the RO membranes and to protect them from biofouling issues downstream of the dechlorination point.","Dechlorination before RO membranes is typically performed using an activated carbon bed. This process involves the reaction of chlorine with water, producing hydrochloric acid (HCl), carbon dioxide (CO2), and other byproducts. Commonly used chemicals for this purpose include sodium metabisulfite (SMBS) and sodium bisulfite (SBS). These chemicals react with chlorine, effectively removing it from the feedwater and preventing oxidation of the RO membranes. This step is crucial to protect the integrity and performance of the membranes in the reverse osmosis process.",0.8637254238128662,0.9123368859291077,0.8873659372329712
monitoring oxidation-reduction potential (ORP) helps ensure chlorine has been removed prior to RO membrane system,Why is ORP monitoring used in RO systems?,"ORP monitoring confirms the absence of residual oxidants like chlorine, ensuring the feedwater is safe for contact with sensitive RO membranes.","ORP (oxidation-reduction potential) monitoring is used in RO (reverse osmosis) systems to detect the absence of chlorine, which can adversely affect the performance of the RO or NF (nanofiltration) systems. Chlorine can cause membrane fouling and degradation, leading to reduced efficiency and shorter membrane lifespan. By monitoring ORP, operators can ensure that the water being fed into the RO system is free from chlorine, thereby maintaining optimal system performance and preventing potential damage to the membranes.","ORP (oxidation-reduction potential) monitoring is used in RO (reverse osmosis) systems to detect the absence of chlorine, which can adversely affect the performance of the RO or NF (nanofiltration) systems. Chlorine can lead to membrane fouling and degradation, reducing the efficiency and lifespan of the RO/NF membranes. By monitoring ORP, operators can ensure that the water being fed into the RO system is free from chlorine, thereby maintaining optimal system performance and preventing potential damage to the membranes.","ORP (oxidation-reduction potential) monitoring is used in RO (reverse osmosis) systems to detect the absence of chlorine, which can adversely affect the performance of RO or NF (nanofiltration) systems. Chlorine can cause damage to the membranes and reduce the efficiency of the water treatment process. By monitoring ORP, operators can ensure that the water quality remains suitable for effective RO/NF operation.",0.8493050932884216,0.8978722095489502,0.8729135990142822
ORP values below 200 mV typically indicate absence of free chlorine; used as control parameter before RO membranes,What ORP value suggests the absence of free chlorine in RO feedwater?,An ORP below 200 mV generally indicates that free chlorine has been removed and the water is safe for RO membranes.,The ORP (Oxidation-Reduction Potential) value that suggests the absence of free chlorine in RO feedwater is typically around +200 mV or higher. This value indicates that the water has been effectively dechlorinated and free chlorine has been reduced to harmless chlorides.,The ORP (Oxidation-Reduction Potential) value that suggests the absence of free chlorine in RO feedwater is typically around +200 mV to +300 mV. This range indicates that the water has been effectively dechlorinated and there are no free chlorine residuals present.,"The absence of free chlorine in RO feedwater is suggested by an ORP (Oxidation-Reduction Potential) value that is typically below 450 mV. An ORP value below this threshold indicates that there is no significant residual free chlorine present, which is important for preventing damage to the RO membranes and ensuring optimal performance of the water treatment process.",0.8722563982009888,0.9137231707572937,0.8925084471702576
"chlorination chemistry involves formation of HOCl from chlorine gas, sodium hypochlorite or calcium hypochlorite in water",How is hypochlorous acid (HOCl) formed during chlorination?,"HOCl is formed when chlorine gas, sodium hypochlorite, or calcium hypochlorite dissolve in water and undergo hydrolysis.","Hypochlorous acid (HOCl) is formed during chlorination when chlorine (Cl2) is added to water. The chlorine reacts with water (H2O) to dissociate and produce HOCl and hypochlorite ions (OCl-). The reaction can be represented as follows:

Cl2 + H2O → HOCl + H+ + OCl- 

This process is favored by an acidic pH, which enhances the biocidal effect of chlorination. Hypochlorous acid is a strong disinfectant and is responsible for the oxidation of contaminants in the water.","Hypochlorous acid (HOCl) is formed during chlorination when chlorine (Cl2) is added to water. The chlorine reacts with water (H2O) to dissociate and produce HOCl and hypochlorite ions (OCl-). The reaction can be represented as follows:

Cl2 + H2O → HOCl + H+ + OCl- 

This process is favored by an acidic pH, which enhances the biocidal effect of chlorination. Hypochlorous acid is a strong oxidizing agent and is responsible for the disinfecting properties of chlorine in water treatment.","Hypochlorous acid (HOCl) is formed during chlorination when chlorine gas (Cl2) is added to water. The chlorine reacts with the water to dissociate into hydrogen ions (H+) and hypochlorite ions (OCl-). This dissociation process can be represented by the chemical equation:

Cl2 + H2O → HOCl + H+ + OCl-

Hypochlorous acid is a strong oxidizing agent and is effective in disinfecting water by reacting with and destroying microorganisms. The presence of free residual chlorine, which includes hypochlorous acid, is important for maintaining water quality and ensuring the biocidal effects of chlorination.",0.827389657497406,0.8825873732566833,0.8540976643562317
"HOCl dissociates into hydrogen ion and hypochlorite ion; equilibrium depends on pH, affecting disinfectant strength",Why does pH affect chlorination efficiency?,"At higher pH, more HOCl dissociates into OCl⁻, which is less effective as a disinfectant; thus, lower pH improves disinfection efficacy.","The pH affects chlorination efficiency because the chlorine species present and their reactivity with contaminants in the water change with pH levels. At a pH of 7.5, only 50% of the free residual chlorine is present as hypochlorous acid (HOCl), which is the more effective disinfectant. However, at a pH of 6.5, 90% of the chlorine is present as HOCl. Hypochlorous acid is more effective at lower pH levels because it is a stronger oxidizing agent compared to its counterpart, hypochlorite ion (OCl-), which predominates at higher pH levels. Additionally, the chlorine demand, which is the amount of chlorine that reacts with ammonia nitrogen and other substances in the water, is also influenced by pH. The reactions between chlorine and nitrogen compounds, as well as the presence of transition metals that catalyze membrane degradation, are governed by pH and the chlorine-to-nitrogen weight ratio. Therefore, maintaining an optimal pH is crucial for maximizing chlorination efficiency and preventing biofouling.","The pH affects chlorination efficiency because the disinfection process involves a series of stepwise reactions between chlorine and nitrogenous compounds in the water, which are governed primarily by the pH level. At different pH levels, the form and reactivity of chlorine and its compounds change. For instance, at a pH of 7.5, only 50% of the chlorine is present as hypochlorous acid (HOCl), while at a pH of 6.5, 90% is present as HOCl. Hypochlorous acid (HOCl) is a more effective disinfectant compared to its counterpart, hypochlorite ion (OCl-), because HOCl is a stronger oxidizing agent and more readily penetrates microbial cell walls. Therefore, the efficiency of chlorination is higher at lower pH levels where more HOCl is available. Additionally, the presence of metals and organic matter can further influence the effectiveness of chlorination, with alkaline conditions accelerating chlorine attack and reducing agents requiring higher concentrations of disinfectants like DBNPA (diethylenetriaminepentaacetic acid).","pH affects chlorination efficiency because the chemical reactions between chlorine and other substances in the water are pH-dependent. At a pH of 7.5, only 50% of the free residual chlorine is present as hypochlorous acid (HOCI), which is the more effective disinfectant form of chlorine. However, at a lower pH of 6.5, 90% of the chlorine is present as HOCI. Hypochlorous acid is more effective at killing bacteria and other pathogens than the hypochlorite ion (OCl-), which predominates at higher pH levels. Additionally, the presence of ammonia nitrogen and other nitrogenous compounds in the water can lead to the formation of combined available chlorine (e.g., monochloramine, dichloramine, trichloramine) through a series of stepwise reactions. The rate and extent of these reactions are also influenced by pH, as well as the chlorine-to-nitrogen weight ratio. Therefore, maintaining an optimal pH is crucial for maximizing chlorination efficiency and ensuring effective disinfection.",0.8197895288467407,0.8885113000869751,0.8527681231498718
free available chlorine includes both HOCl and OCl⁻; only HOCl has strong germicidal properties,What species make up free available chlorine and which is more effective?,"Free chlorine includes HOCl and OCl⁻, but HOCl is significantly more effective in killing microorganisms.","Free available chlorine is composed of hypochlorous acid (HOCI) and hypochlorite ions (OCl⁻). At a pH of 7.5, 40 mg/L of total dissolved solids (TDS) results in only 50% of free residual chlorine being present as hypochlorous acid (HOCI), while at a pH of 6.5, 90% is present as HOCI. Hypochlorous acid (HOCI) is more effective as a disinfectant compared to hypochlorite ions (OCl⁻).","Free available chlorine is made up of hypochlorous acid (HOCl) and hypochlorite ions (OCl⁻). Hypochlorous acid (HOCl) is more effective as a disinfectant compared to hypochlorite ions (OCl⁻). This is because HOCl is a stronger oxidizing agent and more readily penetrates microbial cell walls, making it more efficient in killing bacteria and other pathogens.","Free available chlorine is composed of hypochlorous acid (HOCl) and the hypochlorite ion (OCl^-). Among these, hypochlorous acid (HOCl) is more effective as a disinfectant. This is because HOCl is a stronger oxidizing agent compared to the hypochlorite ion (OCl^-), making it more efficient in killing bacteria and other pathogens.",0.851999819278717,0.9176604151725769,0.8836120367050171
combined chlorine formed when chlorine reacts with ammonia or nitrogen compounds; less effective but more stable than free chlorine,How is combined chlorine formed and how does it compare to free chlorine?,Combined chlorine results from chlorine reacting with ammonia or nitrogen compounds; it is less effective as a disinfectant but remains active longer in distribution systems.,"Combined chlorine, also known as chloramines, is formed through the reaction of chlorine with ammonia compounds present in the water. This reaction occurs in a series of stepwise reactions, primarily governed by pH and the chlorine-to-nitrogen weight ratio. The reactions involve the formation of hypobromous acid and hypobromite ions, which interfere with free residual chlorine measurements and are included in the free residual chlorine value.

In contrast, free chlorine refers to the chlorine that is not combined with ammonia and is available to disinfect water. Free chlorine exists in various forms, such as hypochlorous acid (HOCl) and hypochlorite ions (OCl-), depending on the pH of the water. At a pH of 7.5, only 50% of the free residual chlorine is present as HOCl, while at a pH of 6.5, 90% is present as HOCl.

Combined chlorine, or chloramines, is generally not recommended for sanitization because it is less effective as a disinfectant compared to free chlorine. However, it is possible that free chlorine may still be present in water treated with combined chlorine. A free residual chlorine concentration of 0.5-1.0 mg/L should be maintained throughout the entire pretreatment line to ensure effective disinfection.","Combined chlorine, also known as chloramines, is formed through the reaction of chlorine with ammonia compounds present in the water. When chlorine is added to water, it reacts with ammonia to form a series of compounds, including monochloramine (NH2Cl), dichloramine (NHCl2), and trichloramine (NCl3). These reactions are influenced by the pH level and the chlorine-to-nitrogen weight ratio.

In comparison to free chlorine, which exists in the form of hypochlorous acid (HOCl) and hypochlorite ions (OCl-), combined chlorine is less effective as a disinfectant. Free chlorine is a stronger disinfectant and is more effective at killing bacteria and other pathogens. However, combined chlorine, or chloramines, is more stable and persistent in the water distribution system, which can lead to longer-lasting disinfection but may also contribute to the formation of disinfection by-products.

It is generally not recommended to use combined chlorine as a sanitization agent because it can interfere with free residual chlorine measurements and may not provide the same level of disinfection as free chlorine. A free residual chlorine concentration of 0.5 to 1.0 mg/L should be maintained throughout the entire pretreatment line to ensure effective disinfection.","Combined chlorine is formed from the reaction of chlorine with ammonia compounds present in the water. This process involves a series of stepwise reactions, which are primarily governed by pH and the chlorine-to-nitrogen weight ratio. The reactions can be summarized as follows:

1. HOCl + NH3 → NH2Cl + H2O (Monochloramine)
2. NH2Cl + HOCl → NHCl2 + H2O (Dichloramine)
3. NHCl2 + HOCl → NCl3 + H2O (Trichloramine)

In these reactions, hypobromous acid (HOBr) and hypobromite ions (OBr-) can also interfere with free residual chlorine measurements and are included in the free residual chlorine value.

Free chlorine refers to the sum of free and combined available chlorine, which can include hypochlorous acid (HOCl) and hypochlorite ions (OCl-). Free chlorine is more effective at disinfecting water because it is a stronger oxidizing agent compared to combined chlorine.

In summary, combined chlorine is formed through a series of reactions between chlorine and ammonia, resulting in chloramines (monochloramine, dichloramine, and trichloramine). Free chlorine, on the other hand, includes both free and combined chlorine, with hypochlorous acid being the more effective disinfectant. Maintaining a proper balance between free and combined chlorine is crucial for effective water treatment.",0.7912497520446777,0.8891251087188721,0.8373369574546814
"combined residual chlorine (CRC) includes mono-, di-, and trichloramines; these are weaker disinfectants compared to free chlorine",What forms make up combined residual chlorine (CRC)?,"CRC includes chloramine species like mono-, di-, and trichloramines, which are weaker disinfectants than free chlorine.","Combined residual chlorine (CRC) is made up of free chlorine and chloramines. These forms result from the reaction of chlorine with organic matter in the water. Free chlorine includes hypochlorous acid (HOCl) and hypochlorite ions (OCl-), while chloramines are formed when chlorine reacts with ammonia or organic nitrogen compounds present in the water.","Combined residual chlorine (CRC) is composed of free chlorine and chloramines. Free chlorine includes hypochlorous acid (HOCl) and hypochlorite ions (OCl^-), while chloramines are formed when free chlorine reacts with ammonia or organic nitrogen compounds in the water, resulting in compounds such as monochloramine (NH2Cl), dichloramine (NHCl2), and trichloramine (NCl3). These forms collectively make up the CRC in water treatment processes.","Combined residual chlorine (CRC) is made up of free residual chlorine and total chlorine that is not available for disinfection. This includes hypobromous acid (HOBr) and hypobromite ions (OBr⁻), which are both forms of free residual chlorine. Additionally, any chlorine that has been converted to non-available chlorine due to changes in pH or other factors is also part of CRC. Essentially, CRC is the sum of all chlorine species that are present in the water but not in a form that can readily disinfect.",0.8260884284973145,0.8541065454483032,0.8398638963699341
total residual chlorine (TRC) is the sum of free and combined chlorine; critical for monitoring water disinfection in treatment systems,Why is total residual chlorine (TRC) important in water treatment?,"TRC provides a full picture of disinfectant levels (both free and combined), helping ensure effective and safe disinfection practices.","Total residual chlorine (TRC) is important in water treatment because it represents the sum of free and combined available chlorine, which is crucial for maintaining the germicidal efficiency of the water. TRC ensures that there is sufficient chlorine present to effectively disinfect the water by killing or inhibiting the growth of harmful microorganisms. This is essential for producing safe, potable water and preventing the spread of waterborne diseases. Additionally, maintaining an appropriate level of TRC helps in preventing fouling of water treatment equipment, such as intake lines, heat exchangers, and sand filters, thereby ensuring the smooth operation of the water treatment process.","Total residual chlorine (TRC) is important in water treatment because it represents the sum of free and combined available chlorine, which ensures the germicidal efficiency of the water treatment process. The presence of free residual chlorine is crucial for maintaining the disinfection of water, as it directly relates to the concentration of undissociated hypochlorous acid (HOCI), which is more effective at killing microorganisms. Additionally, maintaining an adequate level of TRC helps prevent fouling in various components of the water treatment system, such as water intake lines, heat exchangers, and sand filters. TRC also plays a role in the oxidation of organic compounds present in the water, contributing to the overall quality and safety of the treated water. Therefore, monitoring and maintaining the appropriate levels of TRC is essential for effective water treatment and ensuring the safety of potable water.","Total residual chlorine (TRC) is important in water treatment because it represents the sum of free and combined available chlorine, indicating the overall germicidal efficiency of the treatment process. TRC ensures that there is sufficient chlorine present to effectively disinfect the water, protecting against harmful microorganisms and maintaining water quality. Additionally, maintaining an appropriate TRC level helps prevent fouling in various components of the water treatment system, such as intake lines and heat exchangers, by keeping a free residual chlorine concentration high enough to combat organic content in the incoming water. TRC also allows for the monitoring and management of chlorine consumption due to the oxidation of organic compounds and enables the use of activated carbon or chemical reducing agents for dechlorination when necessary, ensuring that the treated water remains safe and potable with a residual chlorine concentration near 0.5 mg/L.",0.8196089267730713,0.8738325834274292,0.8458526730537415
HOCl is most effective chlorine species for disinfection; its dominance depends on pH—optimal below 7.5,Why is HOCl considered the most effective chlorine species?,"HOCl penetrates microbial cells more efficiently, and its proportion is highest at lower pH levels, typically below 7.5.","HOCl, or hypochlorous acid, is considered the most effective chlorine species for several reasons:

1. Germicidal Efficiency: The germicidal efficiency of free residual chlorine, which includes HOCl, is directly related to the concentration of undissociated HOCl. This means that the higher the concentration of HOCl, the more effective it is at killing microorganisms.

2. pH Dependency: The proportion of HOCl present in water is highly dependent on the pH level. At a pH of 7.5, only 50% of the free residual chlorine is present as HOCl, but at a pH of 6.5, 90% is present as HOCl. This indicates that maintaining a lower pH can increase the concentration of the more effective HOCl.

3. Reaction Speed: HOCl reacts faster with microorganisms, especially at higher temperatures and in the presence of heavy metals like iron. This increased reactivity makes HOCl more effective in disinfecting water and other solutions.

4. Biocide in Seawater: In chlorinated seawater, HOCl is the predominant biocide, suggesting its superior effectiveness in such environments compared to other chlorine species like OCl⁻ (hypochlorite ion).

5. Dechlorination: HOCl can be reduced to harmless chlorides by activated carbon or chemical reducing agents, indicating its potential for controlled use and dechlorination, which is important for applications like RO (reverse osmosis) feed","HOCl, or hypochlorous acid, is considered the most effective chlorine species because it is the predominant form of free residual chlorine at lower pH levels, such as pH 6.5, where it accounts for a higher percentage (90%) of free residual chlorine compared to higher pH levels like pH 7.5, where only 50% is present as HOCl. The germicidal efficiency of HOCl is directly related to its concentration, making it a more potent disinfectant. Additionally, HOCl's chlorine attack is faster at higher temperatures and in the presence of heavy metals, further enhancing its effectiveness as a biocide. These properties make HOCl a more effective chlorine species for disinfection purposes.","HOCl, or hypochlorous acid, is considered the most effective chlorine species for several reasons:

1. Germicidal Efficiency: The germicidal efficiency of free residual chlorine is directly related to the concentration of undissociated HOCl. HOCl is a stronger oxidizing agent compared to other chlorine species, making it more effective at killing microorganisms.

2. pH Dependence: The proportion of HOCl present in water is influenced by the pH level. At a pH of 7.5, only 50% of the free residual chlorine is present as HOCl, while at a pH of 6.5, 90% is present as HOCl. This indicates that HOCl is more prevalent and thus more effective at lower pH levels.

3. Reaction with Ammonia: In chlorinated water, HOCl can react with ammonia to form combined available chlorine species, such as monochloramine, dichloramine, and trichloramine. These reactions are influenced by pH and the nitrogen-to-chlorine weight ratio. HOCl is the initial species that reacts with ammonia, making it the primary agent in the formation of these combined chlorine species.

4. Temperature and Heavy Metals: The effectiveness of chlorine species, including HOCl, can be affected by temperature and the presence of heavy metals like iron. HOCl's reactivity can increase at higher temperatures and in the presence of heavy metals, further enhancing its germicidal properties.

5",0.8009532690048218,0.8964669704437256,0.8460228443145752
presence of iron or other transition metals can accelerate degradation of RO membranes when chlorine is present,How do transition metals like iron impact membrane durability in chlorinated systems?,"They catalyze oxidative reactions, accelerating degradation of RO membranes exposed to chlorine.","Transition metals such as iron significantly impact membrane durability in chlorinated systems by catalyzing membrane degradation. When iron or other transition metals are present in the water or on the membrane surface, they accelerate the chlorine attack, leading to faster membrane degradation. This is because these metals facilitate the oxidation of the membrane, making it more susceptible to damage. Consequently, chlorine is not recommended for intentionally sanitizing membrane systems due to the risk of membrane oxidation. Additionally, the presence of iron can lead to the formation of insoluble colloidal hydroxide particles when water containing iron or manganese has taken up more than 5 mg/L of oxygen or has been chlorinated, further fouling the membranes.","Transition metals like iron impact membrane durability in chlorinated systems by catalyzing membrane degradation and making the membrane more susceptible to oxidation damage. The presence of iron, especially when water containing it has been chlorinated, can lead to the formation of insoluble colloidal hydroxide particles that may foul the membranes. This can compromise the integrity and functionality of the membrane system.","Transition metals such as iron negatively impact membrane durability in chlorinated systems by catalyzing membrane degradation and making the membrane more susceptible to oxidation damage. When iron is present in the water or on the membrane surface, it accelerates the chlorine attack, leading to faster membrane degradation. Additionally, the presence of iron can result in the formation of insoluble colloidal hydroxide particles when water containing iron or manganese is chlorinated, which may foul the membranes. These factors collectively reduce the lifespan and effectiveness of the membranes in such systems.",0.8458197116851807,0.8962478637695312,0.8703038692474365
"membrane degradation risk increases with exposure time, chlorine concentration, high pH, and catalytic metals",What factors increase the risk of membrane damage due to chlorine?,"Longer exposure time, higher chlorine concentration, alkaline pH, and presence of catalytic metals all raise the risk of membrane degradation.","The factors that increase the risk of membrane damage due to chlorine include the presence of iron or other transition metals in the water or on the membrane surface, as these metals catalyze membrane degradation. Additionally, the use of other oxidizing agents such as chlorine dioxide, hydrogen peroxide, ozone, and permanganate can also cause damage if not used properly. The presence of chlorine and other oxidizing agents can lead to premature membrane failure under certain conditions. FilmTec membranes have some chlorine tolerance, but the first sign of chlorine attack is a loss of membrane flux, followed by an increase in membrane flux and salt passage.","Factors that increase the risk of membrane damage due to chlorine include the presence of iron or other transition metals in the water or on the membrane surface, as these metals catalyze membrane degradation. Additionally, the presence of other oxidizing agents such as chlorine dioxide, hydrogen peroxide, ozone, and permanganate can also cause premature membrane failure if not used properly. The exposure of feed water to chlorine and the chlorine tolerance of the membrane material also play a role in the risk of damage. Specifically, for Filmtec membranes, the first sign of chlorine attack is a loss of membrane flux, followed by an increase in membrane flux and salt passage.","The factors that increase the risk of membrane damage due to chlorine include the presence of iron or other transition metals in the water or on the membrane surface, which catalyze membrane degradation. Additionally, the use of other oxidizing agents such as chlorine dioxide, hydrogen peroxide, ozone, and permanganate can also cause damage if not used properly. The presence of chlorine and other oxidizing agents under certain conditions can lead to premature membrane failure. The risk is also heightened when the feed water is exposed to chlorine, and there is a chlorine tolerance threshold beyond which noticeable loss of salt rejection occurs, starting with a loss of membrane flux followed by an increase in membrane flux and salt passage.",0.8507238030433655,0.8841015100479126,0.8670915365219116
chlorine-resistant membranes exist but have limited tolerance; not immune to long-term exposure to free chlorine,Can chlorine-resistant membranes tolerate long-term exposure to chlorine?,"No, even chlorine-resistant membranes can degrade over time with prolonged exposure to free chlorine and should still be protected.","No, chlorine-resistant membranes cannot tolerate long-term exposure to chlorine. While they can withstand short-term exposure, their resistance is limited, and eventual degradation may occur after approximately 200,000 hours of exposure to 1 mg/L of free chlorine.","Chlorine-resistant membranes, such as Filmtec membranes, can initially withstand short-term exposure to chlorine. However, their resistance is limited, and they are not recommended for long-term intentional sanitization with chlorine. Over time, even chlorine-tolerant membranes like Filmtec will experience degradation, with noticeable loss of salt rejection after approximately 200,000 hours of exposure to 1 ppm free chlorine. Therefore, chlorine-resistant membranes cannot tolerate long-term exposure to chlorine without experiencing eventual degradation.","No, chlorine-resistant membranes cannot tolerate long-term exposure to chlorine. Although they can withstand short-term exposure, their resistance is limited, and eventual degradation may occur after approximately 200,000 hours of exposure to 1 mg/L of free chlorine at a concentration of 200 ppm/h.",0.8711661100387573,0.9110883474349976,0.8906800746917725
system upsets causing accidental chlorine exposure can degrade membranes; monitoring and alarms recommended,Why is monitoring for chlorine exposure essential in RO systems?,"Because accidental chlorine exposure can rapidly degrade membranes, real-time monitoring and alarm systems are essential for protection.","Monitoring for chlorine exposure is essential in RO systems because chlorine can be harmful to the membrane, causing damage and reducing its lifespan. Chlorine exposure can lead to system upsets, requiring temporary exposure to free chlorine, which can be mitigated by pretreatment and dechlorination methods. Effective monitoring ensures that chlorine levels are controlled, preventing damage to the RO membrane and maintaining system efficiency. Additionally, chlorine's effectiveness is influenced by concentration, exposure time, and water pH, making it crucial to monitor these factors to ensure optimal performance and longevity of the RO system.","Monitoring for chlorine exposure is essential in RO systems because chlorine can damage the membrane, leading to system upsets and reduced efficiency. Chlorine can cause the formation of harmful byproducts and requires pretreatment to reduce its concentration to harmless levels. Additionally, the effectiveness of chlorine as a disinfectant depends on its concentration, exposure time, and pH, and its exposure to air or oxidizing agents throughout the RO process must be prevented to maintain system integrity and performance.","Monitoring for chlorine exposure is essential in RO (Reverse Osmosis) systems because chlorine can be harmful to the membrane, leading to system upsets and potentially causing permanent damage. Chlorine exposure can also reduce the effectiveness of the RO system by necessitating more frequent membrane cleaning. Additionally, chlorine can react with other components in the water, forming harmful byproducts. Proper monitoring ensures that chlorine levels are maintained at safe concentrations, thereby protecting the RO system's integrity and performance.",0.8539814949035645,0.9022200107574463,0.8774382472038269
alkaline conditions accelerate chlorine attack on membranes; maintaining neutral or slightly acidic pH recommended,Why should pH be controlled in RO systems during chlorination?,"Alkaline pH speeds up membrane oxidation by chlorine, so maintaining a neutral to slightly acidic pH helps protect the membranes.","pH should be controlled in RO systems during chlorination because under alkaline pH conditions, chlorine attack is faster than at neutral or acidic pH. This can lead to membrane oxidation, which is why chlorine is not recommended for intentionally sanitizing membrane systems. Additionally, at a pH of 7.5-7.7, only 50% of free residual chlorine is present as HOCl, while at a pH of 6.5, 90% is present. Controlling the pH ensures better biocidal effect and prevents the risk of membrane damage during chlorination.","pH should be controlled in RO systems during chlorination because under alkaline pH conditions, chlorine attack is faster than at neutral or acidic pH levels. An acidic pH is preferred for better biocidal effect during chlorination. Additionally, controlling pH helps prevent membrane oxidation, which can damage the RO system. Therefore, maintaining an acidic pH ensures effective sanitization while protecting the integrity of the RO membranes.","pH should be controlled in RO systems during chlorination because under alkaline pH conditions, chlorine attacks faster than at neutral or acidic pH levels. An acidic pH is preferred for better biocidal effects during chlorination. Additionally, controlling pH helps prevent membrane oxidation and ensures the effective use of chlorine as a disinfectant without causing damage to the RO system.",0.8665765523910522,0.8905672430992126,0.8784081339836121
iron and other transition metals present in feedwater or membrane surface catalyze membrane degradation during chlorination,What role do transition metals play in membrane degradation?,They act as catalysts that speed up the oxidative damage to membranes when chlorine is present in the feedwater.,"Transition metals, such as iron, play a catalytic role in membrane degradation. They accelerate the degradation process when present in the water or on the membrane surface. This catalytic action leads to faster chlorine attack and makes the membrane more susceptible to oxidation damage. Transition metals thus significantly contribute to the deterioration of membrane performance.","Transition metals, such as iron, play a catalytic role in membrane degradation. They accelerate the degradation process when present in the water or on the membrane surface. This catalytic action leads to faster chlorine attacks and makes the membrane more susceptible to oxidation damage. Additionally, transition metals can contribute to the formation of precipitates and cause immediate degradation in membrane performance, which can eventually lead to a decrease in efficiency and specific flux.","Transition metals, such as iron, catalyze membrane degradation when present in the water or on the membrane surface. They accelerate the chlorine attack, making the membrane more susceptible to oxidation damage. Additionally, they can cause immediate degradation in performance, leading to a gradual increase in feed pressure and eventually severe loss of efficiency and a decrease in specific flux.",0.8623906970024109,0.9069302082061768,0.8840997815132141
"to avoid damage, feedwater should be dechlorinated upstream of membranes using chemical reducers like sodium bisulfite",How can RO membranes be protected from chlorine damage?,By removing residual chlorine with dechlorination agents like sodium bisulfite before water reaches the membrane.,"RO membranes can be protected from chlorine damage by pretreating the feed water to remove residual free chlorine before it comes into contact with the membranes. This can be achieved using an activated carbon bed, which is effective in the dechlorination process. Additionally, avoiding the presence of iron or other transition metals in the water or on the membrane surface can help prevent catalyzed membrane degradation. Filmtec also recommends removing residual free chlorine by pretreatment prior to membrane exposure to avoid oxidation, which is not covered under warranty.","RO membranes can be protected from chlorine damage by pretreating the feed water to remove residual free chlorine before it comes into contact with the membranes. This can be achieved using an activated carbon bed, which is effective in the dechlorination process. Additionally, avoiding the presence of iron or other transition metals in the water or on the membrane surface can also help prevent chlorine attack, as these metals can catalyze membrane degradation. Filmtec recommends these measures to prevent oxidation, which is not covered under warranty.","RO membranes can be protected from chlorine damage by using an activated carbon bed for dechlorination of feed water. This process involves the reaction of chlorine with compounds like sodium metabisulfite (SMBS) to remove free chlorine. Additionally, pretreatment to remove residual free chlorine prior to membrane exposure is recommended, as oxidation is not covered under warranty. It is also important to avoid the presence of iron or other transition metals in the water or on the membrane surface, as they can catalyze membrane degradation.",0.8546445369720459,0.9081493616104126,0.8805848956108093
membrane systems should include ORP monitoring to verify complete dechlorination before membrane contact,Why is ORP monitoring important in RO systems?,"It verifies that chlorine has been fully removed from feedwater before it reaches the membranes, preventing oxidation damage.","ORP (Oxidation-Reduction Potential) monitoring is important in RO (Reverse Osmosis) systems because it helps in detecting the levels of various ions and contaminants, such as H2S (hydrogen sulfide), which can adversely affect the performance of the system. By monitoring ORP, operators can identify and correct issues that may cause a loss in specific flux, ensuring the system operates efficiently and effectively. Additionally, accurate ORP readings are essential for a complete and accurate water analysis before designing an RO or NF (Nanofiltration) system, as they provide critical information about the water quality and potential problems that could impact the system's performance.","ORP (Oxidation-Reduction Potential) monitoring is important in RO (Reverse Osmosis) systems because it helps in detecting the presence of contaminants like hydrogen sulfide (H2S) and other reducing agents that can adversely affect the performance of the system. Levels as low as 0.1 mg/L of H2S can cause significant issues. By monitoring ORP, operators can identify and correct problems that lead to reduced specific flux and ensure the system operates efficiently. This is crucial for maintaining water quality and preventing serious fouling problems.","Orp (Oxidation-Reduction Potential) monitoring is important in RO (Reverse Osmosis) systems because it helps in assessing the water quality and detecting any contamination. ORP values indicate the water's ability to oxidize or reduce contaminants, and abnormal ORP readings can signal the presence of harmful substances that may adversely affect the performance of the RO system. For example, low levels of H2S (hydrogen sulfide) can significantly impact the system's efficiency. By monitoring ORP, operators can take corrective actions to maintain optimal water quality and ensure the longevity and effectiveness of the RO system.",0.8230104446411133,0.864543080329895,0.8432657122612
chlorine reacts instantly with water to form HOCl and HCl; this fast reaction supports immediate disinfection,"How fast does chlorine react with water, and what does it form?","Chlorine reacts almost instantly with water to form hypochlorous acid (HOCl) and hydrochloric acid (HCl), enabling rapid disinfection.","Chlorine reacts rapidly with water, forming hypochlorous acid (HOCl). The reaction is faster under alkaline pH conditions compared to neutral or acidic pH conditions.","Chlorine reacts with water relatively quickly, and the reaction forms hypochlorous acid (HOCl). This reaction is more rapid under alkaline pH conditions compared to neutral or acidic pH conditions. The formation of hypochlorous acid is an important step in the disinfection process, as it is the active species responsible for the oxidation and inactivation of microorganisms in the water.","Chlorine reacts rapidly with water, forming hypochlorous acid (HOCl) and hydrochloric acid (HCl). The reaction is faster under alkaline pH conditions compared to neutral or acidic pH conditions.",0.9197739958763123,0.9644629955291748,0.9415885210037231
hypochlorous acid (HOCl) is weak acid that dissociates into hydrogen ion (H⁺) and hypochlorite ion (OCl⁻); equilibrium depends on pH,How does HOCl behave in water and what affects its equilibrium?,"HOCl dissociates into H⁺ and OCl⁻, with the equilibrium and disinfecting power shifting based on pH—lower pH favors HOCl, the stronger disinfectant.","In water, HOCl (hypochlorous acid) hydrolyzes instantaneously to form hypochlorous acid (Cl₂H₂O) and hydrochloric acid (HCl). HOCl dissociates in water to produce hydrogen ions (H⁺) and hypochlorite ions (OCl⁻). The equilibrium of HOCl in water is affected by pH, temperature, and the presence of other substances. As the pH decreases, the fraction of undissociated HOCl increases, while the fraction of dissociated HOCl also increases with decreasing temperature. The solubility of calcium carbonate (CaCO₃) is influenced by pH, and adding acid can shift the equilibrium to keep calcium carbonate dissolved. Additionally, the rate of chlorine attack depends on various feed water characteristics.","In water, HOCl (hypochlorous acid) undergoes hydrolysis and dissociates into hydrogen ions (H⁺) and hypochlorite ions (OCl⁻). The equilibrium of HOCl in water is affected by the pH level. As the pH decreases (becomes more acidic), the fraction of undissociated HOCl increases, while the fraction of dissociated ions (H⁺ and OCl⁻) also increases. Additionally, the solubility of calcium carbonate (CaCO₃) in water, which can be influenced by the pH, affects the equilibrium of HOCl. When acid is added to water, the equilibrium can be shifted to the left to keep calcium carbonate dissolved, thus impacting the concentration of HOCl. The rate of chlorine attack, which includes the reactions of HOCl, also depends on various characteristics of the feed water.","In water, HOCl (hypochlorous acid) hydrolyzes instantaneously to form hypochlorous acid (HOCl) and hydrogen ions (H+), as well as hypochlorite ions (OCl-). The equilibrium of HOCl in water is affected by the pH level; as the pH decreases, the fraction of undissociated HOCl increases, and as the temperature decreases, the fraction of undissociated HOCl also increases. Additionally, the solubility of calcium carbonate (CaCO3) can be influenced by pH, as adding acid (H+) shifts the equilibrium to the left, helping to keep calcium carbonate dissolved. The rate of chlorine attack, which involves HOCl, is also dependent on various feed water characteristics.",0.8298768997192383,0.8649382591247559,0.8470448851585388
free available chlorine includes HOCl and OCl⁻; combined chlorine includes chloramine compounds formed with ammonia,What is the difference between free and combined chlorine in water?,"Free chlorine consists of HOCl and OCl⁻, effective disinfectants, while combined chlorine includes chloramines formed from chlorine reacting with ammonia.","Free chlorine refers to the sum of hypochlorous acid (HOCI) and hypochlorite ion (OCL⁻), which are the active forms of chlorine that are available to disinfect water. Combined chlorine, on the other hand, refers to the sum of chloramines (such as monochloramine, dichloramine, and trichloramine) that are formed when free chlorine reacts with nitrogenous compounds in the water. Free chlorine is more effective at killing bacteria and viruses, while combined chlorine is less effective as a disinfectant but is better at controlling odors and tastes in the water.","Free chlorine refers to the sum of hypochlorous acid (HOCI) and hypochlorite ion (OCL⁻), which are the active forms of chlorine that are available to disinfect water. Combined chlorine, on the other hand, refers to the sum of chloramines (such as monochloramine, dichloramine, and trichloramine) and other chlorine compounds that are formed when chlorine reacts with nitrogenous compounds in the water, such as ammonia or organic matter. Free chlorine is more effective at killing bacteria and viruses, while combined chlorine is used to control odors and tastes in water.","Free chlorine refers to the sum of hypochlorous acid (HOCI) and hypochlorite ion (OCL⁻), which are the active forms of chlorine that can readily disinfect water. Combined chlorine, on the other hand, refers to the sum of chloramines (such as monochloramine, dichloramine, and trichloramine) that are formed when chlorine reacts with nitrogen-containing compounds in the water. These chloramines are less effective as disinfectants compared to free chlorine but are used as a secondary disinfectant to help maintain water quality and prevent the formation of disinfection by-products.",0.8492962121963501,0.9177310466766357,0.8821884393692017
total residual chlorine (TRC) = free chlorine + combined chlorine; essential metric for verifying adequate disinfection and membrane safety,Why is measuring total residual chlorine important in RO pretreatment?,It ensures proper disinfection levels while verifying that chlorine levels are low enough to prevent membrane damage.,"Measuring total residual chlorine is important in RO pretreatment because it ensures the combined effectiveness of both free and combined residual chlorine in maintaining the desired germicidal efficiency. The total residual chlorine (TRC) is crucial for ensuring that the chlorine concentration is sufficient to disinfect the water effectively without causing fouling or damage to the RO membranes. By monitoring TRC, operators can adjust the chlorine levels to maintain an optimal balance, ensuring the pretreatment chemicals are incorporated into the agglomerates and not left as a source of fouling. This helps in achieving the desired chlorine concentration of around 0.5 mg/L, which is commonly used for treating potable water, and ensures the longevity and efficiency of the RO system.","Measuring total residual chlorine is important in RO pretreatment because it ensures the combined effectiveness of both free and combined residual chlorine in maintaining the desired germicidal efficiency throughout the pretreatment line. This measurement helps in achieving the appropriate chlorine concentration (around 0.5 mgl) necessary for treating potable water, preventing fouling, and ensuring that the chlorine does not cause damage to the membrane during the pretreatment process. Additionally, since oxidation is not covered under warranty, monitoring total residual chlorine helps in managing the chlorine levels to avoid potential issues once the water reaches the membrane stage.","Measuring total residual chlorine (TRC) is important in RO pretreatment because it ensures that the combined concentration of free and combined residual chlorine is maintained at an effective level for disinfection. This is crucial for achieving the desired germicidal efficiency, which is directly related to the concentration of undissociated hypochlorous acid (HOCI), the active form of chlorine that disinfects pathogens. Additionally, maintaining an appropriate TRC helps prevent the formation of harmful disinfection by-products and ensures that any pretreatment chemicals are properly incorporated into the agglomerates, avoiding potential fouling and ensuring the longevity and efficiency of the RO membrane system. Filmtec also recommends removing residual free chlorine prior to membrane exposure since oxidation is not covered under warranty, emphasizing the importance of precise TRC measurement in maintaining water quality and system performance.",0.8227513432502747,0.8876597881317139,0.8539739847183228
free chlorine most effective at low pH as HOCl predominates; higher pH shifts equilibrium to less effective OCl⁻,How does pH affect the effectiveness of free chlorine?,"At low pH, HOCl is the dominant species and more effective; at high pH, more OCl⁻ forms, which is a weaker disinfectant.","The pH level significantly affects the effectiveness of free chlorine. At a pH of 7.5, only 50% of the residual chlorine is present as hypochlorous acid (HOCI), which is the more effective form for disinfection. However, at a lower pH of 6.5, 90% of the residual chlorine is in the form of HOCI. Hypochlorous acid is a stronger disinfectant compared to its conjugate base, hypochlorite ion (OCl-), which predominates at higher pH levels. Therefore, the germicidal efficiency of free residual chlorine is directly related to the concentration of undissociated HOCI, which is more prevalent at lower pH levels. Alkaline conditions (higher pH) result in a faster chlorine attack, reducing the proportion of effective HOCI and thus diminishing the overall disinfection capability of free chlorine.","La pH afecta significativamente la efectividad del cloro libre. A un pH más alcalino, el ataque del cloro es más rápido en comparación con condiciones neutras o ácidas. Esto se debe a que el cloro se ioniza en diferentes formas según la pH, influenciando su capacidad para reaccionar con contaminantes. En un entorno alcalino, la concentración de cloro libre (HOCI) es mayor, lo que aumenta la eficacia germicida. Sin embargo, a medida que aumenta la pH, la cantidad de cloro libre disminuye, mientras que la cantidad de cloro combinado (como monocloreto, dichloreto, tricloreto) aumenta. Por lo tanto, mantener un equilibrio adecuado de pH es crucial para maximizar la efectividad del cloro libre.","La efectividad del cloro libre está directamente relacionada con el pH. A un pH de 7.5, solo el 50% del cloro residual está presente como hipoclorito de hidrógeno (HOCl), mientras que a un pH de 6.5, el 90% está presente como HOCl. El cloro libre (HOCl) es más efectivo como agente germicida que el cloro combinado (como las especies de monochloramine, dichloramine, trichloramine). Por lo tanto, a medida que el pH disminuye, aumenta la concentración de cloro libre disponible y, por lo tanto, la efectividad del cloro como agente germicida. Sin embargo, bajo condiciones alcalinas, la reacción del cloro con amoníaco es más rápida, lo que puede reducir la cantidad de cloro libre disponible. Por lo tanto, mantener un pH adecuado es crucial para asegurar una alta efectividad del cloro libre.",0.752685546875,0.8567216992378235,0.8013410568237305
presence of organic matter in water consumes chlorine and can lead to formation of harmful disinfection by-products,Why is organic matter a concern during chlorination?,"It reacts with chlorine, reducing disinfection efficiency and forming disinfection by-products that may pose health risks.","Organic matter is a concern during chlorination because it reacts with chlorine, which is used to prevent fouling in water treatment processes. When chlorine reacts with organic matter in the water, it breaks it down into more biodegradable fragments. However, this reaction also consumes chlorine, leading to a chlorine demand. The presence of chlorine and other oxidizing agents can cause premature membrane failure if not properly managed. Additionally, organic matter can contribute to organic fouling or provide carbon sources for biofilm development on membrane surfaces, further complicating the water treatment process.","Organic matter is a concern during chlorination because it reacts with chlorine, which is used to maintain a free residual chlorine concentration to prevent fouling. This reaction between chlorine and organic matter in the water breaks down the organic compounds into more biodegradable fragments. However, this chlorine demand can lead to the consumption of chlorine, reducing its effectiveness in preventing fouling. Additionally, the presence of chlorine and other oxidizing agents can cause premature membrane failure under certain conditions, as mentioned in section 2.7, prevention of fouling by organics target 5. Therefore, managing the organic content in the water is crucial to maintain the efficacy of chlorination and prevent fouling and membrane damage.","Organic matter is a concern during chlorination because it reacts with chlorine, which is used to prevent fouling in water treatment processes. This reaction between chlorine and organic matter can lead to the formation of more biodegradable fragments, which is beneficial for maintaining water quality. However, the presence of chlorine and other oxidizing agents can cause premature membrane failure if not properly managed. Additionally, the chlorine demand arises from the reaction with reducing agents such as nitrite, cyanide, sulfide, ferrous iron, and manganese, as well as the oxidation of organic compounds present in the water. Therefore, controlling the concentration of organic matter is crucial to ensure the effectiveness of chlorination and prevent potential damage to the water treatment system.",0.8256542086601257,0.8830670714378357,0.8533961176872253
dechlorination removes chlorine using chemicals like sodium bisulfite to protect RO membranes from oxidation damage,How is chlorine removed before RO membrane filtration?,By adding dechlorination agents like sodium bisulfite to neutralize chlorine and prevent membrane degradation.,"Chlorine is removed from the feedwater before RO membrane filtration through a process called dechlorination. This is typically achieved by using an activated carbon bed, which effectively removes free chlorine from the water. Additionally, sodium metabisulfite is commonly used in practice, with a ratio of 3.0 mg of sodium metabisulfite being sufficient to remove 1.0 mg of chlorine. If a chlorination-resistant membrane material, such as polysulfone or a ceramic membrane, is used, chlorine can also be added to the wash water to prevent biological fouling. Before the system resumes operation, all chlorine-containing feedwater must be drained and thoroughly rinsed out, and the absence of chlorine must be confirmed.","Chlorine is removed from the feedwater before RO membrane filtration through a process called dechlorination. This can be achieved by using an activated carbon bed, which is effective in removing chlorine from the water. Additionally, sodium metabisulfite is commonly used for this purpose, with a typical ratio of 3.0 mg of sodium metabisulfite to remove 1.0 mg of chlorine. During off-line chlorination, the feedwater must be drained before reaching the membranes, and all chlorine-containing feedwater must be rinsed out carefully before the system re-enters operation. The absence of chlorine must be verified to ensure proper dechlorination.","Before RO membrane filtration, chlorine is removed from the feedwater through a process called chlorination. During this process, the feedwater is treated with a chlorine-containing solution, such as sodium hypochlorite or sodium metabisulfite, to effectively neutralize any residual chlorine that could damage the RO membranes. This is done to prevent membrane degradation and fouling. After chlorination, the feedwater is thoroughly rinsed to ensure that no chlorine remains before it is allowed to pass through the RO membrane system. This step is crucial to maintain the integrity and performance of the RO membranes.",0.8528180718421936,0.9113146066665649,0.8810964822769165
oxidation-reduction potential (ORP) measurement used to ensure dechlorination before water enters RO membranes,What is the role of ORP in RO system protection?,"ORP measures the oxidizing power of water; low ORP confirms chlorine has been removed, protecting membranes from oxidation.","The role of ORP (Oxidation-Reduction Potential) in RO (Reverse Osmosis) system protection is to provide a measure of the water's ability to either donate or accept electrons, which is indicative of its oxidative or reductive state. In the context provided, ORP is used to detect the presence of free chlorine, which can be harmful to RO membranes. Although DBNPA (2,2-dibromo-3-nitrilopropionamide) is nonoxidizing, it can still give an ORP response in the 400 mV range at certain concentrations (0.5 to 3 mg/L). This ORP response can be used to monitor and control the levels of oxidizing agents like chlorine in the water, thereby protecting the RO membranes from potential damage caused by these chemicals. Additionally, ORP measurements can be part of the overall system design and operation, including microbiological control, sanitization, and preservation of RO and NF (Nanofiltration) systems.","The role of ORP (Oxidation-Reduction Potential) in RO (Reverse Osmosis) system protection is to provide a measure of the water's ability to either donate or accept electrons, which can indicate the presence of oxidizing or reducing agents. In the context provided, ORP is used to monitor the water quality and detect the presence of free chlorine, which can be harmful to RO membranes. By measuring the ORP response, operators can ensure that the water is within safe limits for the RO system, thereby protecting the membrane from damage caused by oxidizing agents. This is particularly important in installations where system upsets may result in temporary exposure to free chlorine, as ORP monitoring can help in taking corrective actions to prevent membrane fouling or degradation.","ORP (Oxidation-Reduction Potential) plays a crucial role in the protection of RO (Reverse Osmosis) systems. It is used to monitor and control the oxidative conditions within the system. A positive ORP value indicates an oxidizing environment, which can help in the sanitization and preservation of the RO membranes by preventing biofilm formation and microbial growth. ORP can also indicate the effectiveness of chemical sanitization processes, ensuring that the system is adequately protected against contaminants and maintaining the integrity of the RO membranes.",0.8473845720291138,0.8944430351257324,0.8702781200408936
monitoring chlorine species and ORP helps prevent membrane fouling and ensures compliance with disinfection standards,Why is it important to monitor chlorine species and ORP in RO pretreatment?,"It helps maintain proper disinfection while ensuring chlorine is removed before membranes, avoiding fouling and meeting safety standards.","It is important to monitor chlorine species and ORP (Oxidation-Reduction Potential) in RO (Reverse Osmosis) pretreatment because chlorine can cause biological fouling and damage to the RO membranes if not properly managed. Chlorine species, if not removed, can become a source of fouling themselves. Monitoring ORP helps ensure that the oxidation process is controlled and that any residual chlorine is effectively neutralized before the water comes into contact with the RO membranes. This helps in maintaining the efficiency and longevity of the RO system by preventing membrane degradation and reducing the frequency of membrane cleaning.","Monitoring chlorine species and ORP (Oxidation-Reduction Potential) in RO (Reverse Osmosis) pretreatment is important for several reasons:

1. Chlorine Species Control: Chlorine is commonly used in pretreatment to prevent biological fouling, particularly in surface waters. However, chlorine can be corrosive and may damage the RO membranes if not properly managed. Monitoring ensures that the chlorine levels are sufficient to prevent fouling but not so high as to cause harm to the system.

2. ORP Monitoring: ORP is a measure of the water's ability to oxidize or reduce substances. In RO pretreatment, maintaining the correct ORP level is crucial for the effectiveness of the oxidation process, which helps in breaking down organic compounds and reducing the potential for biofouling. It also indicates the presence of residual chlorine, which should be minimized to prevent damage to the RO membranes.

3. Membrane Protection: As mentioned in the context, oxidation is not covered under warranty, and Filmtec recommends removing residual free chlorine before membrane exposure. Monitoring chlorine species and ORP helps ensure that the pretreatment process effectively reduces chlorine to safe levels, thereby protecting the RO membranes from potential damage and extending their lifespan.

4. System Efficiency: Proper management of chlorine species and ORP levels contributes to the overall efficiency of the RO system. It helps in reducing the frequency of membrane cleaning, which can be costly and time-consuming, and ensures that the system operates at optimal performance.

In summary, monitoring chlorine","It is important to monitor chlorine species and ORP (Oxidation-Reduction Potential) in RO (Reverse Osmosis) pretreatment because:

1. Chlorine species can cause biological fouling and damage to the RO membranes if not properly managed. Monitoring ensures that chlorine levels are controlled to prevent fouling and membrane degradation.

2. ORP measurement helps in understanding the oxidative or reductive conditions of the water. This is crucial because certain pretreatment chemicals, like free chlorine, can be oxidizing agents. Monitoring ORP ensures that these chemicals are effectively neutralized before they come into contact with the RO membranes, as oxidation is not covered under warranty by FilmTec.

3. Proper management of chlorine species and ORP levels helps in maintaining the efficiency of the RO system by reducing the frequency of membrane cleaning and extending the lifespan of the membranes.

4. It ensures that pretreatment chemicals are incorporated into the agglomerates and do not become a source of fouling themselves, which could compromise the performance of the RO system.

In summary, monitoring chlorine species and ORP is essential for effective RO pretreatment, preventing membrane fouling, and ensuring the longevity and efficiency of the RO system.",0.8095207214355469,0.8716466426849365,0.8394357562065125
chlorine added during pretreatment must be carefully dosed and removed before RO to balance microbial control and membrane protection,Why must chlorine dosage be carefully managed in RO pretreatment?,Proper dosing ensures effective microbial control while avoiding membrane damage from residual chlorine.,"Chlorine dosage must be carefully managed in RO pretreatment to prevent damage to the membrane and ensure optimal performance. Free residual chlorine can cause oxidation, which is not covered under warranty, leading to potential damage to the membrane. Additionally, if a chlorine-resistant membrane material is used, chlorine can be added to the wash water to retard biological fouling. However, exposure to chlorine or oxidizing agents throughout the RO process must be avoided to prevent membrane degradation and ensure the longevity and efficiency of the system. Proper management of chlorine dosage helps minimize pretreatment effort and improve feed water quality, ultimately reducing membrane costs.","Chlorine dosage must be carefully managed in RO pretreatment to prevent the exposure of water to air or oxidizing agents like chlorine throughout the RO process. This is crucial because oxidation is not covered under warranty, and excessive chlorine can damage the RO membrane. Additionally, using chlorine-resistant materials such as polysulfone or ceramic membranes allows for controlled chlorine addition to retard biological fouling, but careful management is still necessary to maintain system efficiency and minimize membrane costs.","Chlorine dosage must be carefully managed in RO pretreatment because:

1. A free residual chlorine concentration of 0.51.0 mg/L should be maintained throughout the pretreatment line to ensure water quality.
2. Oxidation, which is not covered under warranty, can damage the RO membrane if not properly managed.
3. Filmtec recommends removing residual free chlorine before the membrane is exposed to prevent damage.
4. If a chlorine-resistant membrane material, such as polysulfone or ceramic, is used, chlorine can still be added to the wash water to retard biological fouling, but this must be done carefully to avoid damaging the membrane.
5. A cartridge filter with an absolute pore size of less than 10 m is recommended as a minimum pretreatment to prevent any oxidizing agents, including chlorine, from coming into contact with the RO membrane.
6. Proper management of chlorine dosage can lead to lower membrane costs and improved feed water quality, as it minimizes the need for extensive pretreatment and prevents exposure of the water to air or oxidizing agents throughout the RO process.",0.8121633529663086,0.8745546340942383,0.8422051072120667
excess chlorine without proper dechlorination causes irreversible damage to RO membranes due to oxidation,What happens if chlorine is not removed before reaching RO membranes?,"Residual chlorine can oxidize and irreversibly damage membrane polymers, reducing system lifespan and performance.","If chlorine is not removed before reaching RO membranes, it can cause membrane oxidation, leading to damage and degradation of the membrane system. This can result in a loss of membrane flux, followed by an increase in membrane flux and salt passage, ultimately compromising the efficiency and longevity of the RO membranes. Filmtec recommends pretreatment to remove residual free chlorine to prevent such damage, as oxidation is not covered under warranty.","If chlorine is not removed before reaching RO membranes, it can lead to membrane oxidation, resulting in damage to the membranes. This can cause a loss of membrane flux, followed by an increase in membrane flux and salt passage, ultimately compromising the efficiency and longevity of the RO system. Filmtec recommends removing residual free chlorine by pretreatment prior to membrane exposure to prevent such damage.","If chlorine is not removed before reaching RO membranes, it can lead to membrane oxidation, which damages the membrane system. This can result in a loss of membrane flux, followed by an increase in membrane flux and salt passage, ultimately compromising the efficiency and longevity of the RO membranes. Filmtec recommends pretreatment to remove residual free chlorine to prevent these issues, as oxidation is not covered under warranty.",0.8606791496276855,0.8767604827880859,0.8686453700065613
HOCl provides strongest disinfection but is pH-dependent; monitoring pH ensures optimal germicidal efficiency during pretreatment,Why is pH monitoring important when using HOCl for disinfection?,HOCl is most effective at lower pH levels; monitoring pH ensures it remains in its active form to maximize disinfection.,"P monitorización del pH es importante cuando se utiliza HOCl para la desinfección porque la eficiencia germicida del cloro residual libre está directamente relacionada con la concentración de HOCl no disociado. A medida que el pH disminuye, el porcentaje de HOCl aumenta, lo que mejora el efecto biocidas. Por lo tanto, mantener un pH adecuado asegura que haya una mayor concentración de HOCl, lo que resulta en una mayor efectividad de la desinfección. Además, el pH influye en la tasa de disociación de HOCl en agua, afectando la concentración de HOCl disponible para la desinfección. Por lo tanto, monitorear y ajustar el pH es crucial para maximizar la efectividad de la desinfección con HOCl.","P monitorización del pH es importante cuando se utiliza HOCl para desinfección porque la eficiencia germicida del cloro residual libre está directamente relacionada con la concentración de HOCl no disociado. A medida que disminuye el pH, la fracción de HOCl no disociado aumenta, lo que mejora el efecto biocidas. Por otro lado, a un pH más alto, una mayor proporción de HOCl se disocia en hipoclorito, que es menos efectivo como agente germicida. Por lo tanto, mantener un pH adecuado asegura una mayor concentración de HOCl, lo que lleva a una mayor eficacia de desinfección. Además, el pH influye en la duración del tiempo de exposición y la concentración de cloro, ambos factores clave para la efectividad de la desinfección.","pH monitoring is crucial when using HOCl (hypochlorous acid) for disinfection because the germicidal efficiency of free residual chlorine, which includes HOCl, is directly related to the concentration of undissociated HOCl. At a lower pH, a higher fraction of HOCl remains undissociated, which is more effective for disinfection. As the pH increases, more HOCl dissociates into hypochlorite ions (OCl-), which are less effective as disinfectants. Therefore, maintaining an acidic pH ensures that a sufficient concentration of HOCl is present to achieve optimal germicidal effect. Additionally, the effectiveness of chlorine, including HOCl, also depends on the chlorine concentration, exposure time, and pH of the water, making pH monitoring essential for effective disinfection.",0.8299968242645264,0.8832492232322693,0.8557953834533691
chloramine is more stable than free chlorine and used where long-lasting residual is needed despite lower germicidal power,When is chloramine preferred over free chlorine in water treatment?,"Chloramine is used for its stability in distribution systems where long-lasting disinfection is needed, despite being less potent than HOCl.","Chloramine is preferred over free chlorine in water treatment when there is a need to maintain a residual disinfectant in the water distribution system for an extended period. This is because chloramine, formed by the reaction of chlorine with ammonia, has a longer-lasting residual effect compared to free chlorine. Additionally, chloramine is less likely to react with organic and inorganic substances in the water, which can lead to the formation of disinfection by-products (DBPs) when using free chlorine. Therefore, chloramine is often used in situations where a stable, long-term disinfectant is required, such as in municipal water distribution systems, to ensure continuous disinfection and to minimize the formation of DBPs.","Chloramine is preferred over free chlorine in water treatment when there is a need to maintain a residual disinfectant in the water distribution system for an extended period, as chloramine provides a longer-lasting residual compared to free chlorine. This is particularly important in systems where the water needs to be kept sanitized as it travels through the distribution network. Additionally, chloramine is less affected by pH changes and is less likely to form harmful disinfection by-products, making it a safer choice in certain conditions.","Chloramine is preferred over free chlorine in water treatment when there is a need to maintain a longer-lasting sanitization effect. Chloramines are formed by adding ammonia to chlorine, which results in a compound that has a slower dissociation rate compared to free chlorine. This slower dissociation allows chloramine to provide extended protection against microbial contamination in the water distribution system. Additionally, chloramines have a lower germicidal effect compared to free chlorine, but they are less likely to react with organic compounds in the water, which can help prevent the formation of disinfection by-products. Therefore, chloramine is often used as a sanitization agent in situations where a longer-lasting residual is desired and the potential for by-product formation needs to be minimized.",0.8477216362953186,0.8978497982025146,0.8720659613609314
free residual chlorine must be zero before RO membranes; confirmed by ORP measurement or chlorine test kits,How do operators confirm that no chlorine reaches RO membranes?,They use ORP sensors or chlorine test kits to verify that free residual chlorine is fully removed before membrane contact.,"Operators confirm that no chlorine reaches RO membranes by ensuring that the feedwater has been properly dechlorinated before it enters the system. This is typically done by using an activated carbon bed for dechlorination, as mentioned in the context. Additionally, during off-line chlorination, the feedwater must be sent to drain prior to reaching the membranes. These steps help to prevent chlorine from coming into contact with the RO membranes, thereby protecting them from damage and allowing microorganisms to grow without the inhibitory effects of chlorine.","Operators confirm that no chlorine reaches RO membranes by ensuring that the feedwater has been properly dechlorinated before it enters the system. This can be done by using an activated carbon bed for dechlorination, as mentioned in the context, which effectively removes free chlorine from the feedwater. Additionally, operators may use chemical indicators or test kits to verify the absence of chlorine in the feedwater. They also ensure that the system is not exposed to free chlorine, which could damage the membranes, and that any off-line chlorination processes are completed before the feedwater reaches the membranes. Regular monitoring and maintenance of the dechlorination process are crucial to confirm that no chlorine is present on the membranes.","Operators confirm that no chlorine reaches the RO membranes by ensuring the feedwater is properly dechlorinated before it enters the system. This can be achieved by using an activated carbon bed for dechlorination, as mentioned in the context. Additionally, operators can monitor the chlorine levels in the feedwater using chemical test kits or online chlorine sensors to verify that chlorine concentrations are below the threshold levels that could damage the RO membranes. Regular monitoring and maintenance of the dechlorination process are essential to ensure the membranes are protected from chlorine exposure.",0.8606219291687012,0.8998053669929504,0.8797776103019714
"free chlorine oxidizes membrane materials, especially polyamide, leading to reduced permeability and selectivity",What is the impact of free chlorine on polyamide RO membranes?,"Free chlorine degrades polyamide membranes, reducing their ability to filter water effectively and causing permanent performance loss.","The impact of free chlorine on polyamide RO membranes includes a loss of membrane flux followed by an increase in membrane flux and salt passage. Over time, this can lead to eventual degradation of the membrane, with a tolerance of approximately 200,000 hours of exposure to 1 mg/L of free chlorine (200 ppm). To prevent damage, Filmtec recommends removing residual free chlorine by pretreatment prior to membrane exposure.","Free chlorine can cause a loss of membrane flux in polyamide RO membranes, followed by an increase in membrane flux and salt passage. Over time, this can lead to eventual degradation of the membrane. FilmTec recommends removing residual free chlorine by pretreatment prior to membrane exposure to prevent damage, as oxidation is not covered under warranty. Even other oxidizing agents in equilibrium with small amounts of free chlorine can slowly damage the membrane, making dechlorination an important consideration.","Free chlorine can cause damage to polyamide RO (Reverse Osmosis) membranes. The initial sign of chlorine attack is a loss of membrane flux, followed by an increase in membrane flux and salt passage. Over time, with approximately 200,000 hours of exposure to 1 mg/L of free chlorine, eventual degradation of the membrane may occur. Filmtec recommends removing residual free chlorine by pretreatment before exposing the membrane to prevent this damage. Even small amounts of free chlorine, which are in equilibrium with other oxidizing agents, can slowly damage the membrane, making dechlorination an important step in protecting the membrane's integrity.",0.8352615833282471,0.8967649936676025,0.8649212718009949
"dechlorination typically achieved using sodium bisulfite (SBS), which reacts with chlorine to form harmless sulfate",How does sodium bisulfite dechlorinate RO feedwater?,"SBS reacts with chlorine to neutralize it, forming sulfate and preventing oxidative damage to membranes.","Sodium bisulfite dechlorinates RO feedwater through a chemical reaction where it reacts with chlorine, which is a common disinfectant used in water treatment. The reaction between sodium bisulfite (NaHSO3) and chlorine (Cl2) produces sodium hypochlorite (NaOCl), hydrochloric acid (HCl), and water (H2O). This reaction effectively neutralizes the chlorine, thereby reducing its concentration in the feedwater. The overall reaction can be represented as follows:

NaHSO3 + Cl2 → NaOCl + HCl + H2O

By removing the chlorine, sodium bisulfite helps to prevent the oxidation of downstream components, such as the membranes in reverse osmosis systems, and ensures the proper functioning of the water treatment process. It is important to note that sodium bisulfite should be used carefully, as it can oxidize when exposed to air, and its concentration may need to be adjusted if reducing agents are present in the feedwater.","Sodium bisulfite dechlorinates RO feedwater by reacting with chlorine, which is a common disinfectant used in water treatment. The reaction between sodium bisulfite (Na2S2O5) and chlorine (Cl2) results in the formation of sodium chloride (NaCl), sulfur dioxide (SO2), and water (H2O). This process effectively neutralizes the chlorine, thereby reducing its concentration in the feedwater and preventing potential damage to reverse osmosis (RO) membranes caused by oxidation. The reaction can be represented as follows:

2 Na2S2O5 + Cl2 → 2 NaCl + 2 SO2 + H2O

By adding sodium bisulfite to the feedwater, the chlorine is removed, ensuring the protection of the RO membranes and maintaining the quality of the treated water. However, it is important to note that sodium bisulfite can oxidize when exposed to air, which may require a higher concentration of the compound to achieve effective dechlorination if there is residual reducing agent in the feedwater. Additionally, only food-grade sodium metabisulfite, free of impurities and not cobalt-activated, should be used for this purpose. Dechlorination upstream of the membranes is essential to prevent oxidation and ensure the longevity and efficiency of the RO system.","Sodium bisulfite dechlorinates RO feedwater through a chemical reaction where it acts as a reducing agent. When dissolved in water, sodium bisulfite (NaHSO3) is formed from sodium metabisulfite (Na2S2O5). In the presence of chlorine, which is a common oxidizing agent in RO feedwater, sodium bisulfite reacts to form hydrochloric acid (HCl), sodium chloride (NaCl), and water (H2O). This reaction effectively removes free chlorine, thus dechlorinating the water. The relevant reaction is:

Cl2 + NaHSO3 → HCl + NaCl + H2O

This dechlorination process is crucial for protecting downstream components, such as RO membranes, from oxidation and damage. However, it is important to note that sodium bisulfite can oxidize when exposed to air, and the presence of residual reducing agents in the feed water may require a higher concentration of DBNPA (a different dechlorinating agent) to ensure effective dechlorination. Sodium bisulfite should be used in a limited time period during normal plant operation and should be food-grade and free of impurities.",0.8011599183082581,0.878589391708374,0.8380901217460632
ORP values below 200 mV typically indicate chlorine-free water suitable for RO membranes,What ORP value suggests safe feedwater for RO membranes?,"An ORP below 200 mV indicates the absence of free chlorine, ensuring the feedwater won't oxidize the membranes.","The ORP (Oxidation-Reduction Potential) value that suggests safe feedwater for RO (Reverse Osmosis) membranes is typically above +1.0 V. This value indicates that the water has sufficient oxidizing power to prevent the growth of microorganisms and the formation of biofilms, which can compromise the performance of the RO membranes. Maintaining an ORP above +1.0 V helps ensure that the feedwater is adequately treated and free from reducing agents that could lead to membrane fouling or degradation.","The ORP (Oxidation-Reduction Potential) value that suggests safe feedwater for RO (Reverse Osmosis) membranes should ideally be positive, indicating that the water is oxidized and free from reducing agents that could cause membrane fouling or degradation. A typical target ORP value for RO feedwater is above +500 mV. This positive ORP value helps ensure that any residual reducing agents are oxidized, thus protecting the RO membrane from damage and maintaining its efficiency.",The correct answer is: An ORP (Oxidation-Reduction Potential) value that suggests safe feedwater for RO membranes is typically above +1.5 to +3.0 mV. This range indicates that there is sufficient oxidizing potential to prevent biofouling and membrane degradation.,0.8547730445861816,0.9045763611793518,0.8789697885513306
monitoring chlorine and ORP continuously helps avoid accidental membrane exposure and supports system longevity,Why is continuous monitoring of chlorine and ORP important?,It prevents membrane damage by detecting residual chlorine early and supports long-term performance of the RO system.,"Continuous monitoring of chlorine and ORP (oxidation-reduction potential) is important because it ensures the effective disinfection of water. By regularly checking the chlorine concentration and ORP levels, it is possible to maintain the appropriate conditions for killing harmful microorganisms. The chlorine concentration, exposure time, and pH of the water all influence the effectiveness of chlorine as a disinfectant. Monitoring these parameters helps to ensure that the water remains safe for consumption and meets health standards. Additionally, it allows for adjustments to be made in the chlorine dosing process to maintain optimal disinfection levels, thereby preventing the growth of pathogens and ensuring the overall quality of the water supply.","Continuous monitoring of chlorine and ORP (oxidation-reduction potential) is important because it ensures the effectiveness of chlorine disinfection. Chlorine concentration, exposure time, and pH levels are critical factors that determine its efficacy. By monitoring ORP, one can assess the sum of free and combined available chlorine, known as total residual chlorine (TRC). This helps in maintaining the appropriate levels of chlorine to ensure safe and effective water treatment, preventing the absence of chlorine downstream, which could lead to inadequate disinfection.","Continuous monitoring of chlorine and ORP (Oxidation-Reduction Potential) is important because it ensures the effectiveness of chlorine in disinfecting the water. The chlorine concentration, exposure time, and pH of the water all affect its disinfecting power. By regularly measuring the ORP, one can determine the sum of free and combined available chlorine, known as total residual chlorine (TRC), which indicates the overall disinfecting capacity. This helps in maintaining the necessary levels of chlorine to ensure water safety and quality. Additionally, the absence of chlorine should be monitored to prevent potential issues in the water treatment process. Therefore, continuous monitoring helps in optimizing the disinfection process and maintaining the desired water quality standards.",0.8319764137268066,0.8745871186256409,0.8527498245239258
hypochlorous acid (HOCl) forms when chlorine dissolves in water; it's the most effective disinfectant species,What is hypochlorous acid and why is it important in water treatment?,HOCl is the active disinfectant formed when chlorine reacts with water and is responsible for inactivating pathogens effectively.,"Hypochlorous acid (HClO) is a weak acid formed when chlorine (Cl2) dissolves in water. It dissociates into hydrogen ions (H+) and hypochlorite ions (ClO-). Hypochlorous acid is significantly more effective than hypochlorite ions in killing bacteria and other pathogens, being 100 times more potent.

In water treatment, hypochlorous acid is important because it serves as a powerful disinfectant. It helps in the oxidation of organic compounds present in the water, which can interfere with the effectiveness of chlorine. By maintaining a free residual chlorine concentration, typically between 0.5 to 1.0 mg/L, hypochlorous acid ensures that water remains safe for consumption by preventing fouling of water intake lines, heat exchangers, and sand filters. Continuous chlorination and dechlorination processes help in breaking down organic matter into more biodegradable fragments, further ensuring the water's safety and quality.","Hypochlorous acid (HClO) is a weak acid that forms when chlorine (Cl2) dissolves in water. It dissociates into hydrogen ions (H+) and hypochlorite ions (OCl-). Hypochlorous acid is significantly more effective than hypochlorite ions in killing bacteria, viruses, and other pathogens, making it a crucial component in water treatment processes. It is important because it helps to disinfect water, ensuring it is safe for consumption and use. Additionally, hypochlorous acid can break down organic matter in the water, converting it into more biodegradable fragments, which further aids in maintaining water quality. Maintaining a free residual chlorine concentration, including hypochlorous acid, helps prevent fouling in water intake lines, heat exchangers, and sand filters, especially when the incoming water has a high organic content.","Hypochlorous acid (HClO) is a weak acid that forms when chlorine (Cl2) dissolves in water. It dissociates into hydrogen ions (H+) and hypochlorite ions (OCl-) in water. Hypochlorous acid is significantly more effective, being 100 times more potent, than hypochlorite ions (OCl-) in killing bacteria and other pathogens in water. This high efficacy makes hypochlorous acid an important disinfectant in water treatment processes. It helps in breaking down organic matter in water, thereby making it more biodegradable and safer for consumption. Maintaining a certain concentration of free residual chlorine, which includes hypochlorous acid, is crucial for preventing fouling of water intake lines, heat exchangers, and sand filters in industrial water treatment schemes. A concentration of 0.51.0 mg/L or higher, depending on the organic content of the incoming water, is recommended to ensure effective water treatment and sanitation.",0.8092295527458191,0.9004334807395935,0.8523988127708435
HOCl dissociates into H⁺ and OCl⁻; lower pH favors HOCl which is more effective for disinfection,Why is disinfection more effective at lower pH when using chlorine?,"Lower pH increases HOCl concentration, which is the most effective chlorine species for inactivating microorganisms.","Disinfection is more effective at lower pH when using chlorine because hypochlorous acid (HOCl), which is the active disinfectant form of chlorine, is more prevalent at lower pH levels. At a pH of 7.5, only 77% of the chlorine is present as hypochlorous acid, which is the more effective form for disinfection. In contrast, at a pH of 6.5, 90% of the chlorine is present as hypochlorous acid. Hypochlorous acid is significantly more effective at killing microorganisms than the hypochlorite ion (OCl-), which predominates at higher pH levels. Therefore, the higher concentration of the more effective hypochlorous acid at lower pH levels enhances the overall disinfection process.","Disinfection is more effective at lower pH when using chlorine because hypochlorous acid (HOCl), which is the active disinfectant form of chlorine, is more prevalent at lower pH levels. At a pH of 7.5, only 77% of the chlorine is present as hypochlorous acid, which is the more effective form for disinfection. However, at a pH of 6.5, 90% of the chlorine is present as hypochlorous acid. Since hypochlorous acid is significantly more effective than the hypochlorite ion (OCl-) at killing germs, maintaining a lower pH enhances the disinfecting power of chlorine.","Disinfection is more effective at lower pH when using chlorine because hypochlorous acid (HOCl), which is the more effective disinfectant form of chlorine, predominates at lower pH levels. At a pH of 7.5, a significant portion of chlorine exists as hypochlorous acid, which is highly effective in killing microorganisms. Hypochlorous acid is more effective than the hypochlorite ion (OCl-) at lower pH, making the disinfection process more efficient. Additionally, the presence of hypochlorous acid increases with decreasing pH, enhancing the overall germicidal effect of chlorine.",0.8364256024360657,0.9000176787376404,0.867057204246521
OCl⁻ is less effective than HOCl and dominates at high pH; this reduces disinfection efficiency,What happens to chlorine disinfection efficiency at high pH?,"At high pH, OCl⁻ becomes the dominant species, which is less effective, reducing the overall disinfection efficiency.","At high pH levels, chlorine disinfection efficiency decreases. This is because chlorine reacts more rapidly with organic matter and other substances in the water under alkaline conditions, leading to the formation of chloramines and other disinfection by-products. Additionally, the presence of transition metals can catalyze membrane degradation, further reducing the effectiveness of chlorine as a disinfectant. Therefore, it is important to determine the optimum chlorine dosage, point of injection, pH, and contact time to ensure effective disinfection and prevent biofouling.","At high pH levels, chlorine disinfection efficiency decreases. This is because chlorine reacts more rapidly with water under alkaline conditions, leading to the formation of chloramines instead of free available chlorine. Chloramines have a lower germicidal effect compared to free chlorine, which reduces the overall disinfection efficiency.","At high pH levels, chlorine disinfection efficiency decreases. This is because chlorine reacts more readily with water molecules to form chloramines, which are less effective as disinfectants compared to free chlorine. Additionally, the presence of higher pH can lead to the formation of chlorinated by-products, which can be harmful. Therefore, optimal chlorine dosage and pH levels need to be carefully managed to maintain effective disinfection.",0.8792449831962585,0.9021474719047546,0.8905490040779114
chloramine formed from chlorine and ammonia; used in distribution systems for long-lasting disinfection,How is chloramine formed and why is it used?,Chloramine forms when chlorine reacts with ammonia and is used in water systems for its stability and persistent disinfection.,"Chloramine is formed by the reaction of chlorine with ammonia compounds present in the water. It is used as a sanitization agent because it has a germicidal effect, although it is less potent than chlorine. Chloramine is also formed by adding ammonia to chlorine, which can result in the presence of free chlorine. It is preferred in certain conditions, such as an acidic pH, higher temperatures, and higher concentrations of heavy metals like iron, for a better biocidal effect during chlorination. However, care must be taken when using chloramine as a sanitization agent. For more detailed information, the handbook of chlorination is recommended.","Chloramine is formed by the reaction of chlorine with ammonia compounds present in the water. It is used as a sanitization agent because it has a germicidal effect, although it is lower than that of chlorine. Chloramine is also formed by adding ammonia to chlorine, which can result in the presence of free chlorine. It is important to handle chloramine carefully due to its formation and potential presence of free chlorine. For more detailed information, the handbook of chlorination is recommended. An acidic pH is preferred for better biocidal effect during chlorination, and chlorine attacks faster at higher temperatures and higher concentrations of heavy metals like iron.","Chloramine is formed by the reaction of chlorine with ammonia compounds present in the water. It is used as a sanitization agent because it has a germicidal effect, although it is less potent than chlorine. Chloramine is also formed by adding ammonia to chlorine, and care must be taken to ensure that free chlorine is present for effective sanitization. An acidic pH and higher temperatures can enhance the biocidal effect of chlorination, and the presence of heavy metals like iron can accelerate chlorine attack. For detailed information, the Handbook of Chlorination is recommended.",0.8555627465248108,0.9123688340187073,0.883053183555603
"free chlorine includes HOCl and OCl⁻, while combined chlorine refers to chloramines",What distinguishes free chlorine from combined chlorine?,"Free chlorine consists of HOCl and OCl⁻ with strong disinfecting power, while combined chlorine includes chloramines with longer but weaker activity.","Free chlorine and combined chlorine are distinguished by their chemical forms and their roles in water treatment.

Free chlorine refers to chlorine that is available to disinfect water. It exists in two forms: hypochlorous acid (HOCl) and hypochlorite ion (OCl-). Free chlorine is effective at killing bacteria and other pathogens and is measured as free available chlorine (FAC) or free residual chlorine (FRC), expressed in milligrams per liter (mgl) of chlorine gas (Cl2).

Combined chlorine, on the other hand, is chlorine that has reacted with nitrogen-containing compounds, such as ammonia, in the water. This reaction forms chloramines, which are less effective as disinfectants compared to free chlorine. There are several forms of chloramines, including monochloramine (NH2Cl), dichloramine (NHCl2), and trichloramine (NCl3). Combined chlorine is measured as total residual chlorine (TRC), which includes both free chlorine and combined chlorine.

In summary, the key distinction between free chlorine and combined chlorine is that free chlorine is available to disinfect water, while combined chlorine has reacted with nitrogen compounds and is less effective as a disinfectant.","Free chlorine and combined chlorine are distinguished by their chemical forms and their roles in water treatment.

Free chlorine refers to chlorine that is available to disinfect water. It exists in one of three forms: hypochlorous acid (HOCl), hypochlorite ion (OCl^-), and monochloramine (NH2Cl). Free chlorine is effective at killing bacteria and other pathogens in water and is measured as free available chlorine (FAC) or free residual chlorine (FRC), expressed in milligrams per liter (mgl).

Combined chlorine, on the other hand, is chlorine that has reacted with nitrogen-containing compounds, such as ammonia, in the water. This reaction forms chloramines, which are less effective as disinfectants compared to free chlorine. Combined chlorine includes monochloramine (NH2Cl), dichloramine (NHCl2), and trichloramine (NCl3). It is measured as combined available chlorine (CAC) or combined residual chlorine (CRC). The presence of combined chlorine indicates that some of the chlorine has been consumed in the reaction with nitrogen compounds, reducing the overall effectiveness of chlorine as a disinfectant.

In summary, free chlorine is available for disinfection, while combined chlorine has reacted with nitrogen compounds and is less effective as a disinfectant.","Free chlorine and combined chlorine are distinguished by their chemical forms and their roles in disinfection. Free chlorine refers to chlorine that is available to disinfect and is present in two forms: hypochlorous acid (HOCl) and the hypochlorite ion (OCl-). It is the more effective form at killing bacteria and viruses and is measured as free available chlorine (FAC) or free residual chlorine (FRC).

Combined chlorine, on the other hand, is chlorine that has reacted with ammonia to form chloramines. These chloramines include monochloramine (NH2Cl), dichloramine (NHCl2), and trichloramine (NCl3), as well as their corresponding hypochlorite ions. Combined chlorine is less effective as a disinfectant compared to free chlorine and is measured as combined available chlorine (CAC) or combined residual chlorine (CRC).

The key difference lies in their ability to disinfect: free chlorine is more potent and effective as a disinfectant, while combined chlorine is a disinfectant residual that forms when chlorine reacts with ammonia, resulting in a less effective disinfecting agent.",0.8201630115509033,0.880949079990387,0.8494700193405151
total residual chlorine (TRC) is used to measure all chlorine species in treated water,What is total residual chlorine and what does it represent?,"TRC is the combined concentration of free and combined chlorine in water, providing a complete picture of disinfectant levels.","Total residual chlorine (TRC) is the sum of free available chlorine (FAC) and combined available chlorine (CAC). It represents the total amount of chlorine present in the water, both in its free form (as hypochlorous acid, HOCl, and hypochlorite ion, OCl-) and in its combined form (as chloramines, such as monochloramine, NH2Cl, dichloramine, NHCl2, and trichloramine, NCl3). TRC is expressed as milligrams per liter of chlorine gas (mgl Cl2) and indicates the overall chlorine content that remains in the water after the initial disinfection process. This measurement is important for ensuring that the water remains disinfected as it travels through the distribution system.","Total residual chlorine (TRC) is the sum of free available chlorine (FAC) and combined available chlorine (CAC). It represents the total amount of chlorine present in the water, both as free chlorine (such as hypochlorous acid, HOCl, and hypobromous acid, HBrO) and as chlorine that has combined with other substances (such as chloramines, like monochloramine, NH2Cl, dichloramine, NHCl2, and trichloramine, NCl3). TRC is expressed in milligrams per liter (mgl) of chlorine gas (Cl2) and is an important parameter for assessing the effectiveness of chlorine in water treatment processes.","Total residual chlorine (TRC) is the sum of free available chlorine (FAC) and combined available chlorine (CAC). It represents the total amount of chlorine present in water, both as free chlorine (such as hypochlorous acid, HOCl, and hypobromous acid, HBrO) and chlorine that has combined with organic or inorganic compounds (such as monochloramine, NH2Cl, and dichloramine, NHCl2). This measurement indicates the overall chlorine concentration that remains in the water to continue providing disinfection and maintaining water quality throughout the distribution system.",0.8050915002822876,0.893120288848877,0.8468243479728699
