Unnamed: 0,chunk,question,answer,ans_temp_0.1_k_3_tresh_90,ans_temp_0.1_k_3_tresh_95,ans_temp_0.1_k_5_tresh_90,ans_temp_0.1_k_5_tresh_95,ans_temp_0.1_k_8_tresh_90,ans_temp_0.1_k_8_tresh_95,ans_temp_0.3_k_3_tresh_90,ans_temp_0.3_k_3_tresh_95,ans_temp_0.3_k_5_tresh_90,ans_temp_0.3_k_5_tresh_95,ans_temp_0.3_k_8_tresh_90,ans_temp_0.3_k_8_tresh_95,PRECISION,RECALL,F1
0.0,seawater seawater tds mgl considered standard range tds range mgl defined brackish water slightly saline water estuarine tidal river water brackish groundwater salt lake water salinity determined conductivity conversion factor use estimate tds,What types of water are classified based on Total Dissolved Solids (TDS) levels?,"Water is classified into categories like seawater, brackish water, slightly saline water, estuarine water, and salt lake water based on its TDS levels, which are estimated using conductivity and a conversion factor.","Based on the provided context, water is classified into different types based on Total Dissolved Solids (TDS) levels. The examples given in the context indicate that well water samples have varying TDS levels, with one sample having a TDS of 478 mg/L and another with a TDS of 325 mg/L. These levels suggest that the water samples could be classified as follows:

1. Freshwater: Typically has a TDS level of less than 500 mg/L.
2. Brackish water: Has a TDS level between 500 mg/L and 1,000 mg/L.
3. Saline water: Has a TDS level between 1,000 mg/L and 35,000 mg/L.
4. Brine: Has a TDS level greater than 35,000 mg/L.

Given the TDS levels in the examples (478 mg/L and 325 mg/L), both samples would be classified as brackish water, as their TDS levels fall within the range of 500 mg/L to 1,000 mg/L.","Based on the provided context, water can be classified into different types based on Total Dissolved Solids (TDS) levels. The examples given in the context show two sets of water composition parameters with TDS values of 265 mg/L and 325 mg/L, respectively. These values suggest that the water samples could be classified as follows:

1. Brackish Water: Water with TDS levels typically ranging from 1,000 to 10,000 mg/L. The first set of water composition parameters with a TDS value of 265 mg/L falls within this range, indicating that it is brackish water.

2. Fresh Water: Water with TDS levels less than 1,000 mg/L. The second set of water composition parameters with a TDS value of 325 mg/L is slightly above the typical range for fresh water but still below the threshold for brackish water. It could be considered near-fresh water or slightly brackish, depending on the specific classification criteria used.

In summary, water can be classified as brackish or near-fresh based on TDS levels, with brackish water having TDS levels typically between 1,000 and 10,000 mg/L, and fresh water having TDS levels less than 1,000 mg/L. The provided examples suggest one sample is brackish and the other is near-fresh or slightly brackish.","Based on Total Dissolved Solids (TDS) levels, water is classified into three main types: 

1. Brackish water: Water with TDS levels between 1,000 and 10,000 milligrams per liter (mg/L).
2. Fresh water: Water with TDS levels less than 1,000 mg/L.
3. Saline water: Water with TDS levels greater than 10,000 mg/L.

These classifications help in understanding the quality and suitability of water for various uses, including drinking, agriculture, and industrial processes.","Based on Total Dissolved Solids (TDS) levels, water is classified into three main types: brackish water, saline water, and fresh water. Brackish water has a TDS level higher than fresh water but lower than saline water, typically ranging from 1,000 to 10,000 mg/L. Saline water has a TDS level higher than 10,000 mg/L, and fresh water has a TDS level lower than 1,000 mg/L. These classifications help in understanding the quality and suitability of water for various uses.","Based on Total Dissolved Solids (TDS) levels, water can be classified into several types, including:

1. Freshwater: Water with TDS levels less than 1,000 milligrams per liter (mg/L).
2. Brackish Water: Water with TDS levels ranging from 1,000 to 10,000 mg/L.
3. Saline Water: Water with TDS levels between 10,000 and 35,000 mg/L.
4. Seawater: Water with TDS levels of 35,000 mg/L or higher, which is considered standard seawater and constitutes the largest amount of water worldwide.

These classifications help in understanding the water quality and its suitability for various uses, such as drinking, irrigation, industrial processes, and environmental studies.","Based on Total Dissolved Solids (TDS) levels, water is classified into three main types: fresh water, brackish water, and seawater. Fresh water typically has a TDS level of less than 1,000 milligrams per liter (mg/L), brackish water has a TDS level between 1,000 mg/L and 10,000 mg/L, and seawater has a TDS level of approximately 35,000 mg/L or higher. These classifications help in understanding the salinity and potential uses or treatments required for the water.","Water is classified based on Total Dissolved Solids (TDS) levels into three main categories:

1. Freshwater: TDS levels are less than 1,000 milligrams per liter (mg/L).
2. Brackish water: TDS levels are between 1,000 and 10,000 mg/L.
3. Saline water: TDS levels are greater than 10,000 mg/L.

These classifications help in understanding the suitability of water for various uses, including drinking, agriculture, and industrial processes.","Based on the provided context, water can be classified into different types based on Total Dissolved Solids (TDS) levels. The specific classifications are not explicitly mentioned in the context, but generally, water with low TDS levels is considered fresh or potable, while water with high TDS levels is often referred to as brackish or saline. For example, the context mentions ""well watera"" with a TDS level of 265 mg/L, which could be considered fresh water, and ""well waterb"" with a TDS level of 325 mg/L, which might be considered brackish water. However, the exact TDS thresholds that define these classifications can vary depending on the source.","Based on Total Dissolved Solids (TDS) levels, water is classified into three main types: brackish water, saline water, and brine. Brackish water has a TDS level between 1,000 and 10,000 milligrams per liter (mg/L), saline water has a TDS level between 10,000 and 100,000 mg/L, and brine has a TDS level above 100,000 mg/L. These classifications help in understanding the water's salinity and its suitability for various uses.","Water can be classified based on Total Dissolved Solids (TDS) levels into three main categories: brackish water, saline water, and freshwater. Brackish water has a TDS level between 1,000 and 10,000 mg/L, saline water has a TDS level above 10,000 mg/L, and freshwater has a TDS level below 1,000 mg/L. These classifications help in understanding the water's suitability for various uses, including drinking, irrigation, and industrial processes.","Based on Total Dissolved Solids (TDS) levels, water can be classified into different types such as fresh water, brackish water, and seawater. Fresh water typically has a TDS level of less than 1,000 milligrams per liter (mg/L), brackish water has a TDS level ranging from 1,000 to 10,000 mg/L, and seawater has a TDS level of approximately 35,000 mg/L. These classifications help in understanding the salinity and suitability of water for various uses, including drinking, agriculture, and industrial processes.","Based on Total Dissolved Solids (TDS) levels, water is classified into three types:

1. Freshwater: TDS levels are typically less than 1,000 milligrams per liter (mg/L).
2. Brackish water: TDS levels range from 1,000 to 10,000 mg/L.
3. Seawater: TDS levels are around 35,000 mg/L, which is considered standard seawater.

These classifications help in understanding the salinity and quality of the water, which can affect its suitability for various uses, including drinking, agriculture, and industrial processes.",0.7993226051330566,0.8599493503570557,0.8285284042358398
1.0,recovery limit salinity andor boron concentration product water either meet requirement thus important limit product recovery order achieve required quality max recovery value depends site specific factors,Why is it important to limit product recovery in RO systems?,"Limiting product recovery is important to ensure the salinity and boron levels in the product water meet required standards, as exceeding recovery limits may compromise water quality depending on site-specific conditions.","Limiting product recovery in RO (Reverse Osmosis) systems is important for several reasons:

1. **Prevention of Scale Formation**: In brackish water treatment, the recovery of water can lead to increased concentrations of dissolved salts, such as calcium carbonate or calcium sulfate. These salts can precipitate and form scale on the RO membranes, which can reduce the efficiency of the system and lead to costly maintenance or replacement of the membranes.

2. **Maintaining System Efficiency**: High recovery rates can lead to increased pressure and energy consumption, as the system works harder to push water through the RO membranes. This can decrease the overall efficiency of the RO system and increase operational costs.

3. **Avoiding Contamination**: If the RO system is not properly maintained and recovery rates are too high, there is a risk of contamination from waste water effluent. This can compromise the quality of the treated water and pose serious problems for the RO plant.

4. **Adherence to Manufacturer's Instructions**: The addition of scale inhibitors and proper pretreatment are crucial for the operation of the RO system. Over-recovery can negate the effectiveness of these measures, leading to potential system failures.

In summary, limiting product recovery in RO systems is essential to prevent scale formation, maintain system efficiency, avoid contamination, and ensure the proper functioning of the system as per the manufacturer's guidelines.","Limiting product recovery in RO (Reverse Osmosis) systems is important for several reasons, particularly in the context of brackish water treatment where chemical factors like precipitation and scale formation are significant. Firstly, excessive product recovery can lead to increased concentration of dissolved solids in the concentrate stream, which can cause scaling and fouling of the RO membranes. Scaling, primarily caused by compounds such as calcium carbonate or calcium sulfate, can reduce the efficiency of the RO system, increase energy consumption, and ultimately lead to system downtime for cleaning or membrane replacement.

Secondly, maintaining a controlled product recovery rate helps in managing the chemical balance within the system. In brackish water treatment, the chemical nature of the water can lead to precipitation and scaling if not properly managed. By limiting product recovery, the concentration of these scaling compounds in the concentrate stream is reduced, thereby minimizing the risk of scale formation.

Lastly, adhering to the manufacturer's instructions for scale inhibitor addition and ensuring adequate levels of these inhibitors in the feed stream are crucial for preventing scaling. This practice, combined with controlled product recovery, helps in maintaining the longevity and efficiency of the RO system, ensuring consistent water quality and reducing operational costs.

In summary, limiting product recovery in RO systems is essential to prevent scaling and fouling, manage chemical balances, and ensure the efficient and cost-effective operation of the system.","Limiting product recovery in RO (Reverse Osmosis) systems is important to minimize precipitation and scaling caused by compounds such as calcium carbonate or calcium sulfate. When the solubility limits of sparingly soluble salts are exceeded, it can lead to the formation of scale, which can clog the membranes and reduce the efficiency of the RO system. Additionally, maintaining the system below the solubility product constant (Ksp) value helps prevent the formation of these scales, ensuring the longevity and optimal performance of the RO system. Proper scale control measures are essential to avoid these issues and to maintain the effectiveness of the water treatment process.","Limiting product recovery in RO (Reverse Osmosis) systems is important to minimize precipitation and scaling. When the solubility limits of sparingly soluble salts, such as calcium carbonate or calcium sulfate, are exceeded, it can lead to the formation of scale on the membranes. This scale can reduce the efficiency of the RO system, increase energy consumption, and potentially cause damage to the membranes, leading to costly repairs or replacements. Additionally, maintaining the system within the solubility limits helps ensure the longevity and optimal performance of the RO system. Proper scale control measures are essential to avoid these issues and maintain the system's effectiveness in water treatment processes.","Limiting product recovery in RO (Reverse Osmosis) systems is important to prevent scaling, which is the precipitation and accumulation of sparingly soluble salts like calcium carbonate or calcium sulfate on the membrane surfaces. When the recovery rate exceeds the solubility limits of these salts, scaling can occur, leading to reduced efficiency, increased maintenance costs, and potential damage to the RO system. By controlling the recovery rate, especially in systems where water scarcity and environmental concerns are significant, the longevity and performance of the RO system can be maintained, and the risk of scaling can be minimized. This is particularly crucial in brackish water treatment, where chemical factors are the main limiting factors for recovery. Additionally, in seawater RO systems, while scaling is less of an issue due to higher osmotic pressures, it is still important to manage recovery rates to ensure the system operates effectively and sustainably.","Limiting product recovery in RO (Reverse Osmosis) systems is important to prevent scaling, which is the formation of precipitates such as calcium carbonate or calcium sulfate on the membranes. When the recovery rate exceeds certain thresholds, it can lead to supersaturation of these sparingly soluble salts, causing them to precipitate and form scale. This scaling can reduce the efficiency of the RO system, increase maintenance requirements, and potentially lead to system failure. By controlling the recovery rate and implementing scale control measures, the longevity and performance of the RO system can be maintained. Additionally, in certain water types, such as brackish water or seawater, the recovery rate is naturally limited by factors like osmotic pressure, which helps to mitigate scaling issues. Therefore, managing recovery rates is crucial for the optimal operation of RO systems.","Limiting product recovery in RO (Reverse Osmosis) systems is important for several reasons:

1. **Prevention of Scale Formation**: In brackish water treatment, the recovery of water can lead to increased concentrations of dissolved salts, such as calcium carbonate or calcium sulfate. These salts can precipitate and form scale on the RO membranes, which can reduce the efficiency of the system and lead to increased maintenance costs.

2. **Membrane Longevity**: High recovery rates can cause more frequent scaling and fouling of the RO membranes. This can shorten the lifespan of the membranes and lead to more frequent replacements, increasing operational costs.

3. **System Efficiency**: Operating the RO system above the solubility product (Ksp) value without adequate scale inhibitors can lead to precipitation and scaling, which can clog the system and reduce its overall efficiency. By limiting recovery, the concentration of potential scaling compounds is kept lower, maintaining the system's performance.

4. **Cost Management**: Lowering the recovery rate can help in reducing the costs associated with membrane replacement and maintenance. Additionally, it can help in managing the costs related to scale inhibitors and pretreatment systems.

5. **Quality of Treated Water**: High recovery rates can lead to higher concentrations of contaminants in the permeate (treated water). Limiting recovery helps in maintaining the quality of the treated water, ensuring it meets the required standards for its intended use.

In summary, limiting product recovery in RO systems is crucial to prevent","Limiting product recovery in RO (Reverse Osmosis) systems is important because excessive recovery can lead to increased concentration of dissolved solids in the concentrate stream, which can cause scaling and fouling. Scaling occurs when compounds like calcium carbonate or calcium sulfate precipitate out of the water, forming solid deposits that can clog the membranes and reduce the efficiency of the system. Fouling, on the other hand, is the accumulation of organic or inorganic materials on the membrane surface, which can also hinder performance and lead to increased operational costs. By limiting product recovery, the concentration of these scaling and fouling agents is reduced, thereby extending the lifespan of the RO membranes and maintaining the overall efficiency and effectiveness of the water treatment process. Additionally, maintaining an optimal recovery rate helps prevent the contamination of the RO plant with waste water effluent, which can cause serious operational problems.","Limiting product recovery in RO (Reverse Osmosis) systems is important to minimize precipitation and scaling. When the solubility limits of sparingly soluble salts, such as calcium carbonate or calcium sulfate, are exceeded, it can lead to the formation of scale on the membranes. This scaling can reduce the efficiency of the RO system, increase maintenance costs, and potentially lead to system failure. By controlling the recovery rate, the risk of scaling is reduced, ensuring the longevity and optimal performance of the RO system. Additionally, maintaining the system within its operational limits helps to avoid contamination of the raw water with waste water effluent, which can cause serious problems in the RO plant. Therefore, establishing well-designed scale control measures and avoiding exceeding solubility limits are crucial for the efficient and sustainable operation of RO systems.","Limiting product recovery in RO (Reverse Osmosis) systems is important to minimize precipitation and scaling. When the solubility limits of sparingly soluble salts, such as calcium carbonate or calcium sulfate, are exceeded, it can lead to the formation of these compounds. This scaling can cause serious problems in the RO plant, including reduced efficiency, increased maintenance requirements, and potential damage to the system. By controlling the recovery rate and ensuring that solubility limits are not surpassed, the longevity and performance of the RO system can be maintained, and the risk of contamination from waste water effluent is reduced. Additionally, in the context of brackish water treatment, where chemical factors limit recovery, proper scale control measures are crucial for the effective operation of the RO system.","Limiting product recovery in RO (Reverse Osmosis) systems is important to prevent scaling, which is the precipitation and accumulation of sparingly soluble salts such as calcium carbonate or calcium sulfate on the membrane surfaces. When the product recovery exceeds certain limits, it can lead to supersaturation of these salts in the concentrate stream, causing them to precipitate and form scale. This scaling can reduce the efficiency of the RO system, increase maintenance requirements, and ultimately lead to higher operational costs. To minimize precipitation and scaling, it is crucial to establish well-designed scale control measures and avoid exceeding the solubility limits of these sparingly soluble salts. In some cases, such as with small systems or seawater plants, a lower recovery rate combined with a preventive cleaning program might be used to control scaling effectively.","Limiting product recovery in RO (Reverse Osmosis) systems is important to prevent scaling, which is the precipitation and accumulation of sparingly soluble salts on the membrane surfaces. Scaling can reduce the efficiency of the RO system, increase the frequency of maintenance and cleaning, and ultimately lead to system failure. By controlling the recovery rate, the concentration of these salts in the concentrate stream can be kept below their solubility limits, thus minimizing the risk of scaling. Additionally, in systems where water scarcity and environmental concerns are significant, optimizing recovery rates can help conserve water and reduce the environmental impact of brine disposal. In seawater RO systems, the recovery is also limited by the osmotic pressure of the concentrate stream, which helps to mitigate scaling issues. Therefore, managing recovery rates is crucial for the longevity, efficiency, and environmental sustainability of RO systems.",0.8211364150047302,0.8811289668083191,0.8500755429267883
2.0,design boynton beach fl membrane softening water treatment plant considered max recovery value depends calcium concentration present plant max recovery value determined using calculation method described section chapter,How is the maximum recovery value determined for membrane softening systems?,The maximum recovery value is determined by considering the calcium concentration in the water and using a specific calculation method outlined in the relevant design standards.,"The provided context does not explicitly state how the maximum recovery value is determined for membrane softening systems. It mentions that if the maximum allowable recovery is lower than desired, alternative pretreatment methods can be employed to decrease the silica concentration in the feed stream, which may allow for higher conversion with respect to scaling by silica. However, the specific factors or calculations used to determine the maximum recovery value for membrane softening systems are not detailed in the given context. To determine the maximum recovery value, one would typically need to consider factors such as the quality of the feed water, the membrane system design, operating conditions, and the desired quality of the treated water. These factors would influence the selection of pretreatment methods and the overall design of the membrane softening system to achieve the desired recovery rate while maintaining system efficiency and longevity.","The provided context does not explicitly state how the maximum recovery value is determined for membrane softening systems. It mentions that if the maximum allowable recovery is lower than desired, alternative pretreatment methods can be employed to decrease the silica concentration in the feed stream, which may allow for higher conversion with respect to scaling by silica. However, the specific factors or calculations used to determine the maximum recovery value for membrane softening systems are not detailed in the given context. Typically, the maximum recovery value in membrane softening systems would be determined based on factors such as the quality of the feed water, the desired quality of the treated water, the capacity and efficiency of the membrane system, and regulatory requirements. For precise determination, one would need to refer to the design specifications, operating conditions, and performance data of the specific membrane softening system in question.","The maximum recovery value for membrane softening systems is determined by considering the desired level of water quality and the limitations imposed by the system's components, such as the membrane's tolerance to certain ions and the overall capacity of the pretreatment system to reduce the concentration of scaling ions like silica (SiO2). The pretreatment methods, such as lime plus soda ash softening, magnesium oxide or sodium aluminate softening, or strong acid cation exchange resin softening, are used to decrease the SiO2 concentration in the feed stream, allowing for higher conversion and preventing scaling by silica. Additionally, the permeate conductivity can be adjusted by adding NaOH to convert residual carbon dioxide into bicarbonate, which is then rejected by the membrane. The strong acid cation exchange resin softening also removes low concentrations of iron and aluminum that could foul the membrane. The specific maximum recovery value will depend on the balance between achieving the desired water quality and the capacity of the pretreatment system to effectively reduce scaling ions.","The maximum recovery value for membrane softening systems is determined by considering the desired level of water quality, the concentration of scaling ions such as silica, and the capacity of the pretreatment system to reduce these concentrations. If the maximum allowable recovery is lower than desired, pretreatment methods like lime plus soda ash softening or strong acid cation exchange resin softening can be employed to decrease the silica concentration in the feed stream, allowing for higher conversion and preventing scaling by silica. Additionally, the permeate conductivity can be adjusted by adding sodium hydroxide to convert residual carbon dioxide into bicarbonate, which is then rejected by the membrane, further influencing the maximum recovery value. The specific pretreatment and operational parameters, including the choice of resin softening and the addition of chemicals like sodium hydroxide, are tailored to achieve the desired water quality while maximizing recovery within the system's limitations.","The maximum recovery value for membrane softening systems is determined by considering the desired level of water quality and the limitations imposed by the system's design and the quality of the feed water. If the desired recovery is higher than what is allowable due to the presence of scaling ions like silica, alternative pretreatment methods such as lime plus soda ash softening or strong acid cation exchange resin softening can be employed to reduce the silica concentration in the feed stream, allowing for higher conversion and recovery. The recovery rate is also influenced by the system's ability to handle the specific contaminants present in the water, such as iron and aluminum, which can foul the membrane if not adequately removed. Additionally, the permeate conductivity can be adjusted by adding sodium hydroxide to convert residual carbon dioxide into bicarbonate, which is then rejected by the membrane, affecting the recovery rate. The overall consumption of regenerant chemicals and the lifespan of the membrane elements, such as a 12-year replacement cycle for certain systems, also play a role in determining the maximum recovery value. Adjustments to the recovery rate can be made by recalculating the lime softening index (LSIC) with a new value for the recovery, taking into account the lower calcium concentration after softening. If complete softening is required, a sodium exchange process with a strong acid cation exchange resin can be added, which may affect the overall consumption of regenerant chemicals and the maximum recovery value.","The maximum recovery value for membrane softening systems is determined by considering the desired level of water quality and the limitations of the system. If the desired recovery is higher than the maximum allowable, pretreatment methods such as lime plus soda ash softening or strong acid cation exchange resin softening can be employed to reduce the silica concentration in the feed stream, allowing for higher conversion and preventing scaling by silica. Additionally, the permeate conductivity can be adjusted by adding sodium hydroxide to convert residual carbon dioxide into bicarbonate, which is then rejected by the membrane. The systems typically operate at low recovery, often around 25%, and membrane elements are replaced after a certain period, usually 12 years. The lower value for calcium concentration is used to calculate the lime softening index (LSIC) after softening. If complete softening is required, a sodium exchange process with a strong acid cation exchange resin can be added, even in a single vessel layered bed. The specific maximum recovery value will depend on the system's design and the water treatment goals.","The provided context does not explicitly state how the maximum recovery value is determined for membrane softening systems. However, it does mention that if the maximum allowable recovery is lower than desired, alternative pretreatment methods such as lime plus soda ash softening or cation exchange resin softening can be used to decrease the silica concentration in the feed stream, which in turn allows for higher conversion with respect to scaling by silica. This suggests that the maximum recovery value is influenced by the concentration of silica and other scaling ions in the feed water, as well as the capacity of the pretreatment system to reduce these concentrations. The actual determination of the maximum recovery value would likely involve a combination of factors including the quality of the feed water, the design and capacity of the pretreatment system, and the desired quality of the treated water. For specific details on how the maximum recovery value is determined, one would need to refer to the relevant sections mentioned (2.3.6 and 2.3.5) or other authoritative sources on membrane softening systems.","The provided context does not explicitly state how the maximum recovery value for membrane softening systems is determined. It mentions that if the maximum allowable recovery is lower than desired, certain pretreatment methods can be employed to decrease the silica concentration in the feed stream, which in turn allows for higher conversion with respect to scaling by silica. However, the actual determination of the maximum recovery value is not discussed in the given context. Typically, the maximum recovery value in membrane softening systems would be determined based on factors such as the quality of the feed water, the desired quality of the treated water, the membrane system's capacity, and the specific requirements of the application. It is often calculated based on the permeate flow rate, the concentration of contaminants in the feed water, and the membrane's rejection characteristics. For precise determination, one would need to refer to the design specifications and operating parameters of the specific membrane softening system in question.","The maximum recovery value for membrane softening systems is determined by considering the desired level of water quality, the allowable concentration of silica in the feed stream, and the specific pretreatment methods used to reduce the silica concentration. Pretreatment options such as lime plus soda ash softening or strong acid cation exchange resin softening can be employed to decrease the silica concentration, allowing for higher conversion rates and preventing scaling by silica. Additionally, the permeate conductivity can be adjusted by adding sodium hydroxide to convert residual carbon dioxide into bicarbonate, which is then rejected by the membrane. The maximum recovery value is thus a balance between achieving the desired water quality and the effectiveness of the pretreatment processes in reducing scaling agents like silica.","The maximum recovery value for membrane softening systems is determined by considering the desired level of water quality and the limitations imposed by the scaling potential of the feed water. Factors such as the concentration of silica (SiO2) and other scaling ions in the feed stream, the desired level of hardness removal, and the presence of other contaminants like iron and aluminum that could foul the membrane are taken into account. Pretreatment methods like lime plus soda ash softening, magnesium oxide or sodium aluminate softening, and cation exchange resin softening are used to adjust the feed water composition to allow for higher conversion and to prevent scaling. Additionally, the permeate conductivity can be adjusted by adding sodium hydroxide (NaOH) to convert residual carbon dioxide into bicarbonate, which is then rejected by the membrane. The goal is to achieve the desired water quality while maximizing the amount of water that can be recovered without compromising the membrane's performance. The specific maximum recovery value will depend on the system's design and the treatment objectives set by the water treatment professionals.","The maximum recovery value for membrane softening systems is determined by considering the desired level of water quality and the limitations imposed by the system's design and the feed water's characteristics. If the desired recovery is higher than the maximum allowable, pretreatment methods such as lime plus soda ash softening or strong acid cation exchange resin softening can be employed to reduce the silica concentration or remove calcium and other hardness-causing ions, respectively. This allows for a higher conversion rate in the membrane system and can lead to a lower maximum recovery value. The recovery is also influenced by the permeate conductivity, which can be adjusted by adding sodium hydroxide to convert residual carbon dioxide into bicarbonate. Additionally, the overall consumption of regenerant chemicals and the lifespan of the membrane elements, such as in the case of lime softening systems, can affect the maximum recovery value. The recovery value is recalculated after softening using the lower value for calcium concentration or other relevant parameters. If complete softening is required, a sodium exchange process with a strong acid cation exchange resin can be added, which may also influence the maximum recovery value. The overall goal is to balance the water quality requirements with the operational and maintenance considerations of the membrane softening system.","The maximum recovery value for membrane softening systems is typically determined by considering the desired level of water quality and the specific requirements of the system. It is influenced by factors such as the concentration of hardness, iron, and aluminum in the feed water, the desired level of softening, and the capacity of the membrane elements. The recovery rate is also affected by the operational conditions, such as the pH of the feed water and the presence of other ions that may interfere with the softening process. In practice, these systems often operate at low recovery rates, usually in the range of 25%, to ensure effective softening and membrane longevity, with membrane elements being replaced after a certain period, such as 12 years. The specific maximum recovery value will be determined based on the design and operational parameters of the individual water treatment system.",0.8485889434814453,0.8983042240142822,0.8727391362190247
3.0,range rather absolute value temperature variation inside module responsible variation membrane performance variation typically function average temperature therefore temperature correction factor calculated average,Why is average temperature used for performance correction in RO membranes?,"Average temperature is used because membrane performance varies with temperature changes, and using the average provides a more stable and representative basis for applying the temperature correction factor.","The average temperature is used for performance correction in RO membranes because temperature variations can significantly impact the scaling potential of the system, particularly when there are high levels of silica and bicarbonate in the feed water. By using the average temperature, the system can more accurately account for the typical operating conditions and make necessary adjustments to maintain optimal performance. This helps in compensating for the effects of temperature fluctuations on membrane scaling and efficiency, ensuring consistent water quality and system reliability. Additionally, using the average temperature allows for better planning and optimization of the pretreatment system, which can lead to lower membrane costs and improved overall system performance.","The average temperature is used for performance correction in RO membranes because temperature variations can impact the scaling potential of the RO system, particularly when silica and bicarbonate levels in the feed water are high. By using the average temperature, the system can better account for the overall thermal conditions that affect membrane performance, allowing for more accurate adjustments and compensation through methods such as adding more membrane area, modifying the system design, and implementing more frequent or harsh cleaning procedures. This approach helps maintain optimal operation and efficiency of the RO system despite fluctuations in temperature.","The average temperature is used for performance correction in RO membranes because it provides a more stable and representative measure of the operating conditions over time. Temperature variations can significantly impact the scaling potential and overall performance of the RO system, especially when dealing with high levels of silica and bicarbonate in the feed water. By using the average temperature, the system can be better compensated for these variations, allowing for more effective adjustments to membrane area, cleaning frequency, and pretreatment processes. This helps in maintaining optimal performance and reducing membrane costs, as well as preventing issues related to silica scaling and other fouling problems. The maximum allowable recovery with respect to silica scaling can also be increased by adjusting the water temperature, which is more effectively managed using the average temperature.","The average temperature is used for performance correction in RO membranes because temperature variations can impact the scaling potential of the RO system, particularly when silica and bicarbonate levels in the feed water are high. By using the average temperature, the system can be more accurately adjusted to compensate for these variations, ensuring more consistent performance. Additionally, the maximum temperature permitted for continuous use is 45°C, and operating within this range helps maintain the integrity and efficiency of the RO membranes. This approach allows for better management of the system's performance in the face of temperature-induced changes in water chemistry.","The average temperature is used for performance correction in RO membranes because it provides a more stable and representative measure of the operating conditions over time, which is crucial for accurately predicting and compensating for the scaling potential and fouling behavior of the system. Temperature variations can significantly impact the solubility of minerals like silica and bicarbonate, which in turn affect the scaling and performance of the membranes. By using the average temperature, the system can be better managed to maintain optimal conditions, reduce membrane fouling, and minimize the need for frequent and harsh cleaning. This approach helps in achieving a more consistent and efficient operation of the RO system.","The average temperature is used for performance correction in RO membranes because temperature variation can significantly impact the scaling potential of the system, particularly when silica and bicarbonate levels in the feed water are high. By using the average temperature, the system can be more effectively compensated for these variations, allowing for more accurate adjustments to the membrane area and cleaning schedules. This helps maintain optimal performance and specific flux, even when there are fluctuations in the feed water temperature. The maximum temperature permitted for continuous use is 45°C, and understanding the solubility of silica as a function of temperature (as shown in Figure 2.10) is crucial for making these corrections.","The average temperature is used for performance correction in RO membranes because temperature variations can impact the scaling potential of the system, particularly when silica and bicarbonate levels in the feed water are high. By using the average temperature, the system can more accurately account for the effects of temperature fluctuations on membrane performance, allowing for better prediction and compensation for scaling. This helps in maintaining the efficiency and longevity of the RO membranes by adjusting the process parameters accordingly.","The average temperature is used for performance correction in RO membranes because temperature variations can significantly impact the scaling potential of the RO system, particularly when there are high levels of silica and bicarbonate in the feed water. By using the average temperature, the system can more accurately account for the typical operating conditions and make necessary adjustments to maintain optimal performance. This helps in partially compensating for the effects of temperature fluctuations by modifying the system design, such as adding more membrane area or increasing the frequency and intensity of cleaning, as outlined in section 3, system design. Additionally, the maximum temperature permitted for continuous use is 45°C, and using the average temperature helps ensure that the system operates within safe and effective limits.","The average temperature is used for performance correction in RO membranes because it provides a more consistent and representative measure of the operating conditions over time. Temperature variations can significantly impact the scaling potential and overall performance of RO systems, especially when dealing with high levels of silica and bicarbonate in the feed water. By using the average temperature, it is possible to account for these fluctuations and make more accurate adjustments to the system, such as increasing the membrane area, modifying the system, or improving the pretreatment process. This approach helps to optimize the system's performance and mitigate the effects of temperature-induced scaling, leading to more stable and efficient operation. Additionally, maintaining the temperature within the maximum allowable range (up to 45°C) ensures that the system operates within safe limits, preventing damage to the membranes and prolonging their lifespan.","The average temperature is used for performance correction in RO membranes because temperature variations can impact the scaling potential of the RO system, particularly when silica and bicarbonate levels in the feed water are high. By using the average temperature, the system can be more effectively compensated for these variations, ensuring more consistent performance. Additionally, the maximum temperature permitted for continuous use is 45°C, and operating within this range helps maintain the integrity and efficiency of the RO membranes. This approach allows for better management of the system's performance despite fluctuations in temperature.","The average temperature is used for performance correction in RO membranes because temperature variations can significantly impact the scaling potential of the system, particularly when silica and bicarbonate levels in the feed water are high. By using the average temperature, the system can better predict and compensate for these variations, ensuring more consistent performance. Additionally, increasing the water temperature within the permissible range (up to 45°C) can significantly increase the maximum allowable recovery with respect to silica scaling, which helps in maintaining the efficiency of the RO membranes. This approach allows for a more stable and predictable correction of performance issues related to temperature fluctuations.","The average temperature is used for performance correction in RO membranes because temperature variations can significantly impact the scaling potential and overall performance of the RO system. High silica and bicarbonate levels in the feed water, along with other factors such as hydrogen sulfide (H2S) levels, can adversely affect the RO membrane's efficiency. By using the average temperature, the system can be better compensated for these variations, allowing for more accurate adjustments to the membrane area, cleaning frequency, and other system parameters to maintain optimal performance. This approach helps to mitigate the effects of temperature fluctuations on the membrane's ability to reject solutes and maintain a consistent permeate flow rate. Additionally, understanding the solubility of silica as a function of temperature, as indicated by the reference to Figure 2.10, further supports the use of average temperature for performance correction, as it provides a more stable basis for predicting and managing scaling tendencies within the RO system.",0.8569011092185974,0.9051655530929565,0.8803724050521851
4.0,risk scaling due water scarcity environmental concern water reuse interest increase however waste water treated secondary treatment normally still contain high level scaling substance must removed prior ro,Why must scaling substances be removed from treated wastewater before RO?,"Even after secondary treatment, wastewater can contain high levels of scaling substances, which pose a risk of membrane scaling; thus, these must be removed to ensure effective RO performance.","Scaling substances must be removed from treated wastewater before reverse osmosis (RO) because they can precipitate and form deposits on the RO membrane surfaces. These deposits, known as scaling, can reduce the efficiency of the RO process by blocking the flow of water through the membrane and decreasing its permeability. Scaling can also lead to increased pressure requirements, reduced water production, and ultimately, the failure of the RO system. Therefore, it is essential to remove scaling substances through preventive cleaning, media filtration, and pH adjustment to ensure the longevity and effectiveness of the RO system.","Scaling substances must be removed from treated wastewater before reverse osmosis (RO) because they can precipitate and form scale on the RO membranes. This scale can reduce the efficiency of the RO process, increase energy consumption, and potentially lead to membrane damage or failure. By removing scaling substances, the longevity and performance of the RO system are maintained, ensuring effective water purification and conservation of resources.","Scaling substances must be removed from treated wastewater before RO (Reverse Osmosis) because their presence can lead to scaling, which is the accumulation of minerals on the RO membrane surfaces. Scaling can significantly reduce the efficiency of the RO system by decreasing the permeate flux (the rate at which water passes through the membrane) and increasing the frequency of cleaning and maintenance required. To prevent scaling and ensure the RO system operates effectively, scaling substances must be removed through media filtration and pH adjustment prior to the RO elements. This helps maintain a high permeate flux and reduces the need for frequent cleaning and maintenance.","Scaling substances must be removed from treated wastewater before reverse osmosis (RO) because if scaling substances are not removed, they can precipitate and form scale on the RO membranes. This scale can reduce the efficiency of the RO system, increase the pressure required to push water through the membranes, and ultimately lead to more frequent cleaning and maintenance, as well as a shorter lifespan for the RO membranes. In the provided context, it is mentioned that a lower recovery rate of 0.8 ksp is used to prevent scaling, indicating that the presence of scaling substances is a concern that needs to be managed to ensure the proper functioning of the RO system.","Scaling substances must be removed from treated wastewater before RO (Reverse Osmosis) because they can cause scaling on the RO membranes, which reduces the efficiency and lifespan of the system. Scaling can lead to a decrease in specific flux, increased energy consumption, and the need for more frequent cleaning and maintenance. Additionally, certain scaling substances, like calcium carbonate, can deactivate antiscalants, leading to further fouling and scaling issues. Therefore, removing scaling substances is essential to maintain the performance and longevity of the RO system.","Scaling substances must be removed from treated wastewater before RO (Reverse Osmosis) because their presence can lead to scaling, which is the formation of a hard, mineral deposit layer on the RO membranes. This scaling layer can significantly reduce the efficiency of the RO system by decreasing the specific flux, which is the rate at which water passes through the membrane. Additionally, scaling can cause increased pressure drops across the membrane, leading to higher energy consumption and potentially damaging the RO system. To prevent these issues, scaling substances are typically removed through media filtration and pH adjustment before the water reaches the RO elements. If scaling is not addressed, it can deactivate the antiscalant, leading to further fouling and scaling problems, which can compromise the performance and longevity of the RO system.","Scaling substances must be removed from treated wastewater before reverse osmosis (RO) because their presence can lead to the formation of scale on the RO membranes. This scaling can reduce the efficiency of the RO process, increase energy consumption, and potentially cause damage to the membranes, leading to costly repairs or replacements. By removing scaling substances through media filtration, pH adjustment, and preventive cleaning, the longevity and performance of the RO system are maintained, ensuring effective water treatment and conservation of resources.","Scaling substances must be removed from treated wastewater before reverse osmosis (RO) because they can precipitate and form scale on the RO membranes. This scale can reduce the efficiency of the RO process, decrease the permeate flow rate, and ultimately lead to membrane fouling or failure. By removing scaling substances, such as calcium, magnesium, and bicarbonates, the longevity and performance of the RO system are maintained, ensuring a more effective and cost-efficient water treatment process. Additionally, the presence of scaling substances can lead to increased energy consumption and maintenance costs, so their removal is essential for the optimal operation of the RO system.","Scaling substances must be removed from treated wastewater before reverse osmosis (RO) because their presence can lead to the formation of mineral deposits on the RO membrane surfaces. These deposits, known as scaling, can reduce the efficiency of the RO system by clogging the membrane pores, which impedes water flow and decreases the permeate flux. Additionally, scaling can cause increased pressure drops across the membrane, leading to higher energy consumption and potentially damaging the membrane. To maintain optimal performance and prolong the lifespan of the RO system, it is essential to control scaling by removing these substances through preventive cleaning, media filtration, and pH adjustment before the water reaches the RO elements.","Scaling substances must be removed from treated wastewater before reverse osmosis (RO) because if scaling substances are not removed, they can precipitate and form scale on the RO membrane surfaces. This scale can reduce the efficiency of the RO system by decreasing water permeability, increasing energy consumption, and leading to more frequent maintenance and cleaning requirements. In the provided context, it is mentioned that a lower recovery rate (0.8 ksp) must be used to prevent scaling, indicating that the presence of scaling substances is a significant concern for the operation and longevity of the RO system. Additionally, if the water is just filtered with cartridge filtration, the RO system would require a larger membrane area, and more frequent cleaning and maintenance, further emphasizing the importance of removing scaling substances prior to RO treatment.","Scaling substances must be removed from treated wastewater before RO (Reverse Osmosis) because their presence can lead to the formation of a scaling layer on the RO membrane surfaces. This scaling layer can significantly reduce the permeability of the membrane, leading to a decrease in the specific flux (the rate of water permeation per unit area of the membrane). To maintain efficient operation and prevent damage to the RO system, it is essential to control scaling by removing these substances through preventive cleaning, adjusting operating variables, or using antiscalants. Additionally, certain scaling substances, like calcium carbonate, can deactivate antiscalants, causing further fouling and scaling issues. Therefore, removing scaling substances is crucial for the longevity and efficiency of the RO system.","Scaling substances must be removed from treated wastewater before RO (Reverse Osmosis) because their presence can lead to scaling, which is the formation of mineral deposits on the RO membrane surfaces. This scaling can significantly reduce the efficiency of the RO system by decreasing the specific flux, which is the rate at which water is filtered through the membrane. Scaling can also cause damage to the membrane, leading to increased maintenance requirements, such as more frequent cleaning and cleaning of the membrane area. To prevent these issues, scaling substances are typically removed through media filtration, pH adjustment, and the use of antiscalants. If scaling is not adequately controlled, it can deactivate the antiscalant, leading to further scaling and fouling, which exacerbates the problem and can ultimately lead to the failure of the RO system. Therefore, it is crucial to remove scaling substances to ensure the long-term operation and efficiency of the RO system.",0.8611558675765991,0.9015116691589355,0.8808717727661133
5.0,supersaturation cause scaling when limit solubility sparingly soluble salt exceeded sparingly soluble salt include carbonate phosphate sulfate salt normally solubility product defined saturation index calculated various way,What causes scaling due to supersaturation in RO systems?,"Scaling occurs when the solubility limit of sparingly soluble salts—such as carbonates, sulfates, or phosphates—is exceeded, leading to precipitation; this is measured using a saturation index.","Scaling in reverse osmosis (RO) systems due to supersaturation is primarily caused by the presence of sparingly soluble salts in the concentrate stream. When the concentration of these salts increases, as it does in the concentrate stream compared to the feed solution, it can lead to supersaturation. This supersaturation occurs when the concentration of dissolved minerals exceeds their solubility limit, leading to the formation of solid precipitates or scale. Factors such as the increase in the concentration of silica (SiO2) and changes in pH can exacerbate this issue, as they can affect the solubility and precipitation of these minerals. Therefore, scaling calculations are essential to determine the potential for scaling problems in RO systems.","Scaling in reverse osmosis (RO) systems is caused by the supersaturation of sparingly soluble salts. When the concentration of these salts in the concentrate stream increases, often due to a higher concentration of substances like SiO2 and changes in pH, it can lead to the formation of solid precipitates. These precipitates can accumulate on the surfaces of the RO membranes, leading to scaling. This scaling is a result of the salts exceeding their solubility limit in the concentrate stream, which is a consequence of the RO process concentrating the salts beyond their natural solubility in water.","Scaling in RO (Reverse Osmosis) systems due to supersaturation is caused by the presence of sparingly soluble salts in the feed stream. When the concentration of these salts increases, they can exceed their solubility product (Ksp), leading to the formation of solid precipitates on the membrane surface. Salts such as calcium fluoride (CaF2), barium sulfate (BaSO4), strontium sulfate (SrSO4), and calcium phosphate (Ca3(PO4)2) are known to create potential scaling problems. The scaling potential is influenced by factors such as the concentration of silica (SiO2), pH changes, and the presence of other ions that can form insoluble compounds. To prevent scaling, scale inhibitors may be added to the feed stream to keep the system operating above the Ksp value, thus preventing the formation of solid precipitates.","Scaling in RO (Reverse Osmosis) systems due to supersaturation is primarily caused by the presence of sparingly soluble salts in the feed stream. When the concentration of these salts exceeds their solubility product (Ksp), they can precipitate out of the solution, leading to scaling. Common salts that can cause scaling include calcium fluoride (CaF2), barium sulfate (BaSO4), strontium sulfate (SrSO4), and calcium phosphate (Ca3(PO4)2). The scaling potential is influenced by factors such as the concentration of these salts, changes in pH, and the presence of other ions that can affect solubility. To prevent scaling, scale inhibitors may be added to the feed stream to keep the system operating above the Ksp value, thus preventing the salts from precipitating and forming scale.","Scaling due to supersaturation in RO (Reverse Osmosis) systems can be caused by the presence of sparingly soluble salts such as calcium fluoride (CaF2), barium sulfate (BaSO4), strontium sulfate (SrSO4), and calcium phosphate (Ca3(PO4)2). When the concentration of these salts in the concentrate stream increases, it can exceed their solubility product (Ksp), leading to precipitation and scaling. Additionally, if the concentration of silica (SiO2) in the concentrate stream is greater than the silica concentration at which scaling occurs (SiO2corr), silica scaling can also occur, necessitating adjustments to prevent scaling. Hydrolysis can decrease the efficiency of scale inhibitors and create a risk for calcium phosphate scaling. Proper scaling calculations and the addition of scale inhibitors, according to the manufacturer's instructions, are essential to prevent scaling in RO systems.","Scaling due to supersaturation in RO (Reverse Osmosis) systems can be caused by the presence of sparingly soluble salts such as calcium fluoride (CaF2), barium sulfate (BaSO4), strontium sulfate (SrSO4), and calcium phosphate (Ca3(PO4)2). When the concentration of these salts in the concentrate stream increases, it can exceed their solubility product (Ksp), leading to the formation of solid precipitates that can clog the system. Additionally, if the concentration of silica (SiO2) in the concentrate stream is greater than the silica concentration at which scaling occurs (SiO2corr), silica scaling can also occur, necessitating adjustments to prevent scaling. The addition of a scale inhibitor to the feed stream can help prevent scaling by allowing the system to operate above the Ksp value when the appropriate amount of scale inhibitor is added according to the manufacturer's instructions.","Scaling in reverse osmosis (RO) systems is caused by the supersaturation of sparingly soluble salts. When the concentration of these salts in the concentrate stream increases, often due to the removal of water in the RO process, it can exceed the solubility limit. This supersaturation leads to the precipitation of the salts, forming scale on the surfaces of the RO membranes and equipment. Factors such as the increase in concentration of substances like SiO2 and changes in pH can exacerbate this issue, as they can further reduce the solubility of certain salts, thus promoting scaling. To prevent scaling, it is essential to perform scaling calculations to assess the potential for sparingly soluble salts to precipitate and cause scaling under the specific conditions of the RO system.","Scaling in reverse osmosis (RO) systems is caused by the supersaturation of sparingly soluble salts. When water is purified through RO, the process concentrates these salts, increasing their concentration beyond their solubility limit. This supersaturation can lead to the formation of solid precipitates, commonly referred to as scaling, which can clog and damage the RO membranes and system components. Factors such as changes in temperature, pH, and the presence of specific ions like silica (SiO2) can influence the scaling potential. In the provided context, the increase in SiO2 concentration and changes in pH are mentioned as factors that can affect the scaling potential in the concentrate stream compared to the feed solution. Additionally, environmental concerns and water scarcity have led to the implementation of brine concentrate recovery systems to mitigate scaling by increasing recovery and reducing the concentration of these salts in the brine stream. Scaling calculations are essential to assess the risk of scaling and to design appropriate control strategies to prevent it.","Scaling in RO systems due to supersaturation is caused by the precipitation of sparingly soluble salts. When the concentration of these salts, such as silica (SiO2), calcium fluoride (CaF2), barium sulfate (BaSO4), strontium sulfate (SrSO4), and calcium phosphate (Ca3(PO4)2), increases beyond their solubility product (Ksp), they exceed the saturation point and begin to form solid deposits or scale on the surfaces of the RO membranes. This can happen due to changes in factors such as the concentration of ions, pH, and the presence of other salts in the concentrate stream. To prevent scaling, scale inhibitors can be added to the feed stream to keep the system operating above the Ksp value, thus preventing the salts from precipitating and forming scale.","Scaling in RO (Reverse Osmosis) systems is caused by the supersaturation of sparingly soluble salts. When the concentration of these salts in the concentrate stream increases, it can exceed their solubility product (Ksp), leading to the formation of solid precipitates. This is particularly a concern with salts such as calcium fluoride (CaF2), barium sulfate (BaSO4), strontium sulfate (SrSO4), and calcium phosphate (Ca3(PO4)2). The scaling potential is influenced by factors such as the concentration of silica (SiO2), pH changes, and the presence of other ions that can form insoluble compounds. To prevent scaling, scale inhibitors may be added to the feed stream to keep the system operating above the Ksp value, thus preventing the formation of solid precipitates.","Scaling due to supersaturation in RO systems can be caused by the presence of sparingly soluble salts such as calcium fluoride (CaF2), barium sulfate (BaSO4), strontium sulfate (SrSO4), and calcium phosphate (Ca3(PO4)2). When the concentration of these salts exceeds their solubility product (Ksp), they can precipitate out of the solution and form scale on the membrane surfaces. This is particularly a concern when the concentration of silica (SiO2) in the concentrate stream is greater than the silica concentration threshold (SiO2corr), leading to silica scaling. Additionally, hydrolysis can decrease the efficiency of scale inhibitors and create a risk for calcium phosphate scaling. To prevent scaling, scale inhibitors may be added to the feed stream to allow the RO system to operate above the Ksp value, as long as adequate scale inhibitor is used according to the manufacturer's instructions.","Scaling due to supersaturation in RO (Reverse Osmosis) systems can occur when the concentration of a sparingly soluble salt in the concentrate stream exceeds its solubility product (Ksp). This condition is often indicated when the concentration of silica (SiO2) in the concentrate stream, denoted as SiO2c, is greater than the silica concentration at which scaling begins, referred to as SiO2corr. When SiO2c surpasses SiO2corr, the solution becomes supersaturated with silica, leading to the precipitation of silica crystals and the formation of a scale on the RO membranes. This scaling can impair the performance of the RO system and may require adjustments to the process to prevent or mitigate the issue.",0.8461562395095825,0.8862743973731995,0.865750789642334
6.0,scale tendency normally quantified saturation index eg lsi s&ds index stasniek index practical example lsi presented section chapter scale tendency different salt also quantified separate index practical purpose however advisable use computer program include data thermodynamic constant database,How is the scaling tendency of salts quantified?,"The scaling tendency is quantified using indices like LSI (Langelier Saturation Index) or Stasniek Index, and for practical accuracy, computer programs with thermodynamic data are recommended.","The scaling tendency of salts is quantified by comparing the ion product (IP) of the salt in the concentrate stream with the solubility product (Ksp) of that salt under the specific conditions in the concentrate stream. If the ion product exceeds the solubility product, it indicates a potential for scaling. This comparison is based on the principles outlined in the referenced sections and adapted from ASTM standards. Salts such as CaF2, BaSO4, SrSO4, and Ca3(PO4)2 are examples of salts that could create scaling problems if their ion products are greater than their solubility products in the concentrate stream.","The scaling tendency of salts is quantified by comparing the ion product (IP) of the salt in the concentrate stream with the solubility product (Ksp) of that salt under the conditions present in the concentrate stream. If the ion product exceeds the solubility product, it indicates a potential for scaling. This comparison is based on the principles outlined in sections 2.4.2 through 2.4.7, and the calculation procedures are adapted from ASTM standards referenced in citations 6, 7, and 8. Salts such as CaF2, BaSO4, SrSO4, and Ca3(PO4)2 are examples of salts that can create scaling problems.","The scaling tendency of salts is quantified by comparing the ion product (ipc) of the considered salt in the concentrate stream with the solubility product (ksp) of that salt under the conditions present in the concentrate stream. If the ion product exceeds the solubility product, it indicates a potential for scaling. This comparison helps to determine whether the salts will precipitate and form scale within the system. The calculation procedures for this comparison are adapted from ASTM standards, as referenced in the provided context.","The scaling tendency of salts is quantified by comparing the ion product (ipc) of the considered salt in the concentrate stream with the solubility product (ksp) of that salt under the specific conditions in the concentrate stream. If the ion product exceeds the solubility product, it indicates a potential for scaling. This comparison helps to determine whether the salts present in the concentrate stream have the potential to precipitate and form scale on the surfaces of the membranes. The calculation procedures for this comparison are adapted from ASTM standards, as referenced in the provided context.","The scaling tendency of salts is quantified by comparing the ion product (IP) of the considered salt in the concentrate stream with the solubility product (Ksp) of that salt under the conditions present in the concentrate stream. If the ion product exceeds the solubility product, the salt has a higher potential to precipitate and form scale. This comparison helps to determine the scaling potential of the concentrate stream, which can differ from that of the feed solution due to changes in concentration and pH. Index SDSI is specifically used to express the scaling potential for calcium carbonate. The calculation procedures for predicting scaling potential are adapted from ASTM standards and involve analyzing the concentrate stream to directly calculate the scaling potential of substances like silica (SiO2).","The scaling tendency of salts is quantified by comparing the ion product (ipc) of the considered salt in the concentrate stream with the solubility product (ksp) of that salt under the conditions present in the concentrate stream. If the ion product exceeds the solubility product, it indicates a potential for scaling. This comparison helps to determine whether the concentration of sparingly soluble salts within the reverse osmosis system will exceed their solubility limit, leading to scaling. Index SDSi is specifically used to express the scaling potential for calcium carbonate. Additionally, the scaling potential of silica (SiO2) can be directly calculated from the analysis of the concentrate stream and compared with the projected scaling potential. The calculation procedures for predicting the scaling potential of other salts, such as baso4, are adapted from ASTM standards.","The scaling tendency of salts is quantified by comparing the ion product (IP) of the considered salt in the concentrate stream with the solubility product (Ksp) of that salt under the conditions in the concentrate stream. If the ion product exceeds the solubility product, it indicates a potential for scaling. This comparison is based on the principles outlined in the referenced ASTM standards.","The scaling tendency of salts is quantified by comparing the ion product (IP) of the considered salt in the concentrate stream with the solubility product (Ksp) of that salt under the specific conditions in the concentrate stream. If the ion product exceeds the solubility product, it indicates a higher potential for scaling. This comparison helps to determine whether the salts present in the concentrate stream are likely to precipitate and form scale under the given conditions.","The scaling tendency of salts is quantified by comparing the ion product (ipc) of the considered salt in the concentrate stream with the solubility product (ksp) of that salt under the specific conditions in the concentrate stream. If the ion product exceeds the solubility product, the salt is likely to precipitate and form a scale, indicating a potential scaling problem. This comparison takes into account factors such as ionic strength, pH, and the concentration of various ions in the concentrate stream. The calculation procedures for determining the scaling potential are adapted from ASTM standards.","The scaling tendency of salts is quantified by comparing the ion product (IP) of the considered salt in the concentrate stream with the solubility product (Ksp) of that salt under the specific conditions in the concentrate stream. If the ion product exceeds the solubility product, it indicates a potential for scaling to occur. This comparison helps to determine whether the salts present in the concentrate stream are likely to precipitate and form scale on the surfaces of the membranes, which can affect their performance and longevity. The calculation procedures for this assessment are adapted from ASTM standards, as referenced in the provided context.","The scaling tendency of salts is quantified by comparing the ion product (IP) of the considered salt in the concentrate stream with the solubility product (Ksp) of that salt under the conditions present in the concentrate stream. If the ion product exceeds the solubility product, it indicates a potential for scaling, as the salt may precipitate out of the solution. This comparison helps to determine the scaling potential of the concentrate stream, which can differ from that of the feed solution due to changes in concentration and pH. The scaling potential for calcium carbonate, for example, is expressed using the index SDSI. Additionally, the scaling potential of other salts, such as baso4, can be predicted using similar calculation procedures adapted from ASTM standards.","The scaling tendency of salts is quantified by comparing the ion product (ipc) of the considered salt in the concentrate stream with the solubility product (ksp) of that salt under the conditions present in the concentrate stream. If the ion product exceeds the solubility product, it indicates a higher tendency for scaling to occur. This comparison helps determine if the concentration of sparingly soluble salts has reached a level beyond their solubility limit, which could lead to scaling within the reverse osmosis system. Index SDSI is specifically used to express the scaling potential for calcium carbonate. Additionally, the scaling potential of silica (SiO2) can be directly calculated from the analysis of the concentrate stream and compared with projected scaling potential calculations. The calculation procedures for predicting scaling potential, such as for baso4, are adapted from ASTM standards.",0.8100963830947876,0.8396333456039429,0.8246004581451416
7.0,antiscalants chemical inhibit nucleation crystal growth precipitation dissolved salt design must consider compatibility effectiveness site condition key parameter include type concentration scaling ion recovery temperature ph water property concentration antiscalant,What factors influence the effectiveness of antiscalants in RO systems?,"Effectiveness depends on the type and concentration of scaling ions, recovery rate, temperature, pH, and the compatibility and dosage of the antiscalant with site-specific water properties.","The effectiveness of antiscalants in RO (Reverse Osmosis) systems is influenced by several factors:

1. Type of Antiscalant: The choice between anionic, nonionic, or cationic flocculants is crucial. Anionic or nonionic flocculants are preferred over cationic flocculants to minimize interference with the RO membrane.

2. Dosage Rates: The correct dosage rates of antiscalants are essential for their effectiveness. It is recommended to contact the antiscalant manufacturers for the appropriate dosage rates for the specific RO plant.

3. Water Quality: The composition of the water being treated, including the types and concentrations of scaling ions, can affect the performance of antiscalants. Different water sources may require different antiscalant formulations or dosages.

4. System Design: The overall design of the RO system, including the membrane area and the presence of other filtration stages (like cartridge filtration), can impact the need for antiscalants and the frequency of cleaning and maintenance.

5. Operating Conditions: Factors such as temperature, pH, and flow rates within the RO system can influence the effectiveness of antiscalants. These conditions should be monitored and controlled to ensure optimal performance.

6. Compatibility with RO Membrane: Antiscalants must be compatible with the RO membrane material to prevent any adverse effects on membrane performance or longevity.

By considering these factors, the effectiveness of antiscalants in RO systems can be maximized, leading to higher perme","The effectiveness of antiscalants in RO (Reverse Osmosis) systems is influenced by several factors:

1. **Type of Antiscalant**: The choice between anionic, nonionic, and cationic flocculants is crucial. Anionic or nonionic flocculants are preferred over cationic flocculants to minimize the risk of interference with the RO membrane.

2. **Chemical Composition**: The specific chemical makeup of the antiscalant can affect its ability to prevent scaling without damaging the membrane.

3. **Concentration**: The concentration of the antiscalant in the feed water must be optimized to effectively prevent scaling while avoiding any negative impact on the membrane or the system.

4. **pH Levels**: The pH of the feed water can influence the performance of antiscalants. Antiscalants are often more effective at certain pH levels, and maintaining the optimal pH is important for their effectiveness.

5. **Water Quality**: The presence of specific ions and minerals in the feed water can affect the performance of antiscalants. Different water sources may require different types or concentrations of antiscalants.

6. **Temperature**: The temperature of the feed water can impact the solubility and effectiveness of antiscalants. Higher temperatures may require adjustments in antiscalant type or concentration.

7. **System Design**: The design of the RO system, including the type of membrane and the flow dynamics, can influence how","The effectiveness of antiscalants in RO (Reverse Osmosis) systems is influenced by several factors:

1. Dosage Rates: The correct dosage rates of antiscalants are crucial for their effectiveness. It is recommended to contact the antiscalant manufacturers for the appropriate dosage rates for the specific system being used.

2. Type of Flocculants: The choice of flocculants can impact the effectiveness of antiscalants. Anionic or nonionic flocculants are preferred over cationic flocculants to minimize interference with the RO membrane.

3. Scale Inhibitor Addition: The addition of a scale inhibitor to the feed stream can allow the RO system to operate above the solubility product (Ksp) value, provided that an adequate amount of scale inhibitor is added according to the manufacturer's instructions.

4. Pretreatment System: Improving the pretreatment system can lead to lower membrane costs and potentially enhance the effectiveness of antiscalants by reducing the contamination of raw water with waste water effluent, which can cause serious problems in the RO plant.

5. Membrane Area and Cleaning Frequency: The need for a high permeate flux and minimal cleaning in the RO system can be influenced by the effectiveness of antiscalants. If the same water is filtered with cartridge filtration, the RO system would require more membrane area and more frequent cleaning and maintenance, indicating that the antiscalants' effectiveness plays a role in reducing these requirements.

6. Compatibility with RO Membrane:","The effectiveness of antiscalants in RO (Reverse Osmosis) systems can be influenced by several factors:

1. Concentration of Antiscalant: The amount of antiscalant added to the feed stream must be adequate according to the manufacturer's instructions. Insufficient concentration may not effectively prevent scaling, while excessive amounts could be wasteful and potentially harmful to the system.

2. Type of Scale: Different types of scales, such as calcium carbonate or barium sulfate, may require different types or concentrations of antiscalants for effective control.

3. Water Chemistry: The composition of the feed water, including pH, temperature, and the presence of other ions, can affect the performance of antiscalants. Adjustments may be necessary to optimize their effectiveness.

4. Presence of Contaminants: Contamination of the raw water with waste water effluent or other impurities can interfere with the performance of antiscalants, potentially leading to scaling or other issues.

5. Compatibility with RO Membrane: The antiscalant used must be compatible with the RO membrane to avoid any adverse effects on membrane performance or longevity.

6. Operating Conditions: The flow rate, pressure, and temperature of the RO system can influence the effectiveness of antiscalants. These conditions should be monitored and adjusted as needed to ensure optimal performance.

7. Regular Monitoring and Maintenance: Regular monitoring of the RO system and the performance of antiscalants is essential to ensure they are functioning effectively. Maintenance activities, such as cleaning and replacing ant","The effectiveness of antiscalants in RO (Reverse Osmosis) systems is influenced by several factors:

1. **Type of Antiscalant**: Anionic or nonionic flocculants are preferred over cationic flocculants to minimize interference with the RO membrane.

2. **Dosage Rates**: Proper dosage rates for antiscalants should be determined by contacting the manufacturers, as they provide specific instructions for their products.

3. **Feed Stream Composition**: The presence of metals like iron and aluminum can deactivate antiscalants, leading to scaling and fouling. The feed stream should be free from contaminants that can poison the antiscalant.

4. **Solubility Factors**: The solubility of scaling minerals such as silica is affected by temperature and pH. Higher temperatures and pH levels can increase solubility, which may influence the effectiveness of antiscalants.

5. **Scale Inhibitor Addition**: The addition of a scale inhibitor to the feed stream, according to the manufacturer's instructions, allows the RO system to operate above the solubility product (Ksp) value, enhancing the effectiveness of antiscalants.

6. **Pretreatment System**: Improving the pretreatment system can lead to lower membrane costs and reduce the risk of contamination from waste water effluent, which can cause serious problems in the RO plant.

7. **Membrane Fouling**: The presence of other fouling problems can affect the restoration of specific flux","The effectiveness of antiscalants in RO (Reverse Osmosis) systems is influenced by several factors:

1. **Type of Antiscalant**: The choice between anionic, nonionic, and cationic flocculants can impact the risk of interference with the RO membrane. Anionic or nonionic flocculants are preferred to minimize this risk.

2. **Feed Stream Composition**: The presence of contaminants such as metals (e.g., iron and aluminum) can affect the performance of antiscalants, especially those containing polymers like acrylic acid.

3. **Temperature and pH**: The solubility of silica, a common scale-forming mineral, increases with higher temperatures and pH levels. This can influence the effectiveness of antiscalants in controlling silica scaling.

4. **Scale Inhibitor Dosage**: The proper addition of scale inhibitors according to the manufacturer's instructions is crucial for the RO system to operate above the solubility product (Ksp) value and prevent scaling.

5. **Raw Water Quality**: Contamination of the raw water with waste water effluent can cause serious problems in the RO plant, potentially affecting the performance of antiscalants.

6. **System Operation**: After correcting the situation that caused scaling problems, simply operating the system can sometimes restore the loss in specific flux over time, provided there are no other serious fouling issues.

7. **Aggressiveness of Permeate**: The aggressive nature of the","The effectiveness of antiscalants in RO (Reverse Osmosis) systems is influenced by several factors:

1. Type of Antiscalant: The choice between anionic, nonionic, or cationic flocculants is crucial. Anionic or nonionic flocculants are preferred over cationic flocculants to minimize interference with the RO membrane.

2. Dosage Rates: The correct dosage rates of antiscalants are essential for their effectiveness. These rates should be determined by contacting the antiscalant manufacturers, as they can provide specific recommendations for different systems and water qualities.

3. Water Quality: The composition of the water being treated, including the presence of scaling ions, can affect how well antiscalants perform. Different water sources may require different types or concentrations of antiscalants.

4. RO System Design: The design of the RO system, including the membrane area and the type of filtration (e.g., RO vs. cartridge filtration), can impact the effectiveness of antiscalants. A well-designed system with adequate membrane area and appropriate filtration can reduce the need for frequent cleaning and maintenance.

5. Maintenance and Monitoring: Regular maintenance and monitoring of the RO system are necessary to ensure that antiscalants are working effectively. This includes checking for any signs of scaling or fouling and adjusting antiscalant dosages as needed.

By considering these factors, the effectiveness of antiscalants in RO systems can be optimized, leading to higher permeate flux and reduced cleaning","The effectiveness of antiscalants in RO (reverse osmosis) systems is influenced by several factors:

1. **Chemical Composition**: The type of antiscalant used (anionic, nonionic, or cationic) can affect its performance. Anionic or nonionic flocculants are preferred over cationic flocculants to minimize interference with the RO membrane.

2. **Concentration**: The concentration of the antiscalant in the feed water needs to be optimized to effectively prevent scaling without causing any adverse effects on the membrane.

3. **pH Levels**: The pH of the feed water can influence the effectiveness of antiscalants. Some antiscalants are more effective in specific pH ranges, and maintaining the appropriate pH level can enhance their performance.

4. **Water Chemistry**: The presence of specific ions and compounds in the feed water, such as calcium, magnesium, and bicarbonates, can impact the effectiveness of antiscalants. The antiscalant must be chosen based on the specific water chemistry to ensure optimal performance.

5. **Temperature**: Temperature variations can affect the solubility and activity of antiscalants. Higher temperatures may require adjustments in the type or concentration of the antiscalant used.

6. **Membrane Type and Condition**: The type of RO membrane and its condition (e.g., age, fouling level) can influence how well antiscalants work. Different membranes may require different antiscal","The effectiveness of antiscalants in RO (Reverse Osmosis) systems is influenced by several factors:

1. Dosage Rates: The correct dosage rates for antiscalants are crucial for their effectiveness. It is important to contact the antiscalant manufacturers to determine the appropriate dosage rates for the specific RO system being used.

2. Type of Flocculants: The choice of flocculants, such as anionic or nonionic flocculants, can impact the effectiveness of antiscalants. Cationic flocculants are generally not preferred due to the risk of direct or indirect interference with the RO membrane.

3. Scale Inhibitor Addition: The addition of a scale inhibitor to the feed stream can enhance the effectiveness of antiscalants by allowing the RO system to operate above the solubility product (Ksp) value, provided that an adequate amount of scale inhibitor is added according to the manufacturer's instructions.

4. Pretreatment System: Improving the pretreatment system can lead to lower membrane costs and potentially increase the effectiveness of antiscalants by reducing the contamination of the raw water with waste water effluent, which can cause serious problems in the RO plant.

5. Membrane Area and Cleaning Requirements: The effectiveness of antiscalants can also be influenced by the membrane area and the frequency of cleaning and maintenance required. A high permeate flux with minimal cleaning is indicative of effective antiscalant use.

6. Water Quality: The quality of the water being processed,","The effectiveness of antiscalants in RO (Reverse Osmosis) systems can be influenced by several factors:

1. **Concentration of Antiscalant**: The amount of antiscalant added to the feed stream must be sufficient according to the manufacturer's instructions. An inadequate concentration may not prevent scaling effectively.

2. **Type of Scale Inhibitor**: Different types of antiscalants, such as anionic, nonionic, or cationic flocculants, have varying degrees of effectiveness. Anionic or nonionic flocculants are preferred to minimize interference with the RO membrane.

3. **Feed Water Quality**: The presence of contaminants, including waste water effluent, can affect the performance of antiscalants. Contaminants may require a higher concentration of antiscalant or a different type of antiscalant to be effective.

4. **Operating Conditions**: The temperature, pH, and flow rate of the feed water can influence the effectiveness of antiscalants. These conditions should be monitored and adjusted as necessary to ensure optimal performance.

5. **Compatibility with RO Membrane**: The antiscalant must be compatible with the RO membrane to avoid any adverse effects on membrane performance or longevity.

6. **Scale Inhibitor Manufacturers' Instructions**: Adhering to the specific guidelines provided by the scale inhibitor manufacturers is crucial for achieving the desired level of protection against scaling.

7. **System Configuration**: The design and configuration of the RO system","The effectiveness of antiscalants in RO (Reverse Osmosis) systems is influenced by several factors:

1. **Type of Antiscalant**: Anionic or nonionic flocculants are preferred over cationic flocculants to minimize interference with the RO membrane.

2. **Dosage Rates**: Proper dosage rates are crucial and should be determined by consulting the antiscalant manufacturers.

3. **Feed Stream Composition**: The presence of metals like iron and aluminum can deactivate antiscalants, particularly those containing polymers like acrylic acid, leading to scaling and fouling.

4. **Solubility Factors**: The solubility of scaling minerals, such as silica, is affected by temperature and pH. For example, increasing temperature and pH can increase silica solubility.

5. **Scale Inhibitor Addition**: The addition of a scale inhibitor to the feed stream, according to the manufacturer's instructions, allows the RO system to operate above the solubility product constant (Ksp) value, preventing scaling.

6. **Pretreatment System**: Improving the pretreatment system can lead to lower membrane costs and reduce the risk of contamination from waste water effluent, which can cause serious problems in the RO plant.

7. **Membrane Condition**: Operating the system after correcting the situation that caused the problem can restore the loss in specific flux over time, provided there are no other serious fouling problems.

8. **Temperature and pH**","The effectiveness of antiscalants in RO (Reverse Osmosis) systems is influenced by several factors:

1. **Type of Antiscalant**: The choice between anionic, nonionic, or cationic flocculants can impact the effectiveness, with anionic or nonionic flocculants being preferred to minimize interference with the RO membrane.

2. **Presence of Metals**: Antiscalants containing polymers, such as acrylic acid-based products, can be sensitive to the presence of metals like iron and aluminum, which can affect their performance.

3. **Feed Stream Composition**: Contamination of the raw water with waste water effluent can cause serious problems in the RO plant, potentially impacting the effectiveness of antiscalants.

4. **Temperature and pH**: For silica, increasing temperature and pH can increase its solubility, which may influence the effectiveness of antiscalants in preventing scaling.

5. **Scale Inhibitor Dosage**: The addition of an adequate amount of scale inhibitor, according to the manufacturer's instructions, is crucial for the RO system to operate above the solubility product (Ksp) value, which can enhance the effectiveness of antiscalants.

6. **RO System Operation**: The aggressive nature of permeate in RO systems can cause fouling. However, correcting the situation that caused the problem and operating the system can restore the loss in specific flux over time, provided there are no other serious fouling problems.

7.",0.8031644821166992,0.8745682239532471,0.8373469114303589
8.0,phosphate base antiscalant effective calcium carbonate calcium sulfate barite celestite phosphate silicate salt low dose effective wide ph range biodegradable phosphatefree antiscalant alternative prevent specific scale type good dispersant keep particle suspended prevent fouling,What are the benefits of phosphate-based and phosphate-free antiscalants?,"Phosphate-based antiscalants are effective against a variety of scales and work over a wide pH range, while phosphate-free alternatives help prevent fouling and offer environmental benefits.","Phosphate-based antiscalants are beneficial because they are specifically needed to prevent calcium phosphate scaling due to their low solubility, which is a common issue in RO (reverse osmosis) operations. They are effective in inhibiting the formation of calcium phosphate scales, which can otherwise reduce the efficiency of the RO process and potentially damage the system.

On the other hand, phosphate-free antiscalants offer an alternative for those who may be concerned about the potential for hydrolysis to decrease scale inhibition efficiency and create a risk for calcium phosphate scaling. These antiscalants are designed to provide scale inhibition without the use of phosphates, which can be advantageous in certain situations, such as when there is a need to minimize the use of phosphates due to environmental concerns or when phosphate-based antiscalants are not effective enough. Additionally, phosphate-free antiscalants can be suitable for use in systems where phosphate contamination is a concern. It is important to consult with antiscalant manufacturers for appropriate dosage rates and to ensure the chosen antiscalant is effective for the specific application.","Phosphate-based antiscalants are beneficial because they can effectively prevent phosphate scaling in RO (Reverse Osmosis) operations, which is a common issue due to the low solubility of phosphate compounds. They help maintain the efficiency of the RO system by inhibiting the formation of calcium phosphate scales, which can otherwise decrease the scale inhibition efficiency and create a risk of calcium phosphate scaling.

On the other hand, phosphate-free antiscalants offer an alternative to those who may be concerned about the potential for phosphate scaling or who are looking to avoid the use of phosphates altogether. These antiscalants are designed to provide similar scale inhibition benefits without the use of phosphate compounds, thus reducing the risk of phosphate-related scaling and making them suitable for use in systems where phosphate levels need to be minimized. Additionally, phosphate-free antiscalants can be particularly useful in applications where phosphate contamination is a concern, such as in water treatment processes where the final water quality must meet strict regulatory standards.","Phosphate-based antiscalants are beneficial because they are specifically formulated to address the issue of calcium phosphate scaling, which is a common problem in RO (reverse osmosis) operations. These antiscalants are effective in preventing the formation of calcium phosphate deposits due to their ability to inhibit the scaling process. They are particularly useful in systems where phosphate scaling is a known risk, as they can help maintain the efficiency and longevity of the RO system by preventing the buildup of insoluble phosphate compounds.

On the other hand, phosphate-free antiscalants offer an alternative solution for systems where phosphate scaling is not a concern or where the use of phosphate-based antiscalants is not desirable. These antiscalants are formulated to prevent scaling without the use of phosphates, which can be beneficial in certain applications where phosphate residues might be problematic. Phosphate-free antiscalants can also be advantageous in systems that require a different chemical approach to scaling inhibition, such as those that are sensitive to the presence of phosphates or where phosphate-based antiscalants may not be as effective.

In summary, the benefits of phosphate-based antiscalants include their targeted effectiveness against calcium phosphate scaling, while phosphate-free antiscalants provide an alternative that avoids the use of phosphates, which may be necessary in specific RO system applications. It is important to consult with antiscalant manufacturers to determine the appropriate dosage rates and to ensure the best protection against scaling for a given RO operation.","Phosphate-based antiscalants are beneficial because they can effectively inhibit the formation of scale, particularly in systems where phosphate compounds are a concern, such as in RO (reverse osmosis) operations. They work by reacting with the scaling ions, such as calcium, magnesium, and iron, to form insoluble compounds that can be removed from the system. This helps to maintain the efficiency and longevity of the RO membranes and associated equipment.

Phosphate-free antiscalants, on the other hand, offer benefits in systems where phosphate-based antiscalants may not be suitable. For example, in systems with low pH levels, phosphate-based antiscalants may not be as effective due to the reduced solubility of aluminum and iron phosphates. Phosphate-free antiscalants can be formulated to work under a wider range of pH conditions and may also be less likely to cause issues related to phosphate scaling, such as the creation of calcium phosphate scaling risk. Additionally, phosphate-free antiscalants can be designed to be less corrosive and more environmentally friendly, reducing the risk of damage to the system and minimizing the environmental impact of the antiscalant itself. Commercially available phosphate-free antiscalants can provide effective scale inhibition while addressing the specific needs of different water treatment systems.","Phosphate-based antiscalants are beneficial because they are effective in controlling phosphate scaling, which is a common issue in water treatment processes. Their low solubility makes them suitable for preventing the formation of calcium phosphate scaling, which can be problematic in reverse osmosis operations. Phosphate-based antiscalants can also be used to inhibit the formation of other types of scales, such as calcium fluoride, calcium sulfate, and iron phosphate, especially under moderately acidic conditions.

On the other hand, phosphate-free antiscalants offer the advantage of not contributing additional phosphates to the water, which can be beneficial in reducing the overall phosphate content in the treated water. This can be particularly important in situations where phosphate levels need to be minimized, such as in the treatment of drinking water or in industrial processes where phosphate discharge is regulated. Phosphate-free antiscalants can also be formulated to be less reactive with cationic coagulants or flocculants, reducing the risk of antiscalant deactivation and fouling in the membrane systems. Additionally, they may be less likely to cause environmental concerns associated with phosphate discharge. However, it is important to note that the effectiveness of phosphate-free antiscalants may vary, and their suitability for a particular application should be evaluated based on the specific conditions and requirements of the water treatment process.","Phosphate-based antiscalants are beneficial because they can effectively control phosphate scaling, which is a common issue in reverse osmosis (RO) operations due to the low solubility of certain phosphate compounds. They help in preventing the formation of calcium phosphate scaling, which can decrease the efficiency of scale inhibition and pose a risk for calcium phosphate scaling. Additionally, there are appropriate commercial phosphate-based antiscalants available that are specifically good for phosphate scaling.

On the other hand, phosphate-free antiscalants offer the advantage of not contributing to the phosphate content in the water being treated. This can be particularly important in situations where the addition of phosphates to the water supply is undesirable or prohibited, such as in certain drinking water treatment processes. Phosphate-free antiscalants can also be used to control other types of scaling, such as carbonate, sulfate, and calcium fluoride scaling, without the concern of adding phosphates to the water. However, it is important to note that nearly all antiscalants, whether phosphate-based or phosphate-free, are negatively charged and can react with cationic coagulants or flocculants present in the water, which can lead to deactivation, poisoning, and subsequent scaling and antiscalant fouling in the membrane if not properly managed.","Phosphate-based antiscalants are beneficial for phosphate scaling because they are effective in preventing the formation of calcium phosphate scale, which is a common problem in water treatment processes due to its low solubility. These antiscalants can help maintain the efficiency of the water treatment system by inhibiting the scaling process.

Phosphate-free antiscalants, on the other hand, offer the advantage of not contributing additional phosphate ions to the water system. This can be particularly important in situations where the introduction of extra phosphate is undesirable, such as in environments where phosphate levels are already high or where phosphate can contribute to eutrophication in natural water bodies. Phosphate-free antiscalants can still effectively prevent scaling without the risk of increasing phosphate concentrations, making them a suitable choice for certain applications. Additionally, they may be preferred in systems where the use of phosphate-based chemicals is restricted or regulated.","Phosphate-based antiscalants are beneficial because they can effectively prevent phosphate scaling in RO (Reverse Osmosis) operations, which is a common issue due to the low solubility of phosphate compounds. They help maintain the efficiency of the RO system by inhibiting the formation of calcium phosphate scales that can otherwise decrease the scale inhibition efficiency and create a risk of calcium phosphate scaling.

On the other hand, phosphate-free antiscalants are advantageous because they do not contribute to the buildup of phosphate scales. This can be particularly important in systems where phosphate levels are already high or where the use of phosphate-based antiscalants could lead to other issues, such as environmental concerns or compatibility with certain system components. Phosphate-free antiscalants can provide effective scale inhibition without the risk of exacerbating phosphate scaling, making them a suitable alternative in various RO operations. Additionally, appropriate commercial phosphate-free antiscalants are available, offering flexibility in choosing a scale inhibitor that best fits the specific needs of the RO system.","Phosphate-based antiscalants are beneficial because they can effectively prevent the formation of calcium phosphate scaling, which is a common issue in RO (reverse osmosis) operations due to the low solubility of calcium phosphate compounds. These antiscalants work by inhibiting the precipitation of calcium phosphate, thus reducing the risk of scaling and maintaining the efficiency of the RO system.

On the other hand, phosphate-free antiscalants offer an alternative to those who may need to avoid the use of phosphates, possibly due to environmental concerns or regulations. These antiscalants are designed to provide similar scale inhibition properties without the use of phosphate compounds. They can be particularly useful in situations where phosphate-based antiscalants are not suitable or when there is a need to reduce the overall phosphate content in the water treatment process. Additionally, phosphate-free antiscalants can help prevent the hydrolysis of phosphates, which can decrease scale inhibition efficiency and create a risk for calcium phosphate scaling. It is important to consult with antiscalant manufacturers to determine the appropriate dosage rates for these products.","Phosphate-based antiscalants are beneficial because they are effective in preventing the formation of phosphate scaling, which can occur due to the low solubility of certain phosphate compounds in water. They can help maintain the efficiency of water treatment processes by inhibiting the growth of scale-forming minerals. On the other hand, phosphate-free antiscalants are also available and can be used as an alternative to phosphate-based ones. They are particularly useful in situations where phosphate-based antiscalants may not be suitable, such as in environments with high phosphate levels where their use could exacerbate scaling issues. Phosphate-free antiscalants can help reduce the risk of calcium phosphate scaling and are less likely to contribute to the hydrolysis process that decreases scale inhibition efficiency. Additionally, they can be formulated to target specific types of scale-forming minerals, providing a tailored approach to scaling prevention. Both types of antiscalants can be commercially available and are chosen based on the specific requirements of the water treatment process and the characteristics of the water being treated.","Phosphate-based antiscalants are beneficial because they can effectively control various types of scaling, such as carbonate scaling, sulfate scaling, and calcium fluoride scaling. They are particularly useful in water treatment processes where calcium phosphate scaling is a concern due to its low solubility. Phosphate-based antiscalants can help prevent the formation of calcium phosphate deposits, which can otherwise lead to scaling and fouling issues in systems like reverse osmosis operations.

On the other hand, phosphate-free antiscalants offer an alternative for situations where phosphate-based compounds might not be suitable. These antiscalants can still provide scale inhibition without the use of phosphates, which can be advantageous in certain water treatment scenarios, such as when dealing with water sources that are sensitive to phosphate levels or when phosphate-based antiscalants are not effective. Phosphate-free antiscalants can also help avoid the potential for hydrolysis to decrease scale inhibition efficiency and create a risk for calcium phosphate scaling. Additionally, they can be used in conjunction with other coagulants or flocculants without the risk of negative reactions that can occur with negatively charged phosphate-based antiscalants. Overall, the choice between phosphate-based and phosphate-free antiscalants depends on the specific requirements of the water treatment process and the characteristics of the water being treated.","Phosphate-based antiscalants are beneficial because they can effectively control phosphate scaling, which is a common issue in reverse osmosis (RO) operations. Phosphate-based antiscalants can react with the phosphate compounds that contribute to scaling, thus preventing the formation of calcium phosphate scales that can reduce the efficiency of the RO process. Additionally, phosphate-based antiscalants can also help in controlling other types of scaling, such as carbonate and sulfate scaling, as well as calcium fluoride scaling.

On the other hand, phosphate-free antiscalants are beneficial because they do not contribute to phosphate scaling, which can be a concern in water systems with high phosphate concentrations. These antiscalants can still effectively control other types of scaling, such as carbonate, sulfate, and calcium fluoride scaling, without the risk of phosphate scaling. Phosphate-free antiscalants are also less likely to react negatively with cationic coagulants or flocculants present in the water, which can help to prevent the deactivation, poisoning, and fouling of the membrane. Overall, phosphate-free antiscalants offer a safer and more environmentally friendly option for controlling scaling in water treatment processes.",0.8313464522361755,0.8814085721969604,0.8556458950042725
9.0,antiscalant injected continuously upstream cartridge filter avoid overdosing normally diluted solution avoid mixing different type antiscalant avoid reaction antiscalant cleaner avoid precipitation proper cleaning procedure ensure antiscalant removed cleaning procedure cleaner include surfactant active acid cleaner remove precipitated scale,Why must antiscalants be handled carefully in RO systems?,"Improper handling, such as overdosing or mixing incompatible antiscalants or cleaners, can lead to precipitation and fouling; proper dilution and cleaning procedures are essential.","Antiscalants must be handled carefully in RO systems because they are negatively charged and can react with positively charged coagulants or flocculants present in the water, which can affect the treatment process. Additionally, their exposure to air or oxidizing agents like chlorine should be prevented throughout the RO process to maintain their effectiveness and prevent potential damage to the system.","Antiscalants must be handled carefully in RO systems because nearly all antiscalants are negatively charged and can react with the positively charged cationic coagulants or flocculants present in the water. This reaction can interfere with the water treatment process. Additionally, the exposure of water to air or oxidizing agents like chlorine throughout the RO process must be prevented, as it can degrade the effectiveness of antiscalants and potentially damage the RO system. Therefore, careful handling of antiscalants is essential to maintain the efficiency and longevity of the RO system.","Antiscalants must be handled carefully in RO (Reverse Osmosis) systems because nearly all antiscalants are negatively charged and can react with cationic coagulants or flocculants present in the water, potentially causing interference with the RO membrane. Additionally, the exposure of water to air or oxidizing agents like chlorine throughout the RO process must be prevented to avoid damaging the membrane. To minimize the risk of interference, anionic or nonionic flocculants are preferred over cationic flocculants. Proper handling and selection of antiscalants are crucial to maintain the efficiency and longevity of the RO system.","Antiscalants must be handled carefully in RO (Reverse Osmosis) systems because nearly all antiscalants are negatively charged and will react with cationic coagulants or flocculants present in the water. This reaction can interfere with the RO process. Additionally, the exposure of water to air or oxidizing agents like chlorine throughout the RO process must be prevented, as it can damage the membrane. To minimize the risk of interference with the RO membrane, anionic or nonionic flocculants are preferred over cationic flocculants. Therefore, careful handling of antiscalants is crucial to maintain the efficiency and longevity of the RO system.","Antiscalants must be handled carefully in RO systems because they are negatively charged and can react with cationic coagulants or flocculants present in the water, potentially causing interference with the RO membrane. Additionally, certain antiscalants, like those containing acrylic acid, are sensitive to metals such as iron and aluminum, which can deactivate the antiscalant, leading to scaling and fouling of the membrane. Proper handling and selection of antiscalants, as well as careful dosing according to manufacturer instructions, are crucial to prevent these issues and ensure the efficient operation of the RO system.","Antiscalants must be handled carefully in RO (Reverse Osmosis) systems because they are negatively charged and can react with cationic coagulants or flocculants present in the water, which could interfere with the membrane process. Additionally, the exposure of the water to air or oxidizing agents like chlorine must be prevented, as it could damage the RO membrane. To minimize the risk of interference, anionic or nonionic flocculants are preferred over cationic ones. Antiscalants containing polymers, such as acrylic acid-based products, are sensitive to metals like iron and aluminum, which could affect their performance. Moreover, scaling calculations are necessary to determine if a sparingly soluble salt could cause scaling, and the addition of a scale inhibitor is required to prevent this. Therefore, careful handling of antiscalants is crucial to maintain the efficiency and longevity of the RO system.","Antiscalants must be handled carefully in RO systems because nearly all antiscalants are negatively charged and will react with cationic coagulants or flocculants present in the water, which can lead to reduced treatment efficiency or damage to the system. Additionally, the exposure of water to air or oxidizing agents like chlorine throughout the RO process must be prevented, as this can degrade the effectiveness of the antiscalants and potentially harm the system. Therefore, proper handling and contact with the manufacturers for dosage rates are essential to maintain the integrity and performance of the RO system.","Antiscalants must be handled carefully in RO (Reverse Osmosis) systems because nearly all antiscalants are negatively charged and can react with the positively charged cationic coagulants or flocculants present in the water. This reaction can lead to the formation of unwanted precipitates, which can clog the RO membranes and reduce the efficiency of the filtration process. Additionally, the exposure of water to air or oxidizing agents like chlorine throughout the RO process must be avoided, as these can degrade the antiscalants, rendering them ineffective. Therefore, careful handling of antiscalants is essential to maintain the integrity and performance of the RO system.","Antiscalants must be handled carefully in RO (Reverse Osmosis) systems because nearly all antiscalants are negatively charged and can react with cationic coagulants or flocculants present in the water, potentially causing interference with the RO membrane. Additionally, the exposure of water to air or oxidizing agents, such as chlorine, must be prevented throughout the RO process to maintain system efficiency. Using anionic or nonionic flocculants is preferred to minimize the risk of direct or indirect interference with the RO membrane. Proper handling and selection of antiscalants are crucial to ensure the longevity and performance of the RO system.","Antiscalants must be handled carefully in RO (Reverse Osmosis) systems because nearly all antiscalants are negatively charged and can react with cationic coagulants or flocculants present in the water. This reaction can interfere with the performance of the RO system. Additionally, the exposure of water to air or oxidizing agents like chlorine during the RO process must be prevented, as it can damage the membrane. To minimize the risk of interference with the RO membrane, anionic or nonionic flocculants are preferred over cationic flocculants. Therefore, careful handling of antiscalants is essential to maintain the efficiency and longevity of the RO system.","Antiscalants must be handled carefully in RO (Reverse Osmosis) systems because nearly all antiscalants are negatively charged and can react with cationic coagulants or flocculants present in the water, which can lead to scaling and fouling issues. Additionally, some antiscalants, like those containing polymers such as acrylic acid, are sensitive to metals like iron and aluminum, which can deactivate the antiscalant and cause scaling and fouling. Proper dosing and understanding of the interactions between antiscalants and other chemicals in the water are essential to prevent these problems and ensure the efficient operation of the RO system.","Antiscalants must be handled carefully in RO systems because they are negatively charged and can react with cationic coagulants or flocculants present in the water, which could interfere with the membrane process. Additionally, the exposure of water to air or oxidizing agents like chlorine must be prevented to avoid damaging the RO membrane. Anionic or nonionic flocculants are preferred to minimize interference with the RO membrane. Antiscalants containing polymers like acrylic acid are sensitive to metals such as iron and aluminum, which could affect their performance. Scaling calculations must be performed to determine if a sparingly soluble salt could cause scaling problems, and scale inhibitors may be added to the feed stream to prevent scaling, but this must be done according to the manufacturer's instructions. Therefore, careful handling and selection of antiscalants are crucial to ensure the efficient operation of RO systems.",0.8483360409736633,0.8595611453056335,0.8539117574691772
10.0,colloidal fouling caused suspended colloidal matter example iron hydroxide formed oxidation iron removal process foul ro membrane pretreatment design extremely important reduce sdi index feed water suitable level several approach reduce sdi described,What causes colloidal fouling and how can it be reduced?,Colloidal fouling is caused by suspended matter like iron hydroxide from oxidation processes; it can be reduced through proper pretreatment strategies that lower the Silt Density Index (SDI).,"Colloidal fouling is often caused by an increased pressure differential across the system, which can lead to the accumulation of colloidal or organofecomplexes that are not removed and pass through into the product water. To reduce colloidal fouling, it is essential to consider both the proper pretreatment selection and the design and operation of the system. This includes implementing other methods to prevent fouling, in addition to those described in previous sections. Proper pretreatment can help remove colloids before they cause fouling, and a well-designed system with optimal operation can minimize the conditions that lead to fouling. Regular maintenance and monitoring can also help detect and address fouling issues early on.","Colloidal fouling is often caused by an increased pressure differential across the system, which can lead to the accumulation of colloidal particles on surfaces within the system. To reduce colloidal fouling, it is essential to consider both the proper selection of pretreatment methods and the design and operation of the system. This includes implementing strategies that prevent the accumulation of colloidal particles, such as optimizing flow conditions, using appropriate materials, and maintaining regular system maintenance. Additionally, other methods not previously described can also be employed to prevent colloidal fouling.","Colloidal fouling is often caused by an increased pressure differential across the system, which can lead to the accumulation of colloidal or organofecomplexes that are not removed and pass through into the product water. It can also occur due to chemical reactions, precipitation processes, scaling, and the entry of submicron particles into the membrane system. To reduce colloidal fouling, it is essential to consider proper pretreatment selection, system design, and operation. Additionally, other methods beyond those previously described can be employed to prevent fouling. Specifically, for fouling with colloidal and particulate iron, methods described in section 2.5 can be utilized.","Colloidal fouling can be caused by a variety of factors, including chemical reactions and precipitation processes that lead to scaling, as well as the entry of submicron particles into the membrane system. To reduce colloidal fouling, it is important to consider proper pretreatment selection, as well as the design and operation of the system. This includes implementing methods to prevent fouling, such as those described in the referenced sections, which may involve specific strategies for dealing with colloidal and particulate iron fouling. Additionally, monitoring and maintaining an optimal pressure differential across the system can serve as an early sign of colloidal fouling, allowing for timely interventions to prevent or mitigate the fouling process.","Colloidal fouling can be caused by a variety of factors, including the presence of colloidal or organofecomplexes that are not removed during pretreatment and pass through into the product water. It can also result from chemical reactions and precipitation processes, as well as from the entry of submicron particles into the membrane system. Additionally, direct interference with the membrane can lead to fouling, which can be exacerbated by overdosing antiscalants.

To reduce colloidal fouling, it is essential to consider both the selection of proper pretreatment methods and the design and operation of the system. This includes implementing methods to prevent fouling, such as those described in the relevant sections of the context provided. It is also important to avoid overdosing antiscalants to prevent direct interference with the membrane. By addressing these factors, the prevention of colloidal fouling can be effectively managed.","Colloidal fouling can be caused by a variety of factors, including chemical reactions and precipitation processes that lead to scaling, as well as the entry of submicron particles into the membrane system. This type of fouling can also occur with metal silicates, which may result from direct interference with the membrane, causing a loss of flux. To reduce colloidal fouling, it is important to consider both the selection of proper pretreatment methods and the design and operation of the system. This includes implementing strategies to prevent the entry of fouling particles and managing the chemical processes that can lead to scaling. Additionally, specific methods to prevent fouling with colloidal and particulate iron have been described in the referenced section, which can be applied to other types of colloidal fouling as well. Regular monitoring and maintenance of the system can also help in early detection and prevention of colloidal fouling.","Colloidal fouling is often caused by an increased pressure differential across the system, which can lead to the accumulation of colloidal or organofecomplexes that are usually not removed and can pass through into the product water. To reduce colloidal fouling, it is important to consider both the proper pretreatment selection and the design and operation of the system. This includes implementing methods other than those previously described to prevent fouling. Proper system design and operation, along with effective pretreatment, can help minimize the occurrence of colloidal fouling.","Colloidal fouling is often caused by an increased pressure differential across the system, which can be an early sign of the issue. To reduce colloidal fouling, it is essential to consider both the proper selection of pretreatment methods and the design and operation of the system. This includes implementing other methods to prevent fouling, in addition to those previously described. Proper system design and operation are crucial in preventing colloidal fouling, alongside the selection of appropriate pretreatment techniques.","Colloidal fouling is often caused by an increased pressure differential across the system, which can lead to the accumulation of colloidal or organofecomplexes that are usually not removed and pass through into the product water. Additionally, fouling can occur from chemical reactions and precipitation processes, as well as from colloidal fouling with submicron particles entering the membrane system.

To reduce colloidal fouling, it is essential to consider both the proper pretreatment selection and the system design and operation. This includes implementing methods to prevent fouling, such as those described in previous sections, and ensuring that the system is designed to minimize the conditions that lead to fouling. Regular maintenance and monitoring can also help in early detection and prevention of fouling.","Colloidal fouling can be caused by a chemical reaction and precipitation process, scaling, and the entry of submicron particles into the membrane system. To reduce colloidal fouling, it is essential to select the proper pretreatment, design the system appropriately, and operate it correctly. Additionally, other methods not described in previous sections may also be employed to prevent fouling. For example, methods to prevent fouling with colloidal and particulate iron have been detailed in section 2.5.","Colloidal fouling can be caused by a variety of factors, including the presence of colloidal or organofecomplexes that are not removed during pretreatment and pass through into the product water. It can also occur due to chemical reactions and precipitation processes that lead to scaling, as well as from submicron particles entering the membrane system. Colloidal fouling can be exacerbated by the presence of metal silicates, which may cause fouling through chemical reactions and precipitation.

To reduce colloidal fouling, it is essential to consider both the pretreatment selection and the system design and operation. Proper pretreatment can help remove colloidal particles before they reach the membrane system. Additionally, the system design should be optimized to minimize the entry of submicron particles and to handle the specific challenges posed by colloidal fouling. This may include the use of antiscalants to prevent fouling and the careful management of dosing to avoid overdosing, which can lead to direct interference with the membrane and result in flux loss. Regular monitoring and maintenance are also crucial to ensure that the system operates effectively and to prevent the buildup of fouling materials.","Colloidal fouling can be caused by several factors, including chemical reactions and precipitation processes that lead to scaling, as well as the entry of submicron particles into the membrane system. This type of fouling can also occur with metal silicates, such as aluminum silicates, which are known to cause fouling in the first and last stages of RO (Reverse Osmosis) plants. To reduce colloidal fouling, it is important to consider both the selection of proper pretreatment methods and the design and operation of the system. This includes implementing methods to prevent fouling, which may involve the use of specific materials or coatings that resist the formation of colloidal particles, as well as maintaining optimal operating conditions to minimize the potential for fouling. Additionally, regular monitoring and cleaning procedures can help to manage and mitigate the effects of colloidal fouling.",0.8438616991043091,0.860260009765625,0.8519819378852844
11.0,medium filtration remove suspended colloidal particle medium filtration based deposition surface filter grain water flow bed grain filter medium quality filtrate depends size surface charge geometry suspended solid filter medium well water analysis operational parameter,How does medium filtration work to remove colloidal particles?,"Medium filtration works by depositing suspended particles on the surface of filter grains as water flows through; its effectiveness depends on particle size, surface charge, filter medium characteristics, and operational parameters.","Medium filtration works to remove colloidal particles by depositing them on the surface of filter grains as water flows through a bed of these grains. The filter media acts as a barrier that traps the suspended and colloidal particles, preventing them from passing through the filter and thus purifying the water. The effectiveness of the filtration depends on factors such as the size and type of filter grains, the pressure applied, and the filtration velocity. Periodic backwashing and rinsing are performed to clean the filter and remove the accumulated particles, ensuring the filter continues to operate efficiently.","Medium filtration works to remove colloidal particles by depositing them on the surface of filter grains as water flows through a bed of these grains. The filter media acts as a barrier that traps the suspended and colloidal particles, preventing them from passing through the filter and thus purifying the water. The effectiveness of the filtration process can be enhanced by applying higher pressure drops, using higher filter beds, smaller filter grains, or higher filtration velocities, especially in pressure filtration systems. Periodic backwashing and rinsing are also performed to remove the accumulated matter from the filter, ensuring the continued efficiency of the filtration process.","Medium filtration works to remove colloidal particles by depositing them on the surface of filter grains as water flows through a bed of these grains. The filter media acts as a barrier that traps the suspended and colloidal particles, preventing them from passing through the filter and thus cleaning the water. This process is effective because the filter media provides a large surface area for the particles to adhere to, and the pressure applied during filtration helps to push the water through the media, carrying the trapped particles away. Periodic backwashing and rinsing are used to clean the filter media and remove the accumulated particles, ensuring the filtration system continues to operate efficiently. Pretreatment chemicals can also be used to agglomerate fine particles into larger ones, making them easier to remove through medium filtration.","Medium filtration works to remove colloidal particles by depositing them on the surface of filter grains as water flows through a bed of these grains. The filter media acts as a barrier that traps the suspended and colloidal particles, preventing them from passing through the filter and thus purifying the water. This process is effective because the size and surface area of the filter grains are designed to capture and hold the fine particles, while allowing the water to pass through. Regular backwashing and rinsing of the filter are necessary to remove the accumulated particles and maintain the efficiency of the filtration process. Pretreatment chemicals can also be used to agglomerate fine particles into larger ones, which are then more easily removed by the filtration media. This method is particularly useful for removing iron and colloidal matter from water.","Medium filtration works to remove colloidal particles by depositing them on the surface of filter grains as water flows through a bed of these grains. The filter media acts as a barrier that traps the suspended and colloidal particles, preventing them from passing through the filter. This process is effective because the size and surface properties of the filter media are designed to capture and hold the fine particles, while allowing the filtered water to pass through. Additionally, pretreatment chemicals like aluminum sulfate, ferric chloride, or cationic polyelectrolytes can be used to agglomerate fine particles into larger ones, which are then more easily removed by the medium filtration process.","Medium filtration works to remove colloidal particles by depositing them on the surface of filter grains as water flows through a bed of these grains. The filter media, which can consist of various materials, traps the suspended and colloidal particles, effectively separating them from the water. This process relies on the physical interaction between the particles and the filter media, which can be enhanced by the use of pretreatment chemicals like aluminum sulfate, ferric chloride, or cationic polyelectrolytes. These chemicals help to agglomerate the fine particles into larger ones, making them easier to remove through media filtration. Additionally, flocculants can be used to strengthen the microflocs of hydroxides or bridge colloidal particles together, further improving their filterability. After the filtration process, the effluent may require additional media filtration and pH adjustment before it can be safely discharged or used in subsequent processes.","Medium filtration works to remove colloidal particles by depositing them on the surface of filter grains as water flows through a bed of these grains. The filter media acts as a barrier that traps the suspended and colloidal particles, preventing them from passing through the filter. As the water passes through the filter, the particles accumulate on the surface of the filter media, effectively removing them from the water. Periodically, the filter is backwashed and rinsed to remove the accumulated particles and maintain the efficiency of the filtration process.","Medium filtration works to remove colloidal particles by depositing them on the surface of filter grains as water flows through a bed of these grains. The filter media acts as a barrier that traps the suspended and colloidal particles, preventing them from passing through the filter and thus purifying the water. The effectiveness of the filtration process depends on factors such as the size of the filter grains, the pressure applied to the filter, and the velocity of the water flow. Periodic backwashing and rinsing are necessary to remove the accumulated particles from the filter media, ensuring the continued efficiency of the filtration process.","Medium filtration works to remove colloidal particles by depositing them on the surface of filter grains as water flows through a bed of these grains. The process relies on the physical interaction between the suspended or colloidal particles and the filter media, which traps and holds the particles, effectively removing them from the water as it passes through the filter. This method is particularly effective for particles that are too small to be removed by other filtration methods, such as those found in a clarifier where pretreatment chemicals are used to agglomerate fine particles into larger ones that can then be more easily captured by the filter media.","Medium filtration works to remove colloidal particles by depositing them on the surface of filter grains as water flows through a bed of these grains. The filter media acts as a barrier that traps the suspended and colloidal particles, preventing them from passing through and thus purifying the water. This process is effective because the size and surface area of the filter media are designed to capture and hold the fine particles that are too small to settle by gravity alone. Regular backwashing and rinsing of the filter vessel, which occurs when the pressure differential reaches a certain threshold, help to remove the accumulated particles and maintain the efficiency of the filtration process. Pretreatment chemicals can also be used to agglomerate fine particles into larger ones, making them easier to remove through medium filtration.","Medium filtration works to remove colloidal particles by depositing them on the surface of filter grains as water flows through a bed of these grains. This process is based on the principle that colloidal particles are too small to be removed by simple sedimentation or straining, so they are captured by the filter media through a combination of physical and chemical interactions. The filter media can include materials such as aluminum sulfate, ferric chloride, or cationic polyelectrolytes, which can agglomerate fine particles into larger ones that are easier to filter out. Additionally, flocculants can be used to strengthen and bridge colloidal particles together, enhancing their removal during the filtration process. The effectiveness of medium filtration in removing colloidal particles is also influenced by factors such as the pressure drop across the filter, the size of the filter grains, and the filtration velocity. Regular backwashing and rinsing of the filter vessel are necessary to remove the accumulated deposits and maintain the filtration efficiency.","Medium filtration works to remove colloidal particles by depositing them on the surface of filter grains as water flows through a bed of these grains. The filter media, which can consist of various materials, capture the suspended and colloidal particles, effectively separating them from the water. This process relies on the physical interaction between the particles and the filter media, where the particles adhere to the grains due to size, charge, or other properties. Periodic backwashing and rinsing are then performed to clean the filter media and remove the accumulated particles, ensuring the filtration system continues to operate efficiently. Pretreatment chemicals may be used to agglomerate fine particles into larger ones, which are then more easily removed by the medium filtration process. Additionally, flocculants can be added to strengthen microflocs or bridge colloidal particles together, enhancing their removal during filtration. After medium filtration, the effluent may require further treatment, such as pH adjustment, before it is suitable for subsequent processes.",0.8772150278091431,0.9316396117210388,0.9036086201667786
12.0,oxidation filtration used pretreatment remove iron manganese hydrogen sulfide water oxidation oxidizes contaminant form particle removed filtration eg greensand filter media,Why is oxidation-filtration used in pretreatment processes?,"Oxidation-filtration is used to remove iron, manganese, and hydrogen sulfide by oxidizing them into particles that can be captured by filtration media such as greensand.","Oxidation-filtration is used in pretreatment processes to remove small iron and manganese hydroxide particles that are formed as a result of an oxidation process. This step is crucial for ensuring that these particles do not cause fouling or other issues in the subsequent treatment stages. By using oxidation-filtration, the water treatment process can effectively reduce the concentration of these potentially problematic particles before further treatment, such as media filtration, microfiltration, or ultrafiltration, is applied. This helps in maintaining the efficiency and effectiveness of the overall water treatment process.","Oxidation-filtration is used in pretreatment processes to remove small iron and manganese hydroxide particles that are formed as a result of an oxidation process. This step is crucial for treating water with relatively low concentrations of iron, as it helps to prevent the fouling of filters and other components in the water treatment system, ensuring the efficiency and longevity of the pretreatment process. Oxidation-filtration is an alternative to media filtration, microfiltration, or ultrafiltration, which are also used to remove these particles but are discussed in a different section of the document.","Oxidation-filtration is used in pretreatment processes to simultaneously oxidize and remove divalent iron and manganese from water. This is achieved by using a filter media capable of oxidizing these metals through electron transfer. The oxidation process converts the metals into a form that can be easily filtered out, while filtration removes the oxidized particles from the water. This combined approach is efficient for treating water with low concentrations of iron and manganese, and it can be particularly useful when the water is contaminated with biodegradable organic substances or comes from an old aquifer where oxygen levels are low. Oxidation-filtration can also be used to prevent aluminum fouling by removing small iron and manganese hydroxide particles that can react with aluminum-based flocculants.","Oxidation-filtration is used in pretreatment processes because it allows for the simultaneous oxidation of divalent iron and manganese and their subsequent removal through filtration. This method is effective for relatively low concentrations of iron and can also remove small iron and manganese hydroxide particles formed from an oxidation process. By combining these two steps into one, the process can be more efficient and effective in treating water for various contaminants. Additionally, it can help prevent aluminum fouling by avoiding the carryover of flocs from pretreatment processes using aluminum-based flocculants and by reducing the risk of postprecipitation of aluminum flocculants due to poor pH control. This integrated approach can also help in maintaining anaerobic conditions, which is the best pretreatment for hydrogen sulfide (H2S).","Oxidation-filtration is used in pretreatment processes to simultaneously oxidize and remove small iron and manganese hydroxide particles that are formed from an oxidation process. This method is efficient because it combines the oxidation of divalent iron and manganese, which are often present in water, with the filtration step to remove the resulting particles. This approach is particularly useful when dealing with water that has been contaminated with biodegradable organic substances or comes from an old aquifer where oxygen may have been depleted by microbiological processes. By using a filter media capable of oxidizing these metals, the pretreatment process can effectively reduce the potential for fouling and improve water quality.","Oxidation-filtration is used in pretreatment processes because it can effectively remove small iron and manganese hydroxide particles that are formed from an oxidation process. This method combines the oxidation of divalent iron and manganese by electron transfer with the filtration of the resulting particles, allowing for the treatment of water with relatively low concentrations of these metals. Additionally, oxidation-filtration can be accomplished in one step, making it a convenient and efficient pretreatment option.","Oxidation-filtration is used in pretreatment processes to remove small iron and manganese hydroxide particles that are formed from an oxidation process. This step is crucial for effectively treating water with relatively low concentrations of iron, as it helps to eliminate these particles before further treatment, such as microfiltration or ultrafiltration, is applied. Oxidation helps to convert soluble iron and manganese into insoluble hydroxides, which can then be removed by the filtration process. This is particularly important for maintaining the efficiency and effectiveness of subsequent filtration steps and ensuring the quality of the treated water.","Oxidation-filtration is used in pretreatment processes to remove small iron and manganese hydroxide particles that are formed as a result of an oxidation process. This step is crucial for treating relatively low concentrations of iron, ensuring that the subsequent filtration methods, such as microfiltration or ultrafiltration, can more effectively remove these particles without the need for traditional media filtration. This approach helps in maintaining the efficiency and effectiveness of the pretreatment process.","Oxidation-filtration is used in pretreatment processes to simultaneously oxidize and remove divalent iron and manganese from water. This is achieved by using a filter media capable of oxidizing these metals through electron transfer. This method is efficient because it combines two steps—oxidation and filtration—into one, simplifying the treatment process. It is particularly useful when the water has been contaminated by microbiological processes or when it comes from an old aquifer where oxygen has been depleted. Oxidation-filtration is also effective for removing small iron and manganese hydroxide particles formed from an oxidation process without the need for media filtration, microfiltration, or ultrafiltration. This approach can be applied to relatively low concentrations of iron, making it suitable for treating surface water with minimal pretreatment.","Oxidation-filtration is used in pretreatment processes because it allows for the simultaneous oxidation and removal of divalent iron and manganese through electron transfer, which can be more efficient than using media filtration, microfiltration, or ultrafiltration alone. This method is particularly useful for relatively low concentrations of iron and can also help prevent aluminum fouling by avoiding carryover from pretreatment processes using aluminum-based flocculants and reducing the risk of postprecipitation of aluminum flocculants due to poor pH control. Additionally, keeping the system under anaerobic conditions is considered the best pretreatment for hydrogen sulfide (H2S). Oxidation-filtration is a comprehensive approach that addresses multiple contaminants and fouling sources in a single step.","Oxidation-filtration is used in pretreatment processes to simultaneously oxidize and remove small iron and manganese hydroxide particles, which are formed from an oxidation process. This method is efficient because it combines the oxidation of divalent iron and manganese by electron transfer with the filtration of these particles, streamlining the treatment process. This approach is particularly useful when the water is contaminated with biodegradable organic substances or comes from an old aquifer where oxygen levels may be low. Oxidation-filtration can be a more effective and less complex method compared to using separate oxidation and filtration steps, especially in situations where biological fouling prevention is required, such as in surface waters.","Oxidation-filtration is used in pretreatment processes because it combines the oxidation of divalent iron and manganese with their subsequent removal through filtration. This step can be accomplished in one process, which is efficient and effective for treating water containing these elements. Oxidation converts the iron and manganese from their soluble ferrous (Fe²⁺) and manganous (Mn²⁺) states to their insoluble ferric (Fe³⁺) and manganic (Mn⁴⁺) states, forming hydroxide precipitates. These precipitates are then removed by filtration, which can be achieved through microfiltration or ultrafiltration, especially when dealing with low concentrations of iron. This method is particularly useful for preventing biological fouling in water treatment systems, such as those used for surface waters. Additionally, it helps to avoid the issues associated with aluminum fouling, such as floc carryover and the formation of aluminum silicates. Overall, oxidation-filtration is a streamlined approach that enhances the efficiency of water pretreatment by simultaneously oxidizing and removing contaminants.",0.8715030550956726,0.9017950296401978,0.8863903284072876
13.0,inline filtration improve sdi removal injecting coagulants raw water form microflocs filtered medium filtration effective coagulants include ferric sulfate ferric chloride aluminum salt,How does inline filtration improve SDI reduction?,"Inline filtration improves SDI reduction by adding coagulants like ferric sulfate or aluminum salts to raw water, forming microflocs that are then captured during medium filtration.","Inline filtration improves SDI (Silt Density Index) reduction by physically removing particulate matter from the water as it flows through the filtration system. When polyelectrolyte addition is used ahead of filtration, it can further enhance this process by causing the particles to agglomerate, making them larger and easier to filter out. This combination of mechanical filtration and chemical flocculation leads to a more efficient reduction in the SDI, indicating cleaner water with fewer suspended solids. Additionally, applying higher pressure drops in the filter vessel can increase the effectiveness of the filtration process, allowing for the removal of finer particles and contributing to a lower SDI.","Inline filtration improves SDI (Silt Density Index) reduction by physically removing particulate matter from the water as it passes through a filter. When polyelectrolyte addition is used ahead of filtration, it can further enhance this process by causing the particles to agglomerate, making them easier to filter out. This combination of mechanical filtration and chemical flocculation leads to a more efficient reduction in the SDI, indicating cleaner water with fewer suspended solids. Additionally, applying higher pressure in the filter vessel can increase the filtration rate, which can also contribute to a more effective reduction in SDI.","Inline filtration improves SDI reduction by applying a pressure drop across the filter bed, which can be adjusted by using higher filter beds, smaller filter grains, or higher filtration velocities. This increased pressure drop helps to remove more particles from the water, thereby reducing the SDI. Additionally, the use of polyelectrolyte addition ahead of filtration can further enhance the reduction of SDI by improving the removal of particles before the water reaches the filter. Properly designed and maintained MF (membrane filter) or UF (ultrafiltration) systems can achieve an SDI of 1, indicating a high level of water clarity. The SDI is measured by the rate at which a 0.45 m membrane filter becomes plugged when water is passed through it at a constant applied gauge pressure, with the volume of water filtered being recorded every 30 seconds over a 15-minute period.","Inline filtration improves SDI reduction by applying a pressure drop across the filter bed, which can be increased by using higher filter beds, smaller filter grains, or higher filtration velocities. This pressure drop forces more particles to be trapped and removed from the water, thus reducing the SDI. Additionally, the use of polyelectrolyte addition ahead of filtration can further enhance the removal of particles, leading to a lower SDI. A well-designed and properly maintained MF (Membrane Filter) or UF (Ultrafiltration) system can achieve an SDI of 1, indicating a high level of water purity. The SDI is determined by measuring the rate at which a 0.45 m membrane filter becomes plugged when water is passed through it at a constant applied gauge pressure. Inline filtration, therefore, plays a crucial role in achieving low SDI values, which are indicative of high-quality filtered water.","Inline filtration improves SDI reduction by applying a filtration process directly to raw waters, which can be effective even when the SDI (Silt Density Index) is only slightly above 5. The use of polyelectrolyte addition before filtration can further enhance the reduction of SDI. Additionally, by designing the filter vessel for pressure filtration to withstand higher pressure drops, it is possible to achieve a lower SDI (SDI 1) with a well-designed and properly maintained MF (Microfiltration) or UF (Ultrafiltration) system. This is because a higher pressure drop can be applied for higher filter beds, smaller filter grains, or higher filtration velocities, which helps in removing more particles from the water. Inline filtration is a method that can effectively reduce the SDI value, making it a valuable process in water treatment.","Inline filtration improves SDI reduction by applying a filtration process directly to raw water. This method can be effective even when the SDI (Silt Density Index) is only slightly above 5. By using a well-designed and properly maintained MF (Microfiltration) or UF (Ultrafiltration) system, a significant reduction in SDI can be achieved. Additionally, the use of polyelectrolyte addition before filtration can further enhance the reduction of SDI. Inline filtration allows for the application of higher pressure drops, which can be beneficial for achieving a lower SDI with higher filter beds, smaller filter grains, or higher filtration velocities. This approach ensures efficient use of filters and helps prevent premature failure of the membrane system by reducing the likelihood of unwanted materials breaking through the membrane.","Inline filtration improves SDI reduction by applying a pressure drop across the filter bed, which can be adjusted to be higher for thicker filter beds, smaller filter grains, or higher filtration velocities. This increased pressure drop enhances the removal of suspended solids, thereby reducing the SDI (suspended solids index) of the water. Additionally, the use of polyelectrolytes before filtration can further improve SDI reduction by causing particles to aggregate, making them easier to filter out. Inline filtration is effective even when the SDI is only slightly above 5, making it a valuable process for improving water quality.","Inline filtration improves SDI (Silt Density Index) reduction by physically removing particulate matter from the water as it passes through a filter. When applied to raw water with a sdi slightly above 5, inline filtration can effectively lower the sdi value, indicating a cleaner water output. The process can be enhanced by adding polyelectrolytes before filtration, which can further improve the removal of particles and thus reduce the sdi even more. Additionally, by increasing the pressure drop across the filter, either by using higher filter beds, smaller filter grains, or higher filtration velocities, the efficiency of inline filtration in reducing sdi can be improved, leading to clearer water.","Inline filtration improves SDI reduction by applying a pressure drop that can be increased with higher filter beds, smaller filter grains, or higher filtration velocities. This pressure drop forces more particles to be trapped by the filter, thereby reducing the suspended solids in the water. Additionally, the use of polyelectrolyte addition ahead of filtration can further enhance the reduction of suspended solids by improving the filter's ability to capture particles. The inline filtration process, when well-designed and properly maintained, can achieve an SDI of 1, indicating a significant reduction in suspended solids. The SDI is calculated based on the rate at which a 0.45 m membrane filter becomes plugged during a 15-minute filtration period at a constant applied gauge pressure. The method involves recording the volume of water filtered every 30 seconds. By optimizing these parameters, inline filtration effectively lowers the SDI, leading to cleaner water.","Inline filtration improves SDI (Solids Distribution Index) reduction by allowing for the application of a higher pressure drop across the filter bed. This can be achieved by using higher filter beds, smaller filter grains, or higher filtration velocities. Additionally, the use of polyelectrolyte addition ahead of filtration can further enhance the reduction of SDI. When these conditions are met, a well-designed and properly maintained MF (Membrane Filter) or UF (Ultrafiltration) system can achieve an SDI of 1, indicating a more uniform distribution of solids across the membrane. Inline filtration, therefore, improves SDI reduction by optimizing the filtration process and ensuring a more efficient separation of solids from the water.","Inline filtration improves SDI reduction by applying a filtration process directly to raw waters, which can be effective even when the SDI (suspended solids density) is only slightly above 5. The addition of polyelectrolytes before filtration can further enhance the reduction of SDI. By designing the filter vessel for pressure filtration to accommodate higher pressure drops, larger filter beds, smaller filter grains, or higher filtration velocities, a lower SDI (such as an SDI of 1) can be achieved with a well-designed and properly maintained MF (microfiltration) or UF (ultrafiltration) system. The efficiency of inline filtration in reducing the SDI value is also supported by the method of calculating SDI, which involves monitoring the rate of plugging of a 0.45 m membrane filter under constant applied gauge pressure over a 15-minute period. This method ensures that the filtration process is effective in reducing the SDI value, contributing to the overall efficiency of inline filtration in improving water quality.","Inline filtration improves SDI (Silt Density Index) reduction by physically removing particulate matter from the water as it passes through a filtration system. When raw water with a sdi slightly above 5 is filtered, the sdi can be significantly reduced. This is often enhanced by adding polyelectrolytes ahead of the filtration process, which can further improve the removal of suspended solids. The design of the filter vessel for pressure filtration allows for a higher pressure drop, which can be adjusted for higher filter beds, smaller filter grains, or higher filtration velocities, contributing to more effective sdi reduction. By using a well-designed and properly maintained MF (Microfiltration) or UF (Ultrafiltration) system, an sdi of 1 can be achieved, indicating a high level of particulate removal. Inline filtration is therefore a key process in achieving a low sdi, which is essential for preventing membrane system failure and ensuring efficient operation. It is also recommended to use multiple filters in parallel and regenerate them at different times to maintain consistent water quality and minimize pH variability.",0.8537036180496216,0.8754807114601135,0.8644550442695618
14.0,coagulants flocculants interfere membrane performance indirectly cause precipitation direct interaction membrane overdosing avoided coagulation flocculation high sdi water allow floc settle before filtration,Why must coagulants and flocculants be carefully used in RO systems?,"If not properly managed, coagulants and flocculants can precipitate or interact directly with the membrane, leading to fouling; overdosing should be avoided, especially in water with high SDI.","Coagulants and flocculants must be carefully used in RO systems because they can interfere with the RO membrane, either directly or indirectly, by affecting its performance. Anionic or nonionic flocculants are preferred over cationic flocculants to minimize this risk. If used improperly, these chemicals can lead to a decrease in permeate flux and increase the need for frequent cleaning and maintenance, as opposed to systems that use RO with cartridge filtration, which would require more membrane area and less frequent cleaning. Proper use of coagulants and flocculants is essential to maintain the efficiency and longevity of the RO system.","Coagulants and flocculants must be carefully used in RO systems because they can interfere with the RO membrane, either directly or indirectly, which could compromise the system's efficiency and require frequent cleaning. To minimize this risk, anionic or nonionic flocculants are preferred over cationic flocculants. Proper selection and use of these chemicals help maintain a high permeate flux and reduce the need for cleaning, ensuring the RO system operates effectively.","Coagulants and flocculants must be carefully used in RO (Reverse Osmosis) systems because they can interfere with the RO membrane either directly or indirectly. Cationic flocculants, in particular, are not preferred as they can negatively impact the RO membrane, leading to reduced performance and increased maintenance requirements. Anionic or nonionic flocculants are preferred to minimize this risk. Proper use of these chemicals helps maintain high permeate flux and reduces the need for frequent cleaning and maintenance of the RO system. Additionally, the effluent from the coagulation/flocculation process requires further treatment before it can be processed by the RO elements, making careful selection and use of coagulants and flocculants crucial for the overall efficiency and longevity of the RO system.","Coagulants and flocculants must be carefully used in RO systems to minimize the risk of direct or indirect interference with the RO membrane. Anionic or nonionic flocculants are preferred over cationic flocculants to avoid such interference. If not used properly, these chemicals can negatively affect the performance of the RO system, leading to reduced permeate flux and potentially requiring more frequent cleaning. Therefore, the careful selection and application of coagulants and flocculants are crucial to maintain the efficiency and longevity of the RO system.","Coagulants and flocculants must be carefully used in RO systems because they can interfere with the RO membrane either indirectly or directly. Cationic flocculants, in particular, are not preferred as they can cause damage to the RO membrane. The use of anionic or nonionic flocculants is preferred to minimize the risk of interference. Additionally, the proper pH and pretreatment chemicals must be used to ensure effective solid-liquid separation and to avoid issues such as calcium carbonate scaling, which can affect the performance and longevity of the RO system. Proper use of these chemicals helps maintain high permeate flux and reduces the need for frequent cleaning and maintenance.","Coagulants and flocculants must be carefully used in RO (Reverse Osmosis) systems to minimize the risk of direct or indirect interference with the RO membrane. Cationic flocculants, in particular, are not preferred because they can negatively affect the membrane's performance. The goal is to achieve a high permeate flux with minimal cleaning requirements. Therefore, anionic or nonionic flocculants are preferred, and the use of iron coagulants with or without polymeric flocculants can improve solid-liquid separation. Flocculants can also be used to strengthen hydroxide microflocs and bridge colloidal particles together, enhancing filterability. Additionally, the entire RO process must avoid exposure to air or oxidizing agents like chlorine, which can damage the membrane. Pretreatment chemicals like aluminum sulfate, ferric chloride, or cationic polyelectrolytes are used to agglomerate fine particles, making them easier to remove by filtration, but they must be used with caution to prevent membrane interference.","Coagulants and flocculants must be carefully used in RO (Reverse Osmosis) systems because they can interfere with the RO membrane, either directly or indirectly. Anionic or nonionic flocculants are preferred over cationic flocculants to minimize this risk. If coagulants and flocculants are not used properly, they can cause damage to the RO membrane, leading to reduced permeate flux and increased need for cleaning and maintenance. Proper selection and use of these chemicals help ensure the efficient and effective operation of the RO system.","Coagulants and flocculants must be carefully used in RO systems to minimize the risk of direct or indirect interference with the RO membrane. Anionic or nonionic flocculants are preferred over cationic flocculants to avoid such interference. Proper use ensures that the RO system can operate with a high permeate flux and requires minimal cleaning, maintaining the efficiency and longevity of the system.","Coagulants and flocculants must be carefully used in RO (Reverse Osmosis) systems because they can interfere with the RO membrane either indirectly or directly. Anionic or nonionic flocculants are preferred over cationic ones to minimize the risk of such interference. If not used properly, these chemicals can affect the membrane's performance, leading to a reduction in permeate flux and an increase in the need for cleaning and maintenance. Proper use of coagulants and flocculants helps to improve solid-liquid separation and maintain the efficiency and longevity of the RO system.","Coagulants and flocculants must be carefully used in RO systems to minimize the risk of direct or indirect interference with the RO membrane. Anionic or nonionic flocculants are preferred over cationic flocculants to avoid such interference. Proper use of these chemicals can help maintain a high permeate flux and reduce the need for frequent cleaning, ensuring the efficient operation of the RO system.","Coagulants and flocculants must be carefully used in RO (Reverse Osmosis) systems because they can interfere with the RO membrane either indirectly or directly. Cationic flocculants, in particular, are not preferred as they can cause damage to the RO membrane, leading to reduced efficiency and potentially costly maintenance. Anionic or nonionic flocculants are preferred to minimize this risk. Additionally, the use of these chemicals must be carefully controlled to avoid issues such as scaling, fouling, and membrane degradation, which can compromise the performance and longevity of the RO system. Proper pretreatment and pH adjustments are also necessary to ensure optimal operation and to prevent scaling, especially when using iron coagulants or when operating at specific pH levels to keep certain ions like aluminum in solution.","Coagulants and flocculants must be carefully used in RO (Reverse Osmosis) systems to minimize the risk of direct or indirect interference with the RO membrane. Cationic flocculants are generally avoided because they can cause more significant damage to the membrane compared to anionic or nonionic flocculants. Proper use of these chemicals can help improve solid-liquid separation and enhance the filterability of hydroxide microflocs, but it is crucial to prevent exposure to oxidizing agents like chlorine and to avoid any materials that can lead to the agglomeration of fine particles, which can clog the membrane and reduce its efficiency. Therefore, careful selection and application of coagulants and flocculants are essential to maintain the integrity and performance of the RO system.",0.8601095676422119,0.8903007507324219,0.874944806098938
15.0,microfiltration ultrafiltration membrane process remove suspended matter dissolved organic matter depending membrane type flow configuration affect recovery rate fouling tendency cleaning method,How do microfiltration and ultrafiltration membranes function in pretreatment?,"They remove suspended matter and, depending on membrane type, some dissolved organics; flow configuration influences recovery and fouling, while cleaning methods maintain performance.","Microfiltration and ultrafiltration membranes function in pretreatment by physically removing particles and microorganisms from a fluid stream. Microfiltration membranes have absolute pore sizes of less than 10 micrometers (m), which allows them to effectively filter out larger particles, bacteria, and some viruses, while retaining dissolved substances and smaller particles. Ultrafiltration membranes have smaller pore sizes, typically ranging from 0.01 to 0.1 micrometers, which enables them to remove smaller particles, including proteins and other macromolecules, in addition to bacteria and viruses. By using these membranes in pretreatment, the quality of the fluid stream can be improved, reducing the potential for biofouling and extending the lifespan of downstream systems such as reverse osmosis (RO) membrane systems. Pretreatment with microfiltration and ultrafiltration is particularly important when the total organic carbon (TOC) concentration exceeds 3 milligrams per liter (mgl), as it helps to prevent the accumulation of organic matter that can lead to biofouling and reduced efficiency of the RO process.","Microfiltration and ultrafiltration membranes function in pretreatment by physically removing particles and microorganisms from the water or process stream before it reaches the RO (reverse osmosis) system. Microfiltration membranes have an absolute pore size of less than 10 micrometers (μm), which allows them to effectively filter out larger particles, bacteria, and some viruses, while retaining dissolved salts and organic molecules. Ultrafiltration membranes have smaller pore sizes, typically ranging from 0.01 to 0.1 μm, which enables them to remove smaller particles, including some viruses and macromolecules, in addition to the larger particles filtered by microfiltration. By using these membranes as a pretreatment step, the fouling of the RO membranes can be significantly reduced, thereby enhancing the efficiency and lifespan of the RO system. Pretreatment with microfiltration and ultrafiltration is particularly recommended when the total organic carbon (TOC) concentration exceeds 3 milligrams per liter (mgl), as higher TOC levels can lead to increased fouling and reduced performance of the RO membranes.","Microfiltration and ultrafiltration membranes function in pretreatment by physically removing particles and microorganisms from water or other fluids. Microfiltration membranes have absolute pore sizes of less than 10 micrometers (m), which allows them to effectively filter out larger particles, bacteria, and some viruses, while retaining dissolved substances and ions. Ultrafiltration membranes have smaller pore sizes, typically ranging from 0.01 to 0.1 micrometers, which enables them to remove smaller particles, including some viruses and macromolecules, while still allowing dissolved substances to pass through. These membrane processes are used to improve water quality, reduce biofouling, and protect downstream systems, such as reverse osmosis (RO) membranes, from clogging and degradation. Pretreatment with microfiltration and ultrafiltration is particularly important when the total organic carbon (TOC) concentration exceeds 3 milligrams per liter (mgl) or when the water contains high levels of iron or other contaminants that can cause fouling or damage to the RO membranes. By removing these contaminants before the water reaches the RO system, the lifespan and efficiency of the RO membranes can be significantly extended.","Microfiltration and ultrafiltration membranes function in pretreatment by physically removing particles and microorganisms from water or other fluids. Microfiltration membranes have an absolute pore size of less than 10 micrometers (m), which allows them to effectively filter out larger particles, bacteria, and some viruses, while retaining dissolved substances and smaller particles. Ultrafiltration membranes have smaller pore sizes, typically ranging from 0.01 to 0.1 micrometers, which enables them to remove smaller particles, including proteins and other macromolecules, in addition to bacteria and viruses. Both types of membranes are used to improve the quality of the water by reducing turbidity, removing contaminants, and preventing biofouling, which is the undesirable accumulation of microorganisms on the membrane surfaces. This pretreatment step is crucial for protecting downstream processes, such as reverse osmosis (RO) systems, from fouling and ensuring their efficient operation.","Microfiltration and ultrafiltration membranes function in pretreatment by physically removing particles, microorganisms, and some dissolved substances from water or other fluids. Microfiltration typically uses a membrane with an absolute pore size of less than 10 micrometers (m), which allows it to effectively remove larger particles, bacteria, and some viruses, while retaining dissolved ions and molecules. Ultrafiltration, on the other hand, uses membranes with smaller pore sizes, often in the range of 0.01 to 0.1 micrometers, which can remove smaller particles, bacteria, and some viruses, as well as larger dissolved organic compounds depending on their molecular mass and the molecular mass cutoff of the membrane. Both processes can be used to reduce turbidity, remove suspended solids, and decrease the concentration of organic and inorganic contaminants, thereby improving the quality of the treated water or fluid. In the context of the provided information, these membrane processes are part of a pretreatment strategy to protect and extend the life of membrane systems, such as those used in reverse osmosis (RO) for water treatment.","Microfiltration and ultrafiltration are membrane filtration processes used in pretreatment to remove particles and microorganisms from water, thereby protecting downstream systems such as reverse osmosis (RO) membranes from biofouling and other contaminants.

Microfiltration membranes have an absolute pore size of less than 10 micrometers (m). They are effective in removing suspended solids, bacteria, and some viruses from water. This level of filtration is sufficient for pretreatment in most RO systems, as it can significantly reduce the load of particles and microorganisms that could otherwise foul the RO membranes.

Ultrafiltration membranes have a smaller pore size, typically ranging from 0.01 to 0.1 micrometers. They are capable of removing smaller particles, including dissolved organic compounds, depending on their molecular mass and the molecular mass cutoff of the membrane. Ultrafiltration is particularly useful for pretreating water with high levels of dissolved organic matter, which can contribute to biofouling and reduce the efficiency of RO systems. By removing these compounds, ultrafiltration helps to maintain the performance and longevity of RO membranes.

In summary, both microfiltration and ultrafiltration serve as effective pretreatment steps to protect RO membrane systems by removing a wide range of contaminants, including suspended solids, bacteria, viruses, and dissolved organic compounds.","Microfiltration and ultrafiltration membranes function in pretreatment by physically removing particles and microorganisms from a liquid stream. Microfiltration membranes have an absolute pore size of less than 10 micrometers (μm) and are effective in removing suspended solids, bacteria, and some viruses from the feed stream. Ultrafiltration membranes have smaller pores, typically ranging from 0.01 to 0.1 μm, and are capable of retaining smaller particles, including proteins and high molecular weight solutes, in addition to bacteria and viruses.

By using these membrane processes, the concentration of contaminants in the feed stream is reduced, which can prevent biofouling and protect downstream membrane systems, such as reverse osmosis (RO) systems, from damage and reduced efficiency. Pretreatment with microfiltration and ultrafiltration is particularly important when the total organic carbon (TOC) concentration exceeds 3 milligrams per liter (mg/L), as it helps to maintain the performance and longevity of the RO membranes. Cartridge microfiltration is often recommended as a minimum pretreatment step for every RO system to ensure that the feed water quality is suitable for the RO process.","Microfiltration and ultrafiltration membranes function in pretreatment by removing suspended solids, bacteria, and some viruses from the water, thereby preventing biofouling and protecting downstream processes. Microfiltration typically has a pore size of less than 10 micrometers (µm), which allows it to effectively filter out larger particles and microorganisms. Ultrafiltration, on the other hand, has a smaller pore size, often ranging from 0.01 to 0.1 micrometers (µm), which enables it to remove smaller particles, including some viruses and macromolecules. By incorporating these membranes into the pretreatment process, the quality of the water is improved, and the risk of fouling in subsequent stages, such as reverse osmosis (RO) systems, is reduced. This ensures the longevity and efficiency of the RO membranes and the overall water treatment process.","Microfiltration and ultrafiltration membranes function in pretreatment by physically removing particles and microorganisms from the water or process stream. Microfiltration typically uses membranes with absolute pore sizes of less than 10 micrometers (m), which allows it to effectively remove suspended solids, bacteria, and some viruses, while retaining dissolved salts and organic molecules. Ultrafiltration, on the other hand, uses membranes with smaller pore sizes, often in the range of 0.01 to 0.1 micrometers, which enables it to remove smaller particles, including proteins and some viruses, as well as to retain dissolved substances. Both processes are used to protect downstream systems, like reverse osmosis (RO) membranes, from fouling and to improve the overall efficiency of water treatment by reducing the load of contaminants that need to be removed in subsequent treatment steps.","Microfiltration and ultrafiltration membranes function in pretreatment by physically removing particles and microorganisms from water or other fluids. Microfiltration uses a membrane with an absolute pore size of less than 10 micrometers (µm), which allows it to effectively remove suspended solids, bacteria, and some viruses, while retaining dissolved salts and organic molecules. Ultrafiltration, on the other hand, uses a membrane with smaller pores, typically ranging from 0.01 to 0.1 micrometers (µm), which enables it to remove even smaller particles, including some viruses and macromolecules. Both processes help to clarify the fluid, reduce turbidity, and prevent biofouling in subsequent treatment stages, such as reverse osmosis (RO) systems.","Microfiltration and ultrafiltration membranes function in pretreatment by physically removing particles and microorganisms from water or other fluids. Microfiltration uses a membrane with an absolute pore size of less than 10 micrometers (m) to block larger particles, bacteria, and some viruses, while allowing smaller molecules and dissolved substances to pass through. Ultrafiltration, on the other hand, uses a membrane with a smaller pore size, typically ranging from 0.01 to 0.1 micrometers, which can remove smaller particles, bacteria, viruses, and some dissolved organic compounds depending on their molecular mass and the molecular mass cutoff of the membrane. These processes are effective in reducing suspended solids, total organic carbon (TOC), and other contaminants, thereby improving the quality of the treated water and protecting downstream systems such as reverse osmosis (RO) membranes from biofouling and other issues.","Microfiltration and ultrafiltration are membrane filtration processes that are used in pretreatment to remove particles and microorganisms from water, thereby improving the quality of the water and protecting downstream systems such as reverse osmosis (RO) membranes from biofouling and scaling.

Microfiltration membranes have an absolute pore size of less than 10 micrometers (m). They are effective in removing suspended solids, bacteria, and some viruses from water. The process works by passing water through a cartridge filter that physically blocks particles larger than the pore size, allowing cleaner water to pass through while retaining the larger contaminants.

Ultrafiltration membranes have a smaller pore size, typically ranging from 0.01 to 0.1 micrometers. They are capable of removing smaller particles, including dissolved organic compounds, depending on their molecular mass and the molecular mass cutoff of the membrane. Ultrafiltration is particularly useful for removing proteins, viruses, and other microorganisms that microfiltration may not fully capture. It also helps in reducing the concentration of dissolved organic compounds that could potentially foul or damage RO membranes.

Both microfiltration and ultrafiltration are effective in reducing suspended solids, bacteria, and some viruses, which can contribute to the reduction of biofouling and scaling in RO systems. By removing these contaminants before water reaches the RO membranes, these pretreatment methods help to extend the lifespan of the membranes and maintain the efficiency of the RO process. Additionally, maintaining a free residual chlorine concentration of 0",0.8074020147323608,0.8658913969993591,0.8356244564056396
16.0,cartridge filtration safety step ro pretreatment protect membrane absolute pore size cartridge filter normally recommended prevent particle pass high pressure pump,What is the role of cartridge filtration in RO pretreatment?,It acts as a final safety barrier to protect the membrane by removing remaining suspended particles before the high-pressure pump.,"Cartridge filtration in RO pretreatment serves as a minimum required step to remove particles and prevent fouling of the RO system. It is particularly recommended when there is a risk of fouling with colloidal silica or metal silicates, using a cartridge filter with an absolute pore size of 1 to 3 m. However, it is not intended to be the primary method for removing high amounts of filterable solids. Birm filtration is also mentioned as an effective method for removing iron (Fe2) from RO feed water.","The role of cartridge filtration in RO pretreatment is to provide a minimum level of pretreatment by removing particles with an absolute pore size of less than 10 m, although it is not intended to be the primary method for removing high amounts of filterable solids. Additionally, it can be used effectively for the removal of Fe2 from RO feed water.","Cartridge filtration in RO (Reverse Osmosis) pretreatment serves as a preliminary step to remove particles and prevent fouling of the RO membrane. It is not designed to remove high amounts of filterable solids but is effective in reducing the risk of fouling caused by colloidal silica or metal silicates. By using cartridge filtration with an absolute pore size of less than 10 m, the pretreatment process can handle relatively low concentrations of iron. Without this step, the RO system would require a larger membrane area, and more frequent cleaning and maintenance would be necessary. Cartridge filtration helps to extend the life of the RO system and maintain its efficiency.","Cartridge filtration in RO pretreatment serves as a minimum required step to remove particles with an absolute pore size of less than 10 m. It is not intended to be the primary method for removing high amounts of filterable solids, but it helps to reduce the load on the RO system, potentially decreasing the need for a larger membrane area, as well as reducing the frequency of cleaning and maintenance required for the RO system. It is one of several processes that can be used in pretreatment, such as bank filtration, soil passage, and slow sand filtration.","Cartridge filtration in RO pretreatment serves as a minimum pretreatment step to remove particles with an absolute pore size of less than 10 m. It is particularly recommended when there is a risk of fouling with colloidal silica or metal silicates. However, it is not intended to be a major component for the removal of high amounts of filterable solids. Instead, it helps to reduce the load on the RO system, potentially decreasing the need for a larger membrane area, as well as reducing the frequency of cleaning and maintenance required for the RO system. In cases where iron is present in the feed water, biofiltration can be more effective for iron removal, and cartridge filtration alone may not be sufficient.","Cartridge filtration in RO pretreatment serves as a minimum pretreatment step to remove particles with an absolute pore size of less than 10 m. However, it is not designed to be a major component for the removal of high amounts of filterable solids. Using cartridge filtration alone would necessitate a larger membrane area and more frequent cleaning and maintenance for the RO system. It is part of a broader pretreatment process that may also include bank filtration, soil passage, slow sand filtration, media filtration, pH adjustment, and chlorination, depending on the specific requirements of the water source and the desired outcomes. Cartridge filtration is one of several steps to ensure the water is adequately prepared before it reaches the RO elements.","Cartridge filtration in RO (Reverse Osmosis) pretreatment serves as a minimum pretreatment step to protect the RO system by removing particles with an absolute pore size of less than 10 m. It is particularly recommended when there is a risk of fouling due to colloidal silica or metal silicates. However, it is not intended to be the primary method for removing high amounts of filterable solids. Additionally, cartridge filtration has been effectively used for the removal of Fe2 from RO feed water.","The role of cartridge filtration in RO pretreatment is to provide a minimum level of pretreatment by removing particles with an absolute pore size of less than 10 m. It is not intended to be the primary method for removing high amounts of filterable solids, but it serves as an initial step to protect the RO system and improve its performance. Birm filtration is also mentioned as an effective method for removing Fe2 from RO feed water.","Cartridge filtration in RO pretreatment serves as a minimum pretreatment step to remove particles with an absolute pore size of less than 10 m, which helps to protect the RO system from fouling. It is particularly recommended when there is a risk of fouling with colloidal silica or metal silicates. However, it is not designed to remove high amounts of filterable solids, and using it alone would require more membrane area and frequent cleaning and maintenance. In cases where biofiltration is used for iron removal, cartridge filtration alone may not be sufficient, necessitating additional pretreatment steps.","Cartridge filtration in RO pretreatment serves as a minimum requirement to remove particles with an absolute pore size of less than 10 m. It is not intended to be the primary method for removing high amounts of filterable solids. Instead, it helps to reduce the load on the RO system, potentially decreasing the need for a larger membrane area, and reducing the frequency of cleaning and maintenance. However, if cartridge filtration alone is used, it may not be sufficient for all types of feed water, and additional treatment methods like Birm filtration might be necessary for effective removal of certain contaminants, such as Fe2. Cartridge filtration is part of a broader pretreatment process that may also include bank filtration, soil passage, and slow sand filtration.","Cartridge filtration in RO (Reverse Osmosis) pretreatment serves as an initial step to remove particulates, colloidal silica, and metal silicates that could potentially foul the RO membrane. It is not intended to be the primary method for removing high concentrations of filterable solids. Instead, it helps to protect the RO system by reducing the risk of fouling, which can lead to a decrease in system efficiency and an increase in maintenance requirements. If cartridge filtration is not used, the RO system would require a larger membrane area and more frequent cleaning and maintenance to handle the same level of particulates. Cartridge filtration with an absolute pore size of less than 10 m is recommended as the minimum pretreatment, while a smaller pore size of 1 to 3 m may be used if there is a risk of fouling with colloidal silica or metal silicates.","Cartridge filtration in RO (Reverse Osmosis) pretreatment serves as an initial step to remove particles and filterable solids from the feed water. It is not intended to be a major component for the removal of high amounts of these solids, but rather to reduce the load on the RO membranes, thereby extending their lifespan and reducing the frequency of cleaning and maintenance. Without cartridge filtration, the RO system would require a larger membrane area and more frequent cleaning to handle the higher levels of solids. Cartridge filtration helps to protect the RO membranes from fouling and scaling, which can impair their performance and efficiency.",0.8271636962890625,0.8721007108688354,0.8490380048751831
17.0,backflushable filter lower efficiency higher biofouling risk may used upstream cartridge filter regular replacement cartridge recommended rapid pressure drop indicates pretreatment issue,When should backflushable filters be used in RO systems?,"They can be used upstream of cartridge filters, but due to their lower efficiency and biofouling risk, they should be monitored carefully; rapid pressure drop suggests a pretreatment problem.","Backflushable filters may be used upstream of the cartridge filters to protect them. They should be used as final safety filters, but generally not recommended due to the risk of breakthrough. They must be rinsed to drain until the filtrate meets the specification before being placed back into service. Additionally, a cartridge filter with an absolute pore size of less than 10 micrometers is the suggested minimum pretreatment required for every RO system. Backflushable filters are not typically used as the primary filtration method but can be employed to safeguard the cartridge filters.",Backflushable fine filters should be used upstream of the cartridge filters in RO systems to protect them. This means they should be installed before the cartridge filters to ensure that any debris or particles are removed before the water reaches the more sensitive cartridge filters. This helps to extend the life of the cartridge filters and maintain the efficiency of the RO system.,"Backflushable filters may be used upstream of the cartridge filters to protect them. However, they are generally not recommended as final safety filters in RO systems due to the risk of breakthrough. Therefore, backflushable filters should be used as pretreatment filters before the cartridge filters to protect them, but not as the final safety filter in the RO system. They should be rinsed to drain until the filtrate meets the specification before being placed back into service.","Backflushable fine filters should be used upstream of the cartridge filters in RO systems to protect them. They are typically employed before the cartridge filters to ensure that the filtrate meets the specification by rinsing the backwashed filter until the filtrate is up to standard. Additionally, a cartridge microfiltration with an absolute pore size of less than 10 micrometers is the suggested minimum pretreatment for every RO system, indicating that backflushable filters are part of the necessary pretreatment steps. These filters are used in conjunction with either gravity or pressure filters within the system. The use of backflushable filters helps to eliminate any osmotic driving force for backflow, ensuring the integrity of the filtration process.","Backflushable filters may be used upstream of the cartridge filters to protect them. However, they are generally not recommended as final safety filters due to the risk of breakthrough. Therefore, backflushable filters should be used as a pretreatment step before the cartridge filters in RO systems, but not as the final safety filter. They should be used to protect the cartridge filters from larger particles and debris that could potentially damage them. After backwashing, the filter must be rinsed to drain until the filtrate meets the specification before it is placed back into service.",Backflushable fine filters should be used upstream of the cartridge filters in RO systems to protect them from larger particles and contaminants that could potentially damage the more sensitive cartridge filters. This placement helps to ensure the longevity and efficiency of the cartridge filters by preventing them from becoming clogged too quickly.,"Backflushable filters should be used upstream of the cartridge filters to protect them. This means they are placed before the cartridge filters in the RO system to prevent any contaminants from damaging the cartridge filters. However, it is important to note that backflushable filters are generally not recommended as final safety filters due to the risk of breakthrough. They should not be used as the last line of defense in the RO system. Instead, they are best utilized as a protective measure for the subsequent filtration stages. Additionally, any backwashed filter must be properly rinsed to drain until the filtrate meets the specification before it is placed back into service. Cartridge microfiltration with an absolute pore size of less than 10 m is also suggested as a minimum pretreatment for every RO system.","Backflushable fine filters should be used upstream of the cartridge filters in RO systems to protect them. This means they are placed before the cartridge filters in the sequence of filtration. The purpose of using backflushable filters is to remove larger particles and contaminants that could potentially damage or clog the cartridge filters, thereby extending their service life and maintaining the efficiency of the RO system. It is important to note that before a backwashed filter is reintroduced into service, it must be properly rinsed to ensure that the filtrate meets the required specifications. Additionally, a cartridge microfiltration with an absolute pore size of less than 10 micrometers is recommended as the minimum pretreatment for every RO system.","Backflushable filters may be used upstream of the cartridge filters to protect them. However, they are generally not recommended as final safety filters in RO systems due to the risk of breakthrough. Therefore, backflushable filters should be used as pretreatment filters before the cartridge filters, but not as the final safety filters in the system. They should be rinsed to drain until the filtrate meets the specification before being placed back into service. Backflushable filters should not be used as the sole final safety filter due to the potential for osmotic driving force for backflow, which they eliminate.","Backflushable fine filters should be used upstream of the cartridge filters in RO systems to protect them. They are part of the pretreatment process, ensuring that the filters are safeguarded before the water passes through the more critical stages of the RO system. This setup helps maintain the efficiency and longevity of the cartridge filters, which are essential for the RO system's performance. The backflushable filters are not meant to replace the cartridge filters but to complement them by providing an additional layer of protection.","Backflushable filters should be used upstream of the cartridge filters to protect them. They are not generally recommended as final safety filters due to the risk of breakthrough. Backflushable filters should be rinsed to drain until the filtrate meets the specification before being placed back into service. They are part of the pretreatment process, which may include coagulation or activated carbon when oils, hydrocarbons, or silicone-based and grease contaminants are present in the RO feed water at levels above 0.1 mg/L.",Backflushable fine filters should be used upstream of the cartridge filters in RO systems to protect them. This means that they are placed before the cartridge filters in the water treatment process to ensure that the cartridge filters are not damaged by particles or contaminants that could otherwise bypass the cartridge filters. The backflushable filters help to extend the life and efficiency of the cartridge filters by providing an additional layer of protection.,0.8473957777023315,0.8905273079872131,0.8684262633323669
18.0,alternative method remove colloidal matter include lime softening strong acid cation exchange resin soften water reduce fouling tendency multivalent cation promote colloid adhesion,How does lime softening help reduce fouling in RO systems?,"Lime softening removes hardness and some metals, reducing multivalent cations that promote colloid adhesion and fouling in RO membranes.","Lime softening helps reduce fouling in RO (reverse osmosis) systems by removing hardness, which includes calcium and magnesium ions, as well as low concentrations of iron and aluminum that can otherwise foul the membrane. By adding hydrated lime (calcium hydroxide) to the water, carbonate hardness is removed, and the noncarbonate calcium hardness can be further reduced by adding sodium carbonate (soda ash). This process not only softens the water but also precipitates out the iron and aluminum, preventing them from accumulating on the RO membrane and causing fouling. Additionally, lime softening can reduce the silica concentration, which is another potential foulant in RO systems. Overall, lime softening improves water quality, leading to more efficient and longer-lasting RO systems.","Lime softening helps reduce fouling in RO (reverse osmosis) systems by removing hardness, which is primarily caused by calcium and magnesium ions, as well as low concentrations of iron and aluminum. The process involves adding hydrated lime (calcium hydroxide) to the water, which reacts with carbonate hardness to form calcium carbonate and water. Additionally, sodium carbonate (soda ash) can be added to further reduce noncarbonate calcium hardness and silica concentration. By removing these ions and reducing the overall hardness and silica content, lime softening prevents the deposition of these substances on the membrane, thereby reducing the potential for fouling and maintaining the efficiency of the RO system.","Lime softening helps reduce fouling in RO (reverse osmosis) systems by removing hardness, iron, and aluminum from the water. Hardness, which is primarily composed of calcium and magnesium ions, can cause scaling and fouling of the RO membranes. By using a strong acid cation exchange resin, lime softening not only removes the hardness but also removes low concentrations of iron and aluminum that could otherwise foul the membrane. Additionally, lime softening can be used to reduce the silica concentration, which is another potential cause of fouling. By decreasing the concentrations of these scaling and fouling agents, lime softening helps to maintain the efficiency and longevity of the RO system.","Lime softening helps reduce fouling in RO (reverse osmosis) systems by removing hardness, iron, and aluminum from the water. The process involves adding hydrated lime (calcium hydroxide) to precipitate carbonate hardness as calcium carbonate, which can then be removed. Additionally, noncarbonate calcium hardness can be further reduced by adding sodium carbonate (soda ash). This treatment decreases the calcium concentration in the water, which in turn allows for higher recovery rates with respect to scaling by calcium sulfate (CaSO4). By reducing the levels of these scaling ions, lime softening minimizes the potential for membrane fouling, thereby improving the efficiency and longevity of RO systems.","Lime softening helps reduce fouling in RO systems in several ways:

1. It removes hardness, which can contribute to scaling and fouling.
2. It removes low concentrations of iron and aluminum, which can foul the membrane if not removed.
3. By reducing the calcium concentration, lime softening allows for higher recovery rates, which can minimize the potential for scaling.
4. Adding sodium hydroxide (NaOH) to the softened feed water can lower the permeate conductivity by converting residual carbon dioxide into bicarbonate, which is then rejected by the membrane, thus preventing carbonate fouling.
5. Lime softening with lime or lime plus soda ash can decrease the silica concentration, which helps prevent silica scaling and fouling.
6. By reducing the concentration of substances that can cause fouling, such as iron oxide, lime softening helps maintain the efficiency and longevity of the RO system.","Lime softening helps reduce fouling in RO (reverse osmosis) systems by removing hardness, iron, and aluminum ions that can foul the membrane. Additionally, it decreases the calcium concentration, which allows for higher recovery rates and reduces scaling. By lowering the calcium concentration, lime softening also enables the addition of sodium hydroxide (NaOH) to the softened feed water, which converts residual carbon dioxide into bicarbonate. This bicarbonate is then rejected by the membrane, further lowering the permeate conductivity and reducing the potential for fouling. Moreover, lime softening can decrease the silica concentration in the feed stream, which helps prevent scaling and fouling caused by silica. Overall, these actions contribute to a cleaner membrane surface and improved RO system performance.","Lime softening helps reduce fouling in RO (reverse osmosis) systems by removing hardness from water, which includes the removal of low concentrations of iron and aluminum. These elements, if not removed, could foul the RO membrane, leading to decreased efficiency and potential damage to the system. By using hydrated lime (calcium hydroxide) and soda ash (sodium carbonate), lime softening can effectively remove carbonate hardness and noncarbonate calcium hardness, as well as reduce the silica concentration. This process ensures that the water entering the RO system is less likely to cause fouling, thus maintaining the system's performance and longevity.","Lime softening helps reduce fouling in RO (reverse osmosis) systems by removing hardness from water, which includes the removal of low concentrations of iron and aluminum. These elements, if present in higher concentrations, can foul the membrane of the RO system. By softening the water, lime softening prevents these potential foulants from accumulating on the membrane, thereby maintaining the efficiency and longevity of the RO system.","Lime softening helps reduce fouling in RO (reverse osmosis) systems by removing hardness (calcium and magnesium ions) and low concentrations of iron and aluminum that could otherwise foul the membrane. By adding hydrated lime (calcium hydroxide) and sodium carbonate (soda ash), lime softening effectively reduces carbonate hardness and noncarbonate calcium hardness. This process also decreases the calcium ion concentration, which allows for higher recovery and reduces scaling. Additionally, adding sodium hydroxide (NaOH) to the softened feed water can lower the permeate conductivity by converting residual carbon dioxide into bicarbonate, which is then rejected by the membrane, further preventing fouling.","Lime softening helps reduce fouling in RO (reverse osmosis) systems by removing hardness, low concentrations of iron and aluminum, and reducing the concentration of silica. By softening the water, it decreases the calcium concentration, which allows for higher recovery rates and reduces scaling. Additionally, adding sodium hydroxide (NaOH) to the softened feed water can lower the permeate conductivity by converting residual carbon dioxide into bicarbonate, which is then rejected by the membrane. This process helps maintain the efficiency and longevity of the RO system by minimizing the potential for fouling.","Lime softening helps reduce fouling in RO (reverse osmosis) systems in several ways:

1. It removes hardness-causing minerals like calcium and magnesium, which can lead to scaling and fouling of the RO membranes.
2. It can also remove low concentrations of iron and aluminum, which could otherwise foul the membrane.
3. By reducing the calcium concentration, lime softening allows for higher recovery rates, minimizing the potential for scaling by calcium sulfate (CaSO4).
4. Adding sodium hydroxide (NaOH) to the softened feed water can lower the permeate conductivity by converting residual carbon dioxide into bicarbonate, which is then rejected by the membrane, thus preventing carbonate scaling.
5. Lime softening with lime or lime plus soda ash can decrease the silica concentration in the feed water, reducing the potential for silica scaling, which is another common cause of fouling in RO systems.
6. By treating the water to reduce the concentration of silica and other scaling agents, lime softening helps maintain the efficiency and longevity of the RO membranes by minimizing the risk of fouling and scaling.","Lime softening helps reduce fouling in RO (reverse osmosis) systems in several ways:

1. It removes hardness from the water, which can contribute to scaling and fouling of the RO membranes.
2. It removes low concentrations of iron and aluminum, which could otherwise foul the membrane.
3. By decreasing the calcium concentration (Ca2+), lime softening allows for higher recovery rates, reducing the potential for scaling.
4. Adding sodium hydroxide (NaOH) to the softened feed water can lower the permeate conductivity by converting residual carbon dioxide into bicarbonate, which is then rejected by the membrane, thus preventing carbonate scaling and fouling.
5. Lime softening can decrease the silica concentration in the feed stream, which helps prevent silica scaling and fouling.

Overall, lime softening improves water quality by removing scaling ions and reducing the potential for fouling, thereby enhancing the performance and longevity of RO systems.",0.8377138376235962,0.879666268825531,0.858177661895752
19.0,iron species like fe2+ fe3+ may require specific treatment smbs or antifoulants used handle low iron levels design and operation must consider fouling prevention,How is iron fouling managed in RO systems?,"Iron fouling is managed by pretreatment strategies using agents like sodium metabisulfite (SMBS) or antifoulants, especially for low iron concentrations; proper design is essential to minimize risk.","Iron fouling in RO (Reverse Osmosis) systems is managed by operating the system with a high permeate flux and ensuring that almost no cleaning is required. This is possible when dealing with a higher concentration of ferrous iron, which necessitates special care to avoid the formation of ferric iron, which can foul the system. By maintaining these conditions, the RO system can function efficiently without the need for frequent cleaning to remove iron deposits.","Iron fouling in RO (Reverse Osmosis) systems is managed by maintaining the SDI (Silt Density Index) below 5 and ensuring that the level of iron in the RO feed water is kept below 0.1 mg/L. These measures help to prevent the accumulation of iron on the membrane surface, which can lead to fouling and reduced system performance. Additionally, proper pretreatment processes and pH control can help minimize the formation of iron-related fouling compounds. Regular monitoring and maintenance of the RO system are also essential to manage iron fouling effectively.","Iron fouling in RO (Reverse Osmosis) systems is managed by ensuring that the concentration of ferrous iron is kept at a level that does not lead to the formation of ferric iron, which can foul the system. Special care is taken to avoid ferric iron fouling, which can be achieved by operating the RO system with a high permeate flux and minimizing the need for cleaning. Additionally, methods such as birm filtration can be used effectively to remove ferrous iron from the RO feed water. If fouling does occur, correcting the underlying issue and operating the system can help restore the loss in specific flux over time, as long as there are no other serious fouling problems.","Iron fouling in RO systems is managed by using Birm filtration to effectively remove Fe2 from the RO feed water. This helps to prevent the formation of iron fouling, which can occur even with low levels of iron in the feed water. Additionally, maintaining proper pH control and addressing other fouling issues can help restore the system's specific flux over time.","Iron fouling in RO systems is managed through several strategies. One approach is to use a high permeate flux, which allows the system to operate with minimal cleaning requirements. Special care must be taken when dealing with higher concentrations of ferrous iron to avoid the formation of ferric iron, which can foul the system. Birm filtration is an effective method for removing ferrous iron from RO feed water. Additionally, some operators may deliberately accept a certain level of iron fouling, up to 10 flux loss, and then clean the membranes at predetermined intervals. The iron removal efficiency is also dependent on the specific iron species present in the water. Controlling the pH and preventing the reaction of aluminum with silica are important to avoid aluminum fouling, which can also contribute to overall fouling issues in the RO system.","Iron fouling in RO systems is managed through several methods. Birm filtration has been effectively used to remove iron (Fe2) from RO feed water. Additionally, some operators may deliberately accept a certain level of iron fouling, up to 10 flux loss, and then clean the membranes at predetermined intervals. The efficiency of iron removal depends on the specific iron species present in the water. By employing these strategies, the impact of iron fouling on the RO system's performance can be mitigated.","Iron fouling in RO (Reverse Osmosis) systems can be managed by operating the system with a high permeate flux and ensuring that almost no cleaning is required. This is achieved by dealing with higher concentrations of ferrous iron with special care to avoid the formation of ferric iron, which can foul the system. By maintaining the appropriate conditions and preventing the conversion of ferrous to ferric iron, the RO system can operate efficiently without significant fouling issues.","Iron fouling in RO systems is managed by controlling the pH levels and ensuring that the feed water does not have high levels of iron. By maintaining a pH that prevents the reaction of aluminum with silica, which can lead to fouling, and keeping the iron concentration below 0.1 mg/L, the risk of iron fouling can be minimized. Additionally, proper pretreatment processes and the use of appropriate flocculants can help prevent the carryover of aluminum flocs that could contribute to fouling. Regular monitoring and maintenance of the system are also crucial to managing iron fouling effectively.","Iron fouling in RO systems is managed by using a combination of pretreatment processes and careful system operation. Birm filtration can be used effectively to remove ferrous iron (Fe²⁺) from the RO feed water. Additionally, when dealing with higher concentrations of ferrous iron, special care must be taken to avoid the formation of ferric iron (Fe³⁺), which can foul the system. By maintaining proper pH control and avoiding the reaction of aluminum with silica, the risk of aluminum fouling can be minimized. If the system experiences a loss in specific flux due to fouling, correcting the underlying issue and continuing to operate the system can help restore the flux over time, provided there are no other significant fouling problems.","Iron fouling in RO systems is managed by using Birm filtration effectively for Fe2 removal from RO feed water. This method helps to prevent the accumulation of iron on the membrane surfaces, which can lead to a decrease in system performance. By removing iron from the feed water before it reaches the RO membranes, the risk of fouling is significantly reduced, helping to maintain the efficiency and longevity of the RO system. Additionally, if fouling does occur, operating the system after correcting the underlying issue can help restore the loss in specific flux over time, provided there are no other serious fouling problems.","Iron fouling in RO systems is managed through several strategies. One approach is to use a specialized RO system that can handle higher concentrations of ferrous iron, which reduces the need for frequent cleaning. Birm filtration is also employed to remove ferrous iron from the RO feed water effectively. In some cases, operators may tolerate a certain level of iron fouling, up to a 10 flux loss, and then perform membrane cleaning at predetermined intervals. Additionally, the iron removal efficiency can be influenced by the specific iron species present in the feed water. Regular monitoring and control of water chemistry, such as pH levels, can prevent issues like the postprecipitation of aluminum flocculants, which can lead to fouling even when the sdi is below 5 and iron levels are low. By addressing the root causes of fouling and maintaining proper system operation, the loss in specific flux can be restored over time, provided there are no other serious fouling problems. Contamination of the raw water with waste water effluent is also a concern that needs to be managed to prevent fouling.","Iron fouling in RO systems is managed through several methods. Birm filtration has been effectively used for the removal of iron (Fe2) from RO feed water. Additionally, operators may deliberately accept a certain level of iron fouling, typically up to 10 flux loss, and then clean the membranes at predetermined intervals. The iron removal efficiency depends on the specific iron species present in the feed water. By employing these strategies, the impact of iron fouling on the RO system's performance can be mitigated.",0.8551641702651978,0.8512167930603027,0.8531859517097473
20.0,poor pretreatment lead frequent cleaning membrane damage system modification improving pretreatment reduce cleaning need improve membrane lifespan,What are the consequences of poor pretreatment in RO systems?,"Poor pretreatment increases the need for frequent cleaning and risks damaging membranes, whereas good pretreatment reduces maintenance and extends membrane life.","Poor pretreatment in RO (Reverse Osmosis) systems can lead to several consequences, including:

1. Increased membrane fouling: Without proper pretreatment, contaminants in the raw water can cause the membranes to become clogged, reducing their efficiency and lifespan.

2. Higher operational costs: As fouling occurs, more frequent cleaning or replacement of membranes may be necessary, leading to increased maintenance costs.

3. Lower specific flux: The loss in specific flux, which is the rate of water permeation per unit area of the membrane, can be significant if the membranes are fouled, requiring more pressure to achieve the desired water output.

4. Contamination of the permeate: If the pretreatment is inadequate, contaminants from the raw water can pass through the RO system and contaminate the permeate, making it unsuitable for its intended use.

5. Increased membrane costs: Over time, the need for more frequent membrane replacement due to fouling can lead to higher overall costs for the RO system.

6. Potential damage to the RO plant: Severe fouling can cause damage to the RO system, including the membranes and associated components, leading to costly repairs or replacements.

7. Reduced system efficiency: Poor pretreatment can lead to a decrease in the overall efficiency of the RO system, as more energy is required to overcome the fouling and maintain water production rates.

8. Environmental concerns: If the pretreatment chemicals are not properly incorporated into the agglomerates and become a source of fouling, they can","The consequences of poor pretreatment in RO systems include a loss in specific flux due to the aggressive nature of permeate ro, which can lead to serious fouling problems if not corrected. Additionally, if pretreatment chemicals are not properly incorporated into the agglomerates or removed, they can become a source of fouling themselves. This can result in increased membrane costs and reduced efficiency of the RO system. Proper pretreatment is crucial to minimize these issues and maintain the performance of the RO system.","Poor pretreatment in RO (Reverse Osmosis) systems can lead to several negative consequences, including:

1. Increased fouling: Without proper pretreatment, contaminants in the feed water can cause the RO membranes to foul more quickly, reducing the system's efficiency and requiring more frequent cleaning or replacement of membranes.

2. Reduced permeate flux: Fouling can lead to a decrease in the flow rate of permeate (the filtered water), which means the system will produce less clean water over time.

3. Higher operational costs: More frequent cleaning, membrane replacement, and potential downtime for maintenance can increase the overall operational costs of the RO system.

4. Lower water quality: If pretreatment is inadequate, contaminants may pass through the RO membranes, resulting in lower quality permeate water that may not meet the required standards for its intended use.

5. Damage to downstream equipment: Contaminants that are not adequately removed during pretreatment can cause damage to other components of the water treatment system, leading to additional maintenance and repair costs.

6. Increased membrane costs: Over time, the need for more frequent membrane replacement due to fouling can lead to higher costs for membrane materials.

7. Potential for system failure: In severe cases, poor pretreatment can lead to system failure, requiring significant repairs or replacement of the entire RO system.

In summary, poor pretreatment can compromise the efficiency, cost-effectiveness, and reliability of an RO system, as well as the quality of the treated water.","Poor pretreatment in RO (Reverse Osmosis) systems can lead to several negative consequences, including:

1. Increased Fouling: Without proper pretreatment, the RO membranes are more susceptible to fouling, which is the accumulation of unwanted materials on the membrane surface. This can reduce the efficiency of the system and lead to a loss in specific flux, meaning the system will produce less purified water over time.

2. Higher Operating Costs: As fouling occurs, more frequent cleaning or replacement of membranes may be necessary, which can increase the operating costs of the RO system.

3. Reduced Membrane Lifespan: The presence of contaminants that are not adequately removed during pretreatment can damage the RO membranes, leading to a shorter lifespan and the need for more frequent replacements.

4. Lower System Performance: Poor pretreatment can result in a lower quality of permeate, meaning the water produced by the RO system may not meet the desired purity standards.

5. Increased Chemical Costs: If pretreatment chemicals are not effectively incorporated into the agglomerates or removed, they can become a source of fouling themselves, leading to additional costs for chemicals and increased maintenance.

6. Potential for System Failure: In severe cases, poor pretreatment can lead to system failure, requiring costly repairs or complete system replacement.

Overall, proper pretreatment is crucial for maintaining the efficiency, performance, and longevity of RO systems.","Poor pretreatment in RO (Reverse Osmosis) systems can lead to several negative consequences, including:

1. Increased fouling: Without proper pretreatment, contaminants in the feed water can cause the RO membranes to foul more quickly, leading to a decrease in permeate flux and the need for more frequent cleaning or replacement of membranes.

2. Higher operational costs: More frequent cleaning and membrane replacement due to fouling can increase the operational costs of the RO system.

3. Reduced membrane lifespan: Poor pretreatment can cause premature failure of the RO membranes, as they are exposed to contaminants that they are not designed to handle.

4. Inefficient use of filters: Using filters with an absolute pore size of less than 10 m without proper pretreatment can lead to an inefficient use of expensive filters and may result in their premature failure.

5. Potential for system failure: Even if the SDI (Silt Density Index) is below 5 and the level of iron in the RO feed water is below 0.1 mg/L, poor pretreatment can still create a fouling problem, potentially leading to the failure of the entire RO system.

6. Increased risk of contamination: Contamination of the raw water with waste water effluent can cause serious problems in the RO plant, affecting the quality of the permeate and potentially leading to health hazards if the permeate is used for drinking water.

7. Ineffective operation: The RO system may not operate with a high permeate flux, and almost","Poor pretreatment in RO (Reverse Osmosis) systems can lead to several negative consequences, including:

1. Increased membrane costs: Without proper pretreatment, the membranes may become fouled more quickly, leading to more frequent replacements and higher operational costs.

2. Inefficient use of filters: Using a cartridge filter with an absolute pore size of less than 10 m as the minimum pretreatment can be an inefficient and costly approach, as it may not effectively remove all unwanted materials.

3. Premature membrane system failure: The high probability of unwanted material breaking through the membrane can cause premature failure of the membrane system.

4. Fouling problems: Even if the SDI (Silt Density Index) is below 5 and the level of iron in the RO feed water is below 0.1 mg/L, poor pretreatment can still create fouling problems.

5. Increased risk of membrane damage: Exposure of the water to air or oxidizing agents like chlorine throughout the RO process must be prevented, as it can damage the membranes and reduce their effectiveness.

6. Loss of specific flux: Aggressive fouling, such as permeate ro, can cause a loss in specific flux, which can be restored over time if the underlying issue is corrected, but this can lead to inefficiencies and increased operational costs.

7. Additional costs for chemicals: Pretreatment chemicals must be incorporated into the agglomerates to prevent them from becoming a source of fouling. If not properly managed, this can lead","Poor pretreatment in RO (Reverse Osmosis) systems can lead to several negative consequences. Firstly, it can result in increased fouling, which is the accumulation of unwanted materials on the membrane surfaces, leading to a loss in specific flux and reduced system efficiency. This can cause the system to operate sub-optimally, requiring more frequent cleaning or even leading to system failure if the fouling is severe.

Secondly, inadequate pretreatment can lead to contamination of the raw water with waste water effluent. This can cause serious operational problems within the RO plant, potentially leading to the production of poor-quality permeate (the filtered water) and the need for additional treatment steps to ensure the water meets required standards.

Lastly, if pretreatment chemicals are not properly incorporated into the agglomerates or removed from the system, they can become a source of fouling themselves. This can further exacerbate the fouling problem and lead to increased maintenance costs, reduced membrane lifespan, and potentially higher operational costs due to the need for more frequent chemical additions and system cleanings. Overall, poor pretreatment can compromise the efficiency, reliability, and cost-effectiveness of RO systems.","Poor pretreatment in RO (Reverse Osmosis) systems can lead to several consequences, including:

1. Increased membrane fouling: Without proper pretreatment, the feedwater may contain contaminants that can adhere to the membrane surface, leading to fouling. This can result in a significant loss in specific flux, meaning the system's ability to filter water decreases over time.

2. Higher operational costs: As fouling occurs, more frequent cleaning or replacement of membranes may be necessary, which can increase maintenance costs and reduce the overall efficiency of the system.

3. Lower water quality: If pretreatment chemicals are not effectively removed from the agglomerates, they can become a source of fouling themselves. This can lead to poorer quality permeate water, as these chemicals may carry over into the filtered water.

4. Reduced membrane lifespan: The presence of contaminants and fouling agents can damage the membranes, leading to a shorter operational lifespan and the need for more frequent replacements.

5. Increased energy consumption: To overcome the reduced flux caused by fouling, the system may need to operate at higher pressures, which can lead to increased energy consumption and higher operational costs.

6. Potential for system failure: In severe cases, poor pretreatment can lead to system failure, requiring costly repairs or complete replacement of the RO system.","Poor pretreatment in RO (Reverse Osmosis) systems can lead to several negative consequences, including:

1. Increased Fouling: Without proper pretreatment, contaminants and particulates can pass through the RO membrane, leading to fouling. This fouling can reduce the permeate flux and decrease the overall efficiency of the system.

2. Higher Membrane Cleaning Requirements: Fouling necessitates more frequent cleaning of the RO membranes to restore their performance, which can be costly and time-consuming.

3. Reduced System Performance: The presence of contaminants in the feed water can cause a loss in specific flux, meaning the system will produce less permeate water over time.

4. Increased Operational Costs: More frequent cleaning and potential membrane replacements due to fouling can lead to higher operational costs.

5. Potential Damage to the RO Membrane: Aggressive fouling can cause physical damage to the RO membrane, shortening its lifespan and potentially leading to system failure.

6. Contamination of Permeate: If the pretreatment is inadequate, contaminants from the feed water can become incorporated into the permeate, making it unsuitable for its intended use.

7. Impact on Pretreatment Chemicals: Pretreatment chemicals may not be effectively incorporated into the agglomerates, potentially leading to additional fouling issues if they are not properly removed.

8. Higher Membrane Costs: Poor pretreatment can lead to more frequent membrane replacements, increasing the overall cost of the RO system.

9. System Downtime: Cleaning and maintenance activities required due","Poor pretreatment in RO (Reverse Osmosis) systems can lead to several negative consequences. Firstly, it can result in a loss of specific flux, meaning the system's efficiency in filtering water decreases over time. This happens because the permeate, which is the filtered water, can become more aggressive and cause fouling, which is the accumulation of unwanted materials on the membrane surfaces. If the pretreatment is not improved, the fouling can become more severe, leading to even greater losses in efficiency and potentially requiring more frequent cleaning or even replacement of the membranes.

Additionally, if pretreatment chemicals are not properly removed from the agglomerates (clusters of particles), they can become a source of fouling themselves. This can further reduce the performance of the RO system and increase operational costs.

Moreover, inadequate pretreatment can lead to higher membrane costs in the long run. This is because the membranes may degrade faster due to the increased fouling, necessitating more frequent replacements. Therefore, it is crucial to have an effective pretreatment system to ensure the longevity and efficiency of the RO system. A suggested minimum pretreatment for RO systems is a cartridge filter with an absolute pore size of less than 10 micrometers.","Poor pretreatment in RO (Reverse Osmosis) systems can lead to several negative consequences, including:

1. Increased membrane fouling: Without proper pretreatment, contaminants in the feed water can accumulate on the membrane surface, leading to reduced permeate flux and the need for frequent cleaning or replacement of the membrane.

2. Higher operational costs: Frequent cleaning or membrane replacement due to fouling can result in increased operational costs for the RO system.

3. Reduced system efficiency: Poor pretreatment can cause a decrease in the overall efficiency of the RO system, leading to lower water recovery rates and potentially compromising the quality of the treated water.

4. Premature membrane failure: Inadequate pretreatment can cause physical damage to the membrane, leading to premature failure and the need for costly repairs or replacements.

5. Increased energy consumption: Fouling and reduced system efficiency can lead to higher energy consumption, as more pressure may be required to maintain the desired permeate flow rate.

6. Potential damage to downstream equipment: Contaminants that pass through the membrane due to poor pretreatment can cause damage to downstream components, such as pumps, valves, and piping.

7. Contamination of the treated water: If pretreatment is inadequate, there is a risk of contaminants being present in the final permeate, which can pose health risks and violate water quality standards.

8. Inefficient use of expensive filters: Using filters without proper pretreatment can lead to their premature failure, as they may become clogged with contaminants that","Poor pretreatment in RO (Reverse Osmosis) systems can lead to several negative consequences:

1. Increased Membrane Fouling: Without proper pretreatment, contaminants and particulates can remain in the feed water, leading to the accumulation of foulants on the membrane surface. This fouling can reduce the system's specific flux, meaning the rate at which water is purified through the membrane decreases over time.

2. Higher Operating Costs: As fouling occurs, more frequent cleaning or replacement of membranes may be necessary, which can increase the operating costs of the RO system.

3. Reduced System Efficiency: Poor pretreatment can result in a lower permeate quality and a higher concentration of contaminants in the treated water, making the system less efficient.

4. Premature Membrane Failure: If the pretreatment is inadequate, even small particles or dissolved substances can cause damage to the membrane, leading to premature failure of the RO system.

5. Increased Maintenance: The need for more frequent maintenance and potential repairs due to fouling or membrane damage can lead to higher overall maintenance costs.

6. Inefficient Use of Resources: Using expensive filters without proper pretreatment can lead to their premature failure, as they may not be able to effectively remove all the contaminants, resulting in an inefficient use of resources.

7. Potential for System Downtime: Fouling and membrane failure can cause unexpected downtime, which can be costly and disruptive to operations that rely on a continuous supply of purified water.

In summary, poor pretreatment can compromise",0.8040271997451782,0.8894304037094116,0.8445752859115601
21.0,selecting intake location seawater ro system critical minimize contamination deep well close shore preferred open intake placed far shore avoid pollution,Why is intake location important for seawater RO systems?,"Choosing an intake location far from pollution sources helps minimize contamination and fouling risks, ensuring better water quality and system performance.","The intake location is crucial for seawater RO systems because it needs to be situated well away from the shore and some meters below the water surface to avoid contamination from surface pollutants and to ensure the intake of cleaner, less saline water. This helps in maintaining the efficiency of the reverse osmosis process, as the high salinity and osmotic pressure of seawater can limit the recovery rate and potentially exceed the physical pressure limits of the system if not properly managed. By carefully selecting the intake location, the system can operate more effectively within its designed parameters.","The intake location is important for seawater RO systems because it affects the salinity and osmotic pressure of the water being treated. High salinity and osmotic pressure, which are characteristic of seawater, can limit the recovery rate of the system to typically 40 to 50%, to avoid exceeding the physical pressure limits of the system. Additionally, the intake location can influence the potential for scaling, which is less of a concern in seawater plants compared to brackish water plants due to the higher total dissolved solids (TDS) in seawater. Therefore, selecting an appropriate intake location is crucial for the efficient and safe operation of seawater RO systems.","The intake location is crucial for seawater reverse osmosis (RO) systems because it must be situated well away from the shore and some meters below the water surface to avoid contamination and ensure the quality of the surface water being treated. This is particularly important for seawater, which has high salinity and osmotic pressure, as it can affect the recovery rate and efficiency of the RO system. Proper intake location helps in maintaining the integrity of the system and prevents scaling and fouling issues that can arise from the aggressive nature of the permeate reject (RO). Additionally, accurate water analysis is necessary before designing an RO or nanofiltration (NF) system, and the intake location plays a role in providing the necessary water quality data.","The intake location is important for seawater RO systems because it affects the salinity and osmotic pressure of the water being treated. High salinity and osmotic pressure, which are characteristic of seawater, can limit the recovery rate of the system to typically 40 to 50% to avoid exceeding the physical pressure limits of the system. Additionally, the intake location can influence the potential for scaling and fouling, which can impact the efficiency and longevity of the RO system. Therefore, a careful selection of the intake location is crucial to ensure optimal performance and to minimize operational issues.","The intake location is crucial for seawater RO systems because it must be situated well away from the shore and some meters below the water surface to avoid contamination from surface pollutants and to ensure the intake of cleaner water. Additionally, the intake must be designed to handle the high osmotic pressure of seawater, which limits the recovery rate of the system to typically 40 to 50% to avoid exceeding the physical pressure limits of the system. Proper intake location also helps in maintaining the integrity of the system by preventing fouling and scaling, which can be exacerbated by the aggressive nature of permeate reject (PR) in seawater RO systems.","The intake location is important for seawater RO systems because it affects the concentration of total dissolved solids (TDS) in the water being treated. Seawater typically has a high TDS, which can lead to scaling issues in the system. The location of the intake can influence the salinity and TDS levels, which in turn impacts the osmotic pressure and the recovery rate of the system. A well-chosen intake location helps to minimize scaling and fouling problems, ensuring efficient operation and longevity of the RO system. Additionally, the intake location can affect the accumulation of suspended solids and the overall pressure differential across the membrane elements, which are critical for maintaining system performance and preventing damage. Proper intake location also ensures that the system remains flooded and free from air during idle periods, which is essential for the integrity of the membrane elements and the overall efficiency of the RO process.","The intake location is crucial for seawater reverse osmosis (RO) systems because it helps to minimize the risk of scaling, which can be less of an issue due to the high total dissolved solids (TDS) in seawater. Additionally, the intake must be placed well away from the shore and below the water surface to avoid contamination and to ensure that the high osmotic pressure of the seawater does not exceed the physical pressure limits of the system, which could lead to operational issues or damage to the RO system. Proper intake location also helps in maintaining the efficiency and longevity of the seawater recovery process.","The intake location is important for seawater RO systems because it affects the salinity and osmotic pressure of the water being treated. High salinity and osmotic pressure, which are characteristic of seawater, can limit the recovery rate of the system to typically 40 to 50% to avoid exceeding the physical pressure limits of the system. Additionally, the intake location can influence the concentration of total dissolved solids (TDS), which in the case of seawater RO systems can range from 35,000 to 45,000 mg/L. Proper intake location helps manage these factors, ensuring the system operates efficiently and effectively without scaling issues, which are less of a concern in seawater plants compared to brackish water plants.","The intake location is crucial for seawater RO systems because it must be positioned well away from the shore and some meters below the water surface to avoid contamination from surface pollutants and to ensure the intake of cleaner water. This helps in maintaining the efficiency and longevity of the RO system by minimizing the introduction of scaling agents and other fouling materials that can impair the system's performance. Additionally, the high salinity and osmotic pressure of seawater necessitate careful consideration of the intake location to manage the physical pressure limits of the system effectively.","The intake location is important for seawater RO systems because it affects the quality and salinity of the water being treated. The location determines the level of contaminants and the osmotic pressure of the concentrate stream, which in turn influences the recovery rate and efficiency of the system. Proper intake location helps in managing the challenges posed by the high salinity and aggressive nature of permeate reject (ro), ensuring optimal system performance and preventing serious fouling problems. Accurate water analysis based on the intake location is crucial for designing an effective ro or nf system.","The intake location is crucial for seawater RO systems because it needs to be situated well away from the shore and some meters below the water surface to avoid contamination from surface pollutants and to ensure the intake of cleaner water. Additionally, the high salinity and osmotic pressure of seawater require careful consideration of the intake location to manage the physical pressure limits of the system and to prevent scaling, which is less of a problem in seawater plants compared to brackish water plants. Proper intake location helps in maintaining the efficiency and longevity of the RO system.","The intake location is important for seawater RO systems because it affects the intake of surface water, including seawater, which is crucial for the system's operation. The location can influence the quality of the water being treated, as it determines the level of suspended solids and other contaminants that may accumulate in the system. Proper intake location helps in minimizing fouling and scaling, which are significant issues in seawater RO systems due to the high salinity and osmotic pressure. Additionally, the intake location can impact the system's ability to handle the osmotic pressure of the concentrate stream without exceeding physical pressure limits. Therefore, selecting an appropriate intake location is essential for efficient and effective seawater RO system performance.",0.8606523275375366,0.9005210399627686,0.8801353573799133
22.0,new well may release suspended matter early operation proper rinsing required iron oxide fouling common avoided selecting corrosion resistant materials,How can iron oxide fouling be prevented in new wells?,Proper rinsing of new wells and using corrosion-resistant materials help prevent iron oxide fouling in RO systems.,"Iron oxide fouling in new wells can be prevented by using submersible pumps equipped with a check valve at the pump discharge in the well. This prevents backflow into the well. If backflow prevention is not feasible, a special procedure should be employed upon startup to automatically purge the initial flow from the well to waste, thereby reducing the risk of iron oxide fouling.","Iron oxide fouling in new wells can be prevented by using methods described in section 2.5, which may include the use of colloidal and particulate iron inhibitors, maintaining proper pH control to prevent the reaction of aluminum with silica, and avoiding the carryover of aluminum-based flocculants from pretreatment processes. Additionally, employing submersible pumps with a check valve at the pump discharge in the well can help prevent fouling. It is important to follow the specific guidelines and techniques outlined in the referenced section for effective prevention.","Iron oxide fouling can be prevented in new wells by using submersible pumps equipped with a check valve at the pump discharge in the well. This prevents backflow into the well. If backflow prevention is not possible, a special procedure should be employed upon start-up to automatically purge the initial flow from the well to waste. Additionally, the use of antifoulants, which are certain scaling inhibitors, can also help in preventing iron fouling. Special care should be taken when dealing with higher concentrations of ferrous iron to avoid ferric iron fouling. The addition of smbs (sodium metabisulfite) has been reported to prevent membrane fouling.","Iron oxide fouling in new wells can be prevented by using submersible pumps equipped with a check valve at the pump discharge in the well. Additionally, the use of antifoulants, which are certain scaling inhibitors, can also help in preventing iron fouling. These antifoulants are capable of handling iron and can be added to the system to mitigate fouling issues.","Iron oxide fouling in new wells can be prevented by initially operating the system, as the aggressive nature of permeate RO can help restore the loss in specific flux over time, provided there are no other serious fouling problems. Additionally, if the foulant is not heavily composed of elemental sulfur, a phosphoric acidic solution may be capable of dissolving out the sulfide components. It is also important to ensure proper ph control to prevent the reaction of aluminum with silica, which can form aluminum silicates and contribute to fouling. Using submersible pumps with a check valve at the pump discharge in the well can help prevent backflow and fouling. If backflow cannot be prevented, a special procedure should be employed upon start-up to automatically purge the initial flow from the well to waste. Lastly, the use of antifoulants and scaling inhibitors can help prevent membrane fouling associated with iron.","To prevent iron oxide fouling in new wells, it is recommended to use submersible pumps equipped with a check valve at the pump discharge in the well. This technique helps to minimize the carryover of flocs and the formation of aluminum silicates, which are common sources of aluminum fouling. Additionally, the use of antifoulants and scaling inhibitors can help manage iron fouling. If the fouling is due to iron oxide, operating the system after correcting the underlying issue can restore the loss in specific flux over time, provided there are no other serious fouling problems. For fouling that is not heavily composed of elemental sulfur, a phosphoric acidic solution may be used to dissolve out the sulfide components.","Iron oxide fouling can be prevented in new wells by using submersible pumps with a check valve at the pump discharge in the well. If backflow into the wells cannot be prevented, a special procedure should be employed upon start-up to automatically purge the initial flow from the well to waste. This helps to avoid the carryover of flocs and the formation of aluminum silicates, which are common sources of aluminum fouling that can also affect iron oxide fouling. Additionally, maintaining proper pH control and avoiding the reaction of aluminum with silica can help prevent the formation of aluminum silicates, which can contribute to iron oxide fouling.","Iron oxide fouling can be prevented in new wells by using methods described in section 2.5 of the referenced material. These methods include the use of submersible pumps equipped with a check valve at the pump discharge in the well. This technique helps to prevent the carryover of flocs and the postprecipitation of aluminum flocculants due to poor pH control, which can lead to the formation of aluminum silicates and contribute to iron oxide fouling. By implementing these preventive measures, the risk of iron oxide fouling in new wells can be minimized.","Iron oxide fouling, commonly referred to as iron fouling, can be prevented in new wells by employing several strategies. One effective method is to use submersible pumps equipped with a check valve at the pump discharge in the well. This prevents backflow into the well, which can contribute to fouling. If preventing backflow is not feasible, a special procedure should be implemented upon startup to automatically purge the initial flow from the well to waste, thereby reducing the risk of iron oxide fouling.

Additionally, the use of special care when dealing with higher concentrations of ferrous iron is crucial to avoid the formation of ferric iron, which can also lead to fouling. The addition of smbs (sodium metabisulfite) has been reported to prevent membrane fouling, and certain antifoulants, also known as scaling inhibitors, can effectively handle iron fouling. These antifoulants can be incorporated into the well management practices to mitigate the risk of iron oxide fouling.","Iron oxide fouling in new wells can be prevented by using submersible pumps with a check valve at the pump discharge in the well. Additionally, the use of antifoulants, which are certain scaling inhibitors, can handle iron fouling effectively. It is also important to manage the sources of aluminum fouling, such as flocs carryover from pretreatment processes using aluminum-based flocculants, postprecipitation of aluminum flocculants due to poor pH control, and the reaction of aluminum with silica forming aluminum silicates. By addressing these factors, iron oxide fouling can be minimized in new wells.","Iron oxide fouling in new wells can be prevented by initially operating the system after the release of suspended matter, as the aggressive nature of permeate RO can help restore the loss in specific flux over time, provided there are no other serious fouling problems. Additionally, if the foulant is not heavily composed of elemental sulfur, a phosphoric acidic solution may be capable of dissolving out the sulfide components, which can help prevent potential problems. It is also important to ensure proper ph control to prevent the reaction of aluminum with silica, forming aluminum silicates, which can contribute to fouling. Using submersible pumps with a check valve at the pump discharge in the well can also help prevent backflow into the wells, which can carry over aluminum flocs and contribute to fouling. If possible, employing a special procedure upon start-up to automatically purge the initial flow from the well to waste can further prevent fouling. Lastly, the use of antifoulants and scaling inhibitors, such as smbs, can help prevent membrane fouling caused by iron.","Iron oxide fouling in new wells can be prevented by using submersible pumps with a check valve at the pump discharge in the well. Additionally, antifoulants and certain scaling inhibitors can handle iron fouling, and if the foulant is not heavily composed of elemental sulfur, a phosphoric acidic solution may dissolve out the sulfide components. It is also important to correct the situation that caused the problem and ensure proper operation of the system to restore the loss in specific flux over time, provided there are no other serious fouling problems.",0.8583816289901733,0.8982229828834534,0.8778504133224487
23.0,biofouling caused microorganism attach membrane surface form biofilm enriched environment like membrane surface promote growth biofilm difficult remove affect performance,Why is biological fouling a serious issue in RO membranes?,"Microorganisms form biofilms on membrane surfaces under favorable conditions, reducing system performance and being difficult to remove once established.","Biological fouling is a serious issue in RO membranes because it can seriously affect the performance of the reverse osmosis (RO) system. This fouling occurs when microorganisms grow on the membranes, which can happen more readily in the absence of chlorine, a disinfectant that is not recommended for intentionally sanitizing membrane systems due to the risk of membrane oxidation. Without frequent sanitization, these microorganisms can thrive, using the membranes as a nutrient-rich environment, leading to reduced efficiency and potentially causing damage to the RO system. Additionally, seawater from open intakes can contribute to biofouling if no prevention measures are in place, further compromising the system's performance.","Biological fouling is a serious issue in RO membranes because it can seriously affect the performance of the reverse osmosis (RO) system. This occurs when microorganisms, such as bacteria, algae, and fungi, attach to and grow on the membrane surface, leading to reduced water permeability and efficiency. Additionally, biological fouling can cause increased pressure drops across the membrane, necessitating more frequent cleaning and maintenance, and potentially leading to membrane damage or failure. Therefore, preventing biological fouling is crucial to maintaining the optimal performance and longevity of RO membranes.","Biological fouling is a serious issue in RO membranes because it can seriously affect the performance of the system, leading to a loss in specific flux. This means that the efficiency of the membrane in filtering water is reduced, which can compromise the quality of the treated water and the overall effectiveness of the desalination process. Additionally, biological fouling can cause other problems such as increased energy consumption and the potential for microbial growth, which can further degrade the system's performance and longevity.","Biological fouling is a serious issue in RO membranes because it can seriously affect the performance of the membrane system. This type of fouling leads to a loss in specific flux, which means the efficiency of the membrane in filtering water is reduced. Additionally, biological fouling can cause other serious fouling problems, further compromising the system's effectiveness. If not addressed, it can lead to the deterioration of the membrane's function and potentially require costly maintenance or replacement.","Biological fouling is a serious issue in RO membranes because it can significantly impair the performance of the membrane system. This fouling leads to a loss in specific flux, which means the system's ability to filter water is reduced. Additionally, biological fouling can cause membrane degradation over time, further compromising the efficiency and longevity of the RO system. Without proper prevention measures, biofouling can lead to increased maintenance costs and potential system failures.","Biological fouling is a serious issue in RO membranes because it can seriously affect the performance of the RO system. This type of fouling leads to a loss in specific flux, which is a measure of the water permeating through the membrane. When biological fouling occurs, it clogs the pores of the membrane, reducing its efficiency and effectiveness in filtering water. This results in a decreased output of clean water and can necessitate additional maintenance or replacement of the membranes, leading to increased operational costs and potential downtime for the system.","Biological fouling is a serious issue in RO membranes because it can seriously affect the performance of the reverse osmosis (RO) system. This fouling occurs when microorganisms grow on the membranes, which can happen more readily in the absence of chlorine, a disinfectant that is not recommended for intentionally sanitizing membrane systems due to the risk of membrane oxidation. Without frequent sanitization, the nutrients present can enhance the growth of these microorganisms, leading to reduced efficiency and potential damage to the RO membranes. Additionally, seawaters from open intakes can contribute to biofouling if no preventive measures are taken, further compromising the system's performance.","Biological fouling is a serious issue in RO membranes because it can seriously affect the performance of the reverse osmosis (RO) system. This occurs when biological organisms, such as bacteria, algae, and fungi, accumulate on the membrane surface, leading to reduced water flow and efficiency, increased energy consumption, and potential damage to the system. To prevent this, biofouling prevention measures must be in place, especially when using seawater from open intakes, as it is prone to causing biofouling if not properly managed.","Biological fouling is a serious issue in RO membranes because it can seriously affect the performance of the system. It leads to a performance loss, specifically in the form of flux loss, which means the efficiency of the membrane system in filtering water is reduced. This can result in increased operational costs and potentially compromise the quality of the treated water. Additionally, biological fouling can necessitate more frequent cleaning or replacement of membranes, further increasing maintenance efforts and costs.","Biological fouling is a serious issue in RO membranes because it can seriously affect the performance of the system, leading to a loss in specific flux. This means that the efficiency of the membrane in filtering water is reduced, which can compromise the quality of the treated water and the overall effectiveness of the RO system. Additionally, biological fouling can cause further complications, such as membrane oxidation, which is why chlorine is not recommended for intentionally sanitizing membrane systems. Proper prevention measures are essential to maintain the integrity and performance of RO membranes.","Biological fouling is a serious issue in RO membranes because it can significantly impair the performance of the membrane system. This fouling leads to a loss in specific flux, which means the system's ability to filter water is reduced. Additionally, biological fouling can cause membrane degradation over time, further compromising the system's efficiency and longevity. To prevent such issues, measures like chlorination for pre-treatment, especially in surface waters, are often applied to protect the membranes while corrective actions are being implemented. Without proper prevention, the aggressive nature of permeate RO can exacerbate the problem, leading to more severe fouling and performance loss.","Biological fouling is a serious issue in RO membranes because it can seriously affect the performance of the RO system. When biological organisms, such as bacteria and algae, attach to the membrane surfaces, they can clog the pores, leading to a loss in specific flux, which means the system's ability to filter water is reduced. This fouling can also cause increased energy consumption and may require additional maintenance or replacement of the membranes, leading to higher operational costs. Preventing biological fouling is therefore crucial to maintaining the efficiency and longevity of RO membrane systems.",0.8389300107955933,0.8781671524047852,0.8581002950668335
24.0,biofouling prevention includes system design sanitization regular control microbiological activity prevent biofilm development early detection critical avoid performance decline,How is biofouling prevented in RO systems?,"Biofouling is prevented by good system design, periodic sanitization, and microbiological control, with early detection helping to maintain performance.","Biofouling in RO systems is prevented through several strategies as part of the system design, operation, and maintenance. These strategies include:

1. System Design Considerations: As mentioned in section 3.15, the design of the RO system incorporates features to control microbiological activity, which can contribute to biofouling.

2. System Operation: Proper operation of the RO system, as outlined in chapter 5, helps maintain conditions that minimize the risk of biofouling.

3. Sanitization: Regular sanitization of the membrane systems, as described in section 6.10, involves cleaning the membranes to remove any biological contaminants that may cause fouling.

4. Preservation: Preservation techniques, detailed in section 7.4, are used to protect the RO and NF systems from microbial growth and biofouling.

5. Membrane Area and Cleaning Frequency: By using a larger membrane area and more frequent cleaning and maintenance, as indicated in the context, the impact of biofouling can be reduced, ensuring the RO system operates efficiently with a high permeate flux and minimal cleaning requirements.

These combined efforts help prevent biofouling and maintain the performance of RO systems.","Biofouling in RO (Reverse Osmosis) systems is prevented through several strategies as part of the system design and operation. These strategies include:

1. **Pre-treatment of Feedwater**: Removing particulates, scaling ions, and organic matter from the feedwater before it enters the RO system to reduce the potential for biofouling.

2. **Chemical Sanitization**: Regularly applying chemical sanitizers, such as chlorine, ozone, or hydrogen peroxide, to the system to control microbial growth.

3. **Biological Fouling Control**: Implementing measures to control biological fouling, which may involve adjusting pH levels, temperature, and other operational parameters to create an environment less conducive to microbial growth.

4. **System Design Considerations**: Designing the system with features that minimize areas where biofouling can occur, such as ensuring proper flow distribution and avoiding dead zones where microbes can accumulate.

5. **Regular Cleaning and Maintenance**: Performing regular cleaning and maintenance of the RO membranes to remove any biofouling that does occur, thereby maintaining high permeate flux and reducing the need for cleaning.

6. **Monitoring and Control Systems**: Using monitoring and control systems to detect early signs of biofouling and take corrective actions promptly.

By integrating these preventive measures into the system design, operation, and maintenance protocols, biofouling can be effectively managed, ensuring the efficient and long-term performance of RO systems.","Biofouling in RO systems is prevented by using biofiltration as a pretreatment method. This involves the biological treatment of water to reduce organic constituents that contribute to organic fouling or provide carbon sources for biofilm development on membrane surfaces. Biofiltration can be achieved through various processes, such as using persulfate generated from copper sulfate to oxidize the RO membrane, which helps to minimize the need for frequent cleaning and maintenance.","Biofouling in RO systems can be prevented by using biofiltration as a suitable pretreatment method. This approach has been demonstrated and advocated by several authors. Additionally, the RO membrane can be oxidized with persulfate generated from copper sulfate, which helps in preventing biofouling.","Biofouling in RO systems is prevented by using biofiltration as a pretreatment method, which biologically treats water to reduce organic constituents that contribute to organic fouling or provide carbon sources for biofilm development on membrane surfaces. Additionally, using a cartridge filter with an absolute pore size of less than 10 micrometers as a minimum pretreatment can reduce the need for RO membrane cleaning. Proper system design, including piping arrangements that keep the membrane skid assembly flooded and free from air during idle periods, also helps prevent biofouling.","Biofouling in RO systems is prevented by using biofiltration as a pretreatment method, as demonstrated and advocated by several authors. Additionally, a cartridge filter with an absolute pore size of less than 10 micrometers is suggested as the minimum pretreatment required for every RO system. These methods help to control microbiological activity and prevent biological fouling of the membranes, which can seriously affect the performance of the RO system.","Biofouling in RO systems is prevented through several strategies as part of the system design, operation, and maintenance. These strategies include:

1. System Design Considerations: Proper system design, as outlined in section 3.15, includes selecting appropriate materials and configurations that minimize the potential for biofouling.

2. System Operation: Regular monitoring and operation of the RO system, as described in chapter 5, help maintain optimal conditions that discourage microbial growth.

3. Sanitization: Sanitizing membrane systems, as detailed in section 6.10, involves periodic cleaning with appropriate sanitizing agents to remove any microbial buildup on the membranes.

4. Preservation: Preservation techniques, mentioned in section 7.4, are used to protect the RO system when it is not in use, reducing the risk of biofouling during downtime.

5. Membrane Area and Cleaning Frequency: Using a larger membrane area with cartridge filtration, as indicated in the context, can reduce the need for frequent cleaning and maintenance, indirectly preventing biofouling by minimizing the opportunities for microbial growth.

By integrating these strategies into the design, operation, and maintenance of RO systems, biofouling can be effectively prevented, ensuring optimal performance and longevity of the system.","Biofouling in Reverse Osmosis (RO) systems is prevented through several strategies as part of the system design and operation. These strategies include:

1. **Pre-treatment of Feedwater**: Treating the feedwater to remove microorganisms and other foulants before it enters the RO system helps prevent biofouling. This can involve filtration, sedimentation, and disinfection processes.

2. **System Design Considerations**: As mentioned in section 3.15, the design of the RO system includes features that minimize the risk of biofouling. This can involve the use of materials that are less prone to microbial attachment and the design of components that facilitate easy cleaning and maintenance.

3. **Regular Sanitization**: Regular cleaning and sanitization of the RO system, as outlined in section 6.10, are crucial for preventing biofouling. This involves using appropriate cleaning agents and methods to remove any biofilm or microbial growth that may have developed on the membranes and other system components.

4. **Monitoring and Control**: Continuous monitoring of the RO system's performance can help detect early signs of biofouling. By keeping an eye on parameters such as permeate flux and pressure, operators can take timely action to address any issues before they escalate.

5. **Use of Antifouling Coatings**: In some cases, antifouling coatings can be applied to the membranes or other components to reduce the adhesion of microorganisms and prevent biofouling","Biofouling in RO systems is prevented by using biofiltration as a pretreatment method. Biofiltration is the biological treatment of water to reduce organic constituents that contribute to organic fouling or provide carbon sources for biofilm development on membrane surfaces. This process can involve the oxidation of the RO membrane with persulfate generated from copper sulfate, which helps to minimize the need for frequent cleaning and maintenance of the RO system.","Biofouling in RO (Reverse Osmosis) systems can be prevented by using biofiltration as a suitable pretreatment method. This involves passing the water through a biological filter that removes microorganisms before the water reaches the RO membranes, thereby reducing the risk of biofouling. Additionally, the RO membrane can be oxidized with persulfate generated from copper sulfate, which helps in maintaining the performance of the system by preventing the buildup of biofilms on the membrane surface. These methods are supported by several authors in the field.","Biofouling in RO systems is prevented by using biofiltration as a pretreatment method. Biofiltration is a biological treatment process that reduces the organic constituents in water, which either contribute directly to organic fouling or provide carbon sources for the development of biofilms on membrane surfaces. This method has been demonstrated and advocated by several authors as a suitable pretreatment to protect RO membranes from biofouling. Additionally, using cartridge microfiltration with an absolute pore size of less than 10 m as a minimum pretreatment can also reduce the need for membrane cleaning by removing particles that could otherwise contribute to fouling. Proper system design, including piping arrangements that keep the membrane skid assembly flooded and free from air during idle periods, can also help prevent biofouling.","Biofouling in RO systems is prevented using biofiltration as a suitable pretreatment method. This involves passing the feed water through a biofilter where microorganisms are removed before the water reaches the RO membranes. Additionally, the use of cartridge microfiltration with an absolute pore size of less than 10 m is recommended as a minimum pretreatment to protect the RO system from biological fouling. These methods help maintain the performance and efficiency of the RO system by reducing the buildup of microorganisms on the membranes.",0.8279311656951904,0.9070220589637756,0.8656738996505737
25.0,oxidizing agent like chlorine used control microorganism may increase nutrient level breaking organics promote biofouling thus dosage and application method critical,Why can chlorine sometimes worsen biofouling in RO systems?,"Chlorine may break down organic matter into biodegradable fragments, increasing nutrient levels and potentially promoting biofouling if not managed correctly.","Chlorine can sometimes worsen biofouling in RO systems because, although it is not recommended for intentionally sanitizing membranes due to the risk of membrane oxidation, biofouling problems downstream of the dechlorination point are common. This suggests that while chlorine may be used in certain situations, its presence can lead to conditions that promote biofouling. Additionally, the continuous addition of chlorine can increase nutrient levels by breaking down organic substances into smaller biodegradable fragments, which can further contribute to biofouling issues.","Chlorine can sometimes worsen biofouling in RO systems because when it is continuously added as an oxidation chemical, it can break down organic substances into smaller biodegradable fragments. These smaller fragments can serve as nutrients for microorganisms, which can then proliferate and contribute to biofouling. Additionally, the presence of chlorine can lead to the formation of disinfection by-products that may also encourage microbial growth. Biofouling problems are quite common downstream of the point of dechlorination, indicating that the removal of chlorine is necessary to mitigate this issue. However, if the system experiences upsets that result in temporary exposure to free chlorine, the membrane can still be used successfully, suggesting that the impact of chlorine on biofouling is not always detrimental and can be managed under certain conditions.","Chlorine can sometimes worsen biofouling in RO systems because it can lead to the formation of biofouling problems downstream of the point of dechlorination. Additionally, the continuous addition of oxidation chemicals like chlorine may increase the nutrient level as organic substances are broken down into smaller biodegradable fragments, which can promote the growth of microorganisms that contribute to biofouling.","Chlorine can sometimes worsen biofouling in RO systems because the continuous addition of oxidation chemicals like chlorine may increase the nutrient level. This happens because organic substances in the water can be broken down into smaller biodegradable fragments, which can then serve as a food source for microorganisms, promoting biofouling. Additionally, if a chlorineresistant membrane material is not used, the chlorine can contribute to the growth of microorganisms on the membrane surface, exacerbating biofouling issues.","Chlorine can sometimes worsen biofouling in RO systems because, despite being used to retard biological fouling, it can lead to the formation of biofouling problems downstream of the point of dechlorination. Additionally, the continuous addition of oxidation chemicals like chlorine may increase the nutrient level in the system, as organic substances are broken down into smaller biodegradable fragments, which can promote biofouling. Furthermore, if not properly managed, other oxidizing agents such as chlorine dioxide, hydrogen peroxide, ozone, and permanganate can also damage RO membranes and contribute to biofouling issues.","Chlorine can sometimes worsen biofouling in RO systems because the continuous addition of oxidation chemicals like chlorine may increase the nutrient level in the water. This happens because organic substances are broken down into smaller biodegradable fragments, which can serve as a food source for microorganisms, leading to increased biofouling. Additionally, if a chlorineresistant membrane material is not used, chlorine can contribute to the problem by promoting the growth of microorganisms that cause biofouling.","Chlorine can sometimes worsen biofouling in RO systems because, although it is not recommended for intentionally sanitizing membrane systems due to the risk of membrane oxidation, biofouling problems downstream of the dechlorination point are quite common. This suggests that while chlorine may be used in situations where the membrane is exposed to free chlorine temporarily, its continuous addition can lead to increased nutrient levels as organic substances are broken down into smaller biodegradable fragments, which can promote biofouling. Additionally, the oxidation of the membrane by chlorine can damage the membrane surface, making it more susceptible to biofouling.","Chlorine can sometimes worsen biofouling in RO systems because when it is continuously added to the system, it can break down organic substances into smaller biodegradable fragments. These smaller fragments can contribute to the nutrient levels in the water, which can promote the growth of microorganisms and other organisms that cause biofouling. Additionally, the presence of chlorine can lead to the formation of disinfection by-products, which can also contribute to biofouling issues. Furthermore, chlorine can cause damage to the RO membranes, leading to increased susceptibility to biofouling. Therefore, while chlorine is used to control biofouling, its continuous addition can sometimes exacerbate the problem.","Chlorine can sometimes worsen biofouling in RO systems because, although it is used to retard biological fouling, the continuous addition of chlorine can increase the nutrient level in the system. This happens when organic substances are broken down into smaller biodegradable fragments, which can then serve as a food source for microorganisms, leading to increased biofouling. Additionally, if chlorine is not properly managed, it can cause damage to the RO membranes, further exacerbating the problem.","Chlorine can sometimes worsen biofouling in RO systems because the continuous addition of oxidation chemicals like chlorine may increase the nutrient level. This happens because organic substances are broken down into smaller biodegradable fragments, which can serve as a food source for microorganisms, thereby promoting biofouling. Additionally, if a chlorineresistant membrane material is not used, chlorine can contribute to the problem by not effectively preventing the growth of microorganisms that cause biofouling.","Chlorine can sometimes worsen biofouling in RO systems because, although it is used to retard biological fouling, its continuous addition can lead to the breakdown of organic substances into smaller biodegradable fragments. This process can increase the nutrient levels in the system, which may promote the growth of microorganisms that contribute to biofouling. Additionally, if the chlorine-resistant membrane material is not used or if the chlorine is not properly managed, the chlorine can oxidize the membrane, leading to further complications and potentially exacerbating biofouling issues.","Chlorine can sometimes worsen biofouling in RO systems because the continuous addition of oxidation chemicals such as chlorine may increase the nutrient level. This happens because organic substances are broken down into smaller biodegradable fragments, which can serve as a food source for microorganisms, leading to increased biofouling. Additionally, if a chlorineresistant membrane material is not used, chlorine can contribute to the problem by not being effectively removed from the system, allowing it to promote the growth of microorganisms that cause biofouling.",0.8688727021217346,0.9249277114868164,0.8960243463516235
26.0,continuous sanitization less effective than intermittent offline cleaning since mature biofilms are harder to remove preventive cleaning preferred,Why is preventive sanitization preferred over continuous chlorination?,"Preventive, intermittent cleaning is more effective because continuous chlorination may not remove mature biofilms, which are more resistant to treatment.","Preventive sanitization is preferred over continuous chlorination because continuous chlorination can lead to membrane oxidation, which is undesirable. Additionally, the continuous addition of oxidation chemicals like chlorine can increase the nutrient level in the water by breaking down organic substances into smaller, biodegradable fragments. Therefore, to avoid these issues, chlorine is applied offline to the pretreatment section periodically rather than continuously. This approach helps to maintain the integrity of the membrane system and control nutrient levels.","Preventive sanitization is preferred over continuous chlorination because it helps to avoid the increase in nutrient levels that can occur when organic substances are broken down into smaller biodegradable fragments due to the continuous addition of oxidation chemicals like chlorine. By applying chlorine offline periodically, it minimizes the breakdown of organic matter, thereby reducing the potential for nutrient enrichment in the water system. This approach also allows for better control and management of the sanitization process, ensuring that it is effective without causing unintended consequences.","Preventive sanitization is preferred over continuous chlorination because continuous chlorination can lead to membrane oxidation, which is undesirable. Additionally, the continuous addition of oxidation chemicals like chlorine can increase nutrient levels in the water by breaking down organic substances into smaller biodegradable fragments. Preventive sanitization, applied offline periodically, helps avoid these issues and is more effective in maintaining water quality without the negative side effects associated with continuous chlorination.","Preventive sanitization is preferred over continuous chlorination for several reasons. Firstly, applying chlorine offline to the pretreatment section periodically helps to avoid the continuous addition of oxidation chemicals, which can increase the nutrient level in the water by breaking down organic substances into smaller biodegradable fragments. This can lead to unwanted biological growth and potential water quality issues.

Secondly, preventive sanitization, which involves applying sanitization chemicals during normal plant operation either as a continuous dosage or preferably as a discontinuous intermittent dosage, allows for better control over the sanitization process. This intermittent approach can help to maintain the effectiveness of the sanitization while minimizing the potential for chemical overuse and associated problems.

Lastly, maintaining a free residual chlorine concentration of 0.51.0 mg/l or higher is important for preventing fouling of water intake lines, heat exchangers, sand filters, and other components in an industrial water treatment scheme. This preventive approach ensures that the water remains free of contaminants and reduces the risk of equipment damage and inefficiencies.

In summary, preventive sanitization is preferred over continuous chlorination because it provides better control over the sanitization process, helps to maintain water quality, and prevents equipment fouling, all while avoiding the potential negative effects of continuous chemical addition.","Preventive sanitization is preferred over continuous chlorination because continuous chlorination can lead to membrane oxidation, which is harmful to the membrane systems. Additionally, the continuous addition of oxidation chemicals like chlorine can increase nutrient levels by breaking down organic substances into smaller, biodegradable fragments. Preventive sanitization, applied offline to the pretreatment section periodically, helps avoid these issues and maintains the integrity of the membrane systems.","Preventive sanitization is preferred over continuous chlorination for several reasons:

1. **Nutrient Levels**: Continuous addition of oxidation chemicals like chlorine can increase nutrient levels in the water because organic substances may be broken down into smaller biodegradable fragments, which can lead to issues like algal blooms.

2. **Fouling Prevention**: Maintaining a free residual chlorine concentration of 0.51.0 mg/L or higher can prevent fouling of water intake lines, heat exchangers, sand filters, etc. This is more effective and manageable compared to continuous chlorination.

3. **Chemical Damage**: Iodine, quaternary germicides, and phenolic compounds, which are sometimes used as sanitization agents, can cause flux losses and are not recommended. Combined chlorine sanitization is generally not recommended either, indicating that continuous chlorination can have adverse effects.

4. **Membrane Failure**: The presence of chlorine and other oxidizing agents can cause premature membrane failure in certain conditions, as outlined in section 2.7, prevention of fouling by organics target 5.

5. **Oxidizing Agent Exposure**: Preventing the exposure of water to air or any oxidizing agent, such as chlorine, through the whole RO process is crucial to avoid unwanted reactions and maintain water quality.

In summary, preventive sanitization is preferred because it minimizes the risks associated with continuous chlorination, such as increased nutrient levels, chemical damage, membrane failure, and unwanted exposure to","Preventive sanitization is preferred over continuous chlorination because the risk of membrane oxidation makes chlorine unsuitable for intentionally sanitizing membrane systems. Continuous chlorination can also increase the nutrient level in the water by breaking down organic substances into smaller biodegradable fragments, which can be undesirable. Therefore, chlorine is applied offline to the pretreatment section periodically, rather than continuously, to avoid these issues.","Preventive sanitization is preferred over continuous chlorination because applying chlorine offline to the pretreatment section periodically helps to avoid the continuous addition of oxidation chemicals, which can increase nutrient levels in the water. This intermittent dosing prevents the breakdown of organic substances into smaller biodegradable fragments, thereby maintaining better water quality and reducing the risk of nutrient pollution.","Preventive sanitization is preferred over continuous chlorination because continuous chlorination can lead to membrane oxidation, which is undesirable for membrane systems. Additionally, the continuous addition of chlorine can increase the nutrient level in the water by breaking down organic substances into smaller biodegradable fragments. Preventive sanitization is applied either as a continuous dosage or as a discontinuous intermittent dosage, which helps to avoid these issues and maintain the integrity of the water treatment system.","Preventive sanitization is preferred over continuous chlorination for several reasons. Firstly, applying chlorine offline to the pretreatment section periodically helps to avoid the continuous addition of oxidation chemicals, which can increase the nutrient level in the water by breaking down organic substances into smaller biodegradable fragments. This can lead to issues such as algal blooms and other water quality problems. Secondly, maintaining a free residual chlorine concentration of 0.51.0 mg/L or higher can prevent fouling of water intake lines, heat exchangers, sand filters, and other equipment, which is crucial for the efficient operation of an industrial water treatment scheme. Lastly, certain sanitization chemicals like iodine, quaternary germicides, and phenolic compounds are not recommended because they can cause flux losses, making preventive sanitization a more effective and safer approach.","Preventive sanitization is preferred over continuous chlorination because continuous chlorination can lead to membrane oxidation, which is undesirable. Additionally, the continuous addition of oxidation chemicals like chlorine may increase nutrient levels by breaking down organic substances into smaller, more biodegradable fragments. Preventive sanitization, applied offline to the pretreatment section periodically, helps avoid these issues. It also prevents premature membrane failure by avoiding exposure to oxidizing agents like chlorine throughout the RO process.","Preventive sanitization is preferred over continuous chlorination for several reasons:

1. **Reduction of Nutrient Levels**: Continuous addition of oxidation chemicals like chlorine can increase the nutrient levels in the water because organic substances may be broken down into smaller biodegradable fragments. Preventive sanitization helps manage these levels more effectively.

2. **Prevention of Fouling**: Maintaining a free residual chlorine concentration helps prevent fouling of water intake lines, heat exchangers, sand filters, etc. Preventive sanitization ensures that chlorine levels are controlled and maintained at optimal levels to prevent such issues.

3. **Avoidance of Premature Membrane Failure**: The presence of chlorine and other oxidizing agents can cause premature membrane failure in certain conditions. Preventive sanitization minimizes the exposure of water to these agents, thereby protecting the integrity of membranes.

4. **Avoidance of Flux Losses**: Chemicals like iodine, quaternary germicides, and phenolic compounds can cause flux losses and are not recommended for use as sanitization agents. Preventive sanitization avoids the use of these harmful chemicals, ensuring more stable and efficient operation.

5. **Controlled Dosage**: Sanitization chemicals are applied either continuously or as a discontinuous intermittent dosage in certain intervals. Preventive sanitization allows for better control over the dosage, reducing the risk of over-sanitization and associated problems.

6. **Prevention of Oxidation Issues**: Preventive sanitization helps avoid issues related to the oxidation of",0.8617771863937378,0.8959863781929016,0.8785488605499268
27.0,bacteria attachment reduced by modifying membrane surface fouling resistant membranes available to minimize biofilm formation and enhance system hygiene,How do fouling-resistant membranes help in RO systems?,"They reduce bacterial attachment by modifying surface properties, thereby minimizing biofilm formation and improving system cleanliness.","Fouling-resistant membranes help in RO (Reverse Osmosis) systems by reducing the need for frequent cleaning and maintenance. These membranes are designed to resist the accumulation of foulants, such as biological organisms, minerals, and other contaminants, which can clog or damage the membrane surface. As a result, systems using fouling-resistant membranes require less membrane area, and the overall efficiency and lifespan of the RO system are improved. Additionally, when combined with other antifouling strategies, such as the use of antifoulants or chlorine-resistant materials, the performance of the RO system is further enhanced, leading to more consistent water quality and reduced operational costs.","Fouling-resistant membranes help in RO (Reverse Osmosis) systems by reducing the need for frequent cleaning and maintenance. These membranes are designed to be more resistant to the buildup of contaminants, such as iron and aluminum, which can foul the membrane and reduce its efficiency. As a result, systems with fouling-resistant membranes can operate more effectively and require less membrane area, leading to lower costs and less downtime for maintenance. Additionally, when prefiltration is used to remove larger particles, the fouling-resistant membranes can further reduce the frequency of cleaning, enhancing the overall performance and longevity of the RO system.","Fouling-resistant membranes, such as those made from polysulfone or ceramic materials, help in RO (Reverse Osmosis) systems by reducing the need for frequent cleaning and maintenance. These membranes are resistant to biological fouling, which means they can handle contaminants like chlorine without degrading. As a result, the RO system operates more efficiently, with less downtime for cleaning and a lower risk of damage from harsh cleaning agents. Additionally, using fouling-resistant membranes can lead to a more stable operation, as they are less likely to be affected by the accumulation of suspended solids, which can increase operating differential pressure and reduce system performance. Overall, these membranes contribute to a more reliable and cost-effective RO system.","Fouling-resistant membranes help in RO (Reverse Osmosis) systems by reducing the need for frequent cleaning and maintenance. These membranes are designed to be less prone to fouling, which is the accumulation of suspended solids and other contaminants on the membrane surface. As a result, they maintain higher efficiency and longer operational life, as they require less membrane area and fewer cleaning cycles to maintain optimal performance. This leads to lower operating costs and less downtime for the RO system. Additionally, fouling-resistant membranes can help prevent issues related to increased operating differential pressure and potential contamination from waste water effluent, ensuring the system operates effectively and reliably.","Fouling-resistant membranes help in RO (Reverse Osmosis) systems by minimizing or significantly retarding biofouling, which is the accumulation of biological material on the membrane surface. This reduces the need for frequent cleaning and maintenance, thereby improving the efficiency and longevity of the RO system. Additionally, using fouling-resistant membranes can help manage the effects of contaminants such as suspended solids, which can increase operating differential pressure and reduce system performance. By reducing fouling, these membranes help maintain consistent water flow and quality, leading to more reliable and cost-effective operation of the RO system.","Fouling-resistant membranes help in RO (Reverse Osmosis) systems by minimizing or significantly retarding biofouling, which is the accumulation of biological material on the membrane surface. This reduces the need for frequent cleaning and maintenance, as fouling can lead to increased operating differential pressure and reduced efficiency. By using fouling-resistant membranes, such as Filmtec FR membranes, the lifespan of the RO system can be extended, and the overall performance can be maintained at a higher level. Additionally, these membranes can better handle the accumulation of suspended solids and the effects of contaminants like waste water effluent, which can otherwise cause serious problems in the RO plant. They are also capable of withstanding temporary exposure to free chlorine without being damaged, further enhancing their suitability for RO applications.","Fouling-resistant membranes help in RO (Reverse Osmosis) systems by reducing the need for frequent cleaning and maintenance, thereby improving the system's efficiency and longevity. These membranes are designed to resist fouling, which is the accumulation of unwanted materials on the membrane surface that can impede water flow and reduce the system's performance. By preventing membrane fouling, fouling-resistant membranes ensure that the RO system operates more effectively and requires less membrane area, leading to lower operational costs and reduced downtime for cleaning and maintenance. Additionally, using materials like polysulfone or ceramic that are resistant to chlorine can further retard biological fouling, enhancing the overall performance and durability of the RO system.","Fouling-resistant membranes help in RO (Reverse Osmosis) systems by reducing the need for frequent cleaning and maintenance. These membranes are designed to be more resistant to the buildup of contaminants, such as iron and aluminum, which can foul the membrane and reduce its efficiency. As a result, systems with fouling-resistant membranes can operate more effectively and with less downtime, as they require less membrane area and can maintain performance with less frequent cleaning. This leads to a more efficient and cost-effective operation of the RO system.","Fouling-resistant membranes, such as those made from polysulfone or ceramic materials, help in RO systems by reducing the need for frequent cleaning and maintenance. These membranes are resistant to biological fouling, which means they can handle contaminants like chlorine without degrading. As a result, the system operates more efficiently, with less frequent cleaning required, leading to lower operating costs and improved performance. Additionally, by using these membranes, the system can handle higher concentrations of suspended solids without significantly increasing the operating differential pressure, further enhancing the system's reliability and longevity.","Fouling-resistant membranes help in RO systems by reducing the need for frequent cleaning and maintenance. These membranes are designed to resist the accumulation of suspended solids and other contaminants that can foul the membrane, which in turn decreases the operating differential pressure and the overall maintenance requirements. Additionally, when prefiltration is effective, the fouling of the RO membranes is further minimized, leading to less frequent cleaning and a more efficient system. This results in a more reliable and cost-effective operation of the RO plant.","Fouling-resistant membranes help in RO (Reverse Osmosis) systems by minimizing or significantly retarding biofouling, which is the accumulation of biological material on the membrane surface. This reduces the need for frequent cleaning and maintenance, thereby improving the efficiency and longevity of the RO system. Additionally, using fouling-resistant membranes can help manage the impact of contaminants like suspended solids, which otherwise accumulate and increase the operating differential pressure. By reducing fouling, these membranes help maintain optimal performance and reduce the risk of system upsets caused by temporary exposure to free chlorine or other contaminants.","Fouling-resistant membranes, such as those made by FilmTec, help in RO systems by minimizing or significantly retarding biofouling. This means that they are less likely to be clogged or damaged by biological growth, which can reduce the need for frequent cleaning and maintenance. Additionally, these membranes can help prevent issues caused by the accumulation of suspended solids, which can increase operating differential pressure and potentially lead to system upsets. By using fouling-resistant membranes, the overall efficiency and longevity of RO systems can be improved.",0.8344718217849731,0.8896676301956177,0.8611862063407898
28.0,biological fouling potential assessed during project design warm surface water higher risk regular monitoring microbiological activity part operational practice,Why is assessing biological fouling potential important during RO system design?,"It helps identify risks early, especially in warm surface water sources, allowing proper design and ongoing monitoring to control biofouling.","Assessing the biological fouling potential during the design phase of a Reverse Osmosis (RO) system is crucial because it allows for the system to be tailored to prevent such fouling effectively. Biological fouling can significantly reduce the permeate flux, leading to decreased efficiency and increased maintenance requirements. By understanding the potential for biological fouling, designers can select appropriate pretreatment methods, design the system to minimize fouling risks, and ensure that the system can operate with a high permeate flux with minimal cleaning needed. This proactive approach helps in maintaining the longevity and performance of the RO system.","Assessing the biological fouling potential during the design phase of a Reverse Osmosis (RO) system is crucial because it allows for the appropriate pretreatment process to be selected and the system to be designed to prevent biological fouling. Biological fouling can significantly reduce the efficiency and lifespan of an RO system by clogging membranes and increasing operational costs. By understanding the potential for biological fouling, engineers can implement design and operational strategies that mitigate this risk, ensuring the system operates effectively and reliably over time. This proactive approach to design and operation helps in maintaining the performance of the RO system and avoiding costly maintenance and downtime.","Assessing the biological fouling potential during the design phase of a Reverse Osmosis (RO) system is crucial because it allows for the system to be tailored to effectively prevent biological fouling. Biological fouling can significantly reduce the permeate flux and increase the frequency of cleaning required, leading to higher operational costs and potential system downtime. By understanding the risk of biofouling, designers can select appropriate pretreatment processes, design the system to minimize fouling, and establish a maintenance schedule that includes regular sampling and analysis to monitor and mitigate fouling risks. This proactive approach ensures the RO system operates efficiently with minimal cleaning needs, thereby enhancing its performance and longevity.","Assessing the biological fouling potential during the design phase of a Reverse Osmosis (RO) system is crucial because it directly influences the selection of pretreatment methods, system design, and operational strategies to prevent fouling. Biological fouling, caused by the growth of microorganisms such as bacteria, can lead to reduced efficiency, increased maintenance costs, and shorter system lifespan. By evaluating the concentration of bacteria and other factors that contribute to fouling, engineers can tailor the pretreatment process, choose appropriate materials, and design the system to minimize the risk of fouling, ensuring optimal performance and longevity of the RO system.","Assessing biological fouling potential during the design phase of a Reverse Osmosis (RO) system is crucial because it allows for the system to be tailored to prevent or minimize the impact of biological fouling. Biological fouling, caused by microorganisms such as bacteria, can significantly reduce the performance of the RO system by clogging the membranes, leading to decreased permeate flux and increased cleaning requirements. By understanding the risk of biofouling, designers can select appropriate pretreatment methods, choose the right membrane materials (such as chlorine-resistant ones), and design the system to operate efficiently with minimal cleaning. This proactive approach ensures the longevity and effectiveness of the RO system, ultimately leading to better water quality and reduced operational costs.","Assessing biological fouling potential during the design phase of a Reverse Osmosis (RO) system is crucial because it allows for the appropriate selection of pretreatment processes and system design to prevent biological fouling. Biological fouling can seriously affect the performance of the RO system by clogging the membranes, reducing efficiency, and increasing maintenance costs. By understanding the concentrations of microorganisms in the raw water, feed stream, and concentrate stream, engineers can design a system that effectively mitigates the risk of fouling, ensuring the longevity and reliability of the RO system. This proactive approach helps in selecting the right materials, such as chlorine-resistant membranes, and in implementing culture techniques to control bacterial concentrations, ultimately leading to a more efficient and cost-effective operation.","Assessing the biological fouling potential during the design phase of a Reverse Osmosis (RO) system is crucial because it allows for the appropriate pretreatment processes to be implemented to prevent biological fouling. Biological fouling can significantly reduce the permeate flux and increase the frequency of cleaning required, which can lead to higher operational costs and reduced system efficiency. By evaluating the potential for biological fouling early on, the system can be designed with the necessary features to mitigate this issue, ensuring a more reliable and cost-effective operation with minimal maintenance needs. This proactive approach helps in achieving the objective of biological fouling prevention, which is a major goal of the pretreatment process.","Assessing the biological fouling potential during the design phase of a Reverse Osmosis (RO) system is crucial because it allows for the appropriate pretreatment to be selected and for the system to be designed in a way that minimizes the risk of biological fouling. Biological fouling can significantly reduce the efficiency and lifespan of an RO system by clogging membranes and reducing water flow. By understanding the potential for biological fouling, engineers can implement design and operational strategies that prevent colloidal fouling, ensuring the system operates effectively and with minimal maintenance over time. This proactive approach is essential for maintaining the performance and reliability of the RO system.","Assessing the biological fouling potential during the design phase of a Reverse Osmosis (RO) system is crucial because it directly influences the system's efficiency and longevity. By understanding the risk of biofouling, engineers can make informed decisions about pretreatment processes, system design, and operational parameters to prevent or minimize fouling. This proactive approach helps in achieving a high permeate flux, reducing the need for frequent cleaning, and ensuring the system operates effectively over time. Additionally, it allows for the selection of appropriate culture techniques for monitoring and managing bacterial concentrations, further safeguarding the system against potential biofouling issues.","Assessing the biological fouling potential during the design phase of a Reverse Osmosis (RO) system is crucial because it directly influences the selection of the pretreatment process, which is a major objective for preventing biological fouling. By understanding the concentration of bacteria and other microorganisms in the water, engineers can design the system to effectively mitigate the risk of fouling, which can lead to reduced efficiency, increased maintenance costs, and potential system failure. Proper assessment allows for the implementation of appropriate culture techniques and design considerations that prevent colloidal fouling, ensuring the longevity and optimal performance of the RO system.","Assessing biological fouling potential during the design phase of a Reverse Osmosis (RO) system is crucial because it helps in selecting the appropriate pretreatment processes, system design, and operational parameters to prevent fouling. Biological fouling can significantly impact the performance and efficiency of the RO system by reducing permeate flux and increasing the frequency of membrane cleaning. By understanding the risk of biofouling, designers can choose suitable membrane materials, such as chlorine-resistant ones, and implement effective prefiltration strategies. This proactive approach ensures the system operates with high efficiency, requiring minimal cleaning and maintaining optimal performance over time.","Assessing biological fouling potential during the design phase of a Reverse Osmosis (RO) system is crucial because it allows for the appropriate selection of pretreatment processes, system design, and operational strategies to prevent fouling. Biological fouling can significantly impair the performance of the RO system by clogging the membranes, leading to reduced efficiency, increased operational costs, and potentially shorter membrane lifespan. By understanding the concentration of bacteria and other microorganisms in the water, designers can implement measures such as the use of chlorine-resistant membrane materials or other methods to mitigate fouling. This proactive approach ensures the RO system operates effectively and maintains its intended performance over time.",0.8543305993080139,0.8860228061676025,0.869888186454773
29.0,microbial activity measured by lab sampling or online monitoring higher colony forming units or ATP indicates higher biofouling potential and treatment need,How is microbial activity in feedwater monitored?,"It is measured through laboratory cultures or online sensors, and high values of colony forming units (CFU) or ATP levels indicate a greater risk of biofouling.","Microbial activity in feedwater is monitored by regularly assessing the microbiological activity of the feed water as part of the operating discipline of an existing plant. This involves measuring the concentrations of microorganisms in the raw water, feed stream, and concentrate stream. Additionally, water samples can be filtered, and the retained microorganisms can be counted directly under a microscope. These methods help in assessing the biological fouling potential and allow for early response to any increase in microbiological activity.","Microbial activity in feedwater is monitored through the filtration of the water sample and counting the retained microorganisms on the filter plate directly under a microscope. Additionally, regular assessment of the microbiological activity of the feed water is part of the operating discipline of an existing plant to detect any increase in microbial activity at an early stage. The concentrations of microorganisms in raw water, in the feed stream, and in the concentrate stream are also helpful numbers for assessing the biological fouling potential.","Microbial activity in feedwater is monitored by regularly assessing the microbiological activity of the feed water as part of the operating discipline of an existing plant. This involves measuring the concentrations of microorganisms in the raw water, feed stream, and concentrate stream, which are helpful numbers for assessing the biological fouling potential. Additionally, culture techniques can be used, where the concentration of bacteria in water, expressed as colony forming units (CFU), is a quantitative expression of the number of culturable microorganisms in a water sample. Filtration of the water sample followed by counting the retained microorganisms on the filter plate directly under a microscope is another method employed. These assessments help to detect any increase in microbiological activity at an early stage.","Microbial activity in feedwater is monitored through the regular assessment of the microbiological activity of the feed water as part of the operating discipline of an existing plant. This involves directly counting the retained microorganisms on a filter plate under a microscope after filtration of the water sample. Additionally, the concentrations of microorganisms in the raw water, feed stream, and concentrate stream are measured, as these numbers are helpful for assessing the biological fouling potential. Culture techniques are also used to determine the concentration of bacteria in water, which is directly related to the biological fouling potential. Care must be taken in processes like the anoxic process to avoid oxygen leakage, as it can lead to biofilm growth and iron deposit formation.","Microbial activity in feedwater is monitored by regularly assessing the microbiological activity of the feedwater as part of the operating discipline of an existing plant. This involves measuring the concentrations of microorganisms in the raw water, feed stream, and concentrate stream, which are helpful numbers for assessing the biological fouling potential. Additionally, culture techniques can be used, where the concentration of bacteria in water, expressed as colony forming units (CFU), is a quantitative expression of the number of culturable microorganisms in a water sample. This direct relationship between bacterial concentration and biological fouling potential helps in monitoring microbial activity.","Microbial activity in feedwater is monitored through the regular assessment of the microbiological activity as part of the operating discipline of an existing plant. This involves measuring the concentrations of microorganisms in the raw water, feed stream, and concentrate stream, which are helpful numbers for assessing the biological fouling potential. Additionally, culture techniques can be used to directly relate the concentration of bacteria in water to its biological fouling potential. Care must also be taken to avoid oxygen leakage into the feedwater, as this can accelerate biofilm growth and iron deposit formation. The water temperature and pressure should be measured for each sample collected. In the case of a reverse osmosis plant, the concentration in the concentrate stream can be almost double that of the feed stream, indicating the level of microbial activity. These assessments help in responding to any increase in microbiological activity at an early stage.","Microbial activity in feedwater is monitored by regularly assessing the microbiological activity of the feed water as part of the operating discipline of an existing plant. This involves measuring the concentrations of microorganisms in the raw water, feed stream, and concentrate stream. Additionally, filtration of the water sample followed by counting the retained microorganisms on the filter plate directly under a microscope can be employed to monitor the water quality from the intake through the subsequent treatment steps up to the concentrate stream and the permeate. These methods help in identifying any increase in microbiological activity at an early stage.","Microbial activity in feedwater is monitored by the regular assessment of the microbiological activity of the feed water. This involves the filtration of the water sample and counting the retained microorganisms on the filter plate directly under a microscope. Additionally, the concentrations of microorganisms in the raw water, feed stream, and concentrate stream are measured to assess the biological fouling potential. These practices help in detecting any increase in microbiological activity at an early stage, allowing for timely responses to maintain water quality.","Microbial activity in feedwater is monitored by regularly assessing the microbiological activity of the feed water as part of the operating discipline of an existing plant. This involves monitoring the concentrations of microorganisms in the raw water, feed stream, and concentrate stream, which are helpful numbers for assessing the biological fouling potential. Additionally, culture techniques can be used, where the concentration of bacteria in water, expressed as colony forming units (cfu), is a quantitative expression of the number of culturable microorganisms in a water sample. This direct relationship between the concentration of bacteria and the biological fouling potential of the water helps in monitoring microbial activity.","Microbial activity in feedwater is monitored through the filtration of the water sample and counting the retained microorganisms on the filter plate directly under a microscope. This process helps assess the microbiological activity and detect any increase in microbial activity at an early stage. Additionally, the concentrations of microorganisms in raw water, feed stream, and concentrate stream are also helpful numbers for assessing the biological fouling potential. Culture techniques are used to directly relate the concentration of bacteria in water to its biological fouling potential. Care must be taken in anoxic processes to avoid oxygen leakage, as it can accelerate biofilm growth and iron deposit formation.","Microbial activity in feedwater is monitored through regular assessments that include measuring the concentrations of microorganisms in the raw water, feed stream, and concentrate stream. This helps in assessing the biological fouling potential. Additionally, culture techniques are used, where the number of colony-forming units (CFU) is counted to provide a quantitative expression of the number of culturable microorganisms in a water sample. Filtration of the water sample followed by counting the retained microorganisms on a filter plate under a microscope is another method employed. These methods are part of the operating discipline of an existing plant to ensure any increase in microbiological activity is detected early.","Microbial activity in feedwater is monitored through the regular assessment of the microbiological activity of the feed water, which involves the filtration of the water sample and counting the retained microorganisms on the filter plate directly under a microscope. This process helps in detecting any increase in microbiological activity at an early stage, which is crucial for maintaining the operating discipline of an existing plant. Additionally, the concentrations of microorganisms in the raw water, feed stream, and concentrate stream are also helpful numbers for assessing the biological fouling potential of the water.",0.8416649699211121,0.8496654033660889,0.8456462621688843
30.0,sampling points include intake clarifier filter membrane unit frequency depends source risk surface water daily recommended total bacteria count preferred method,Where and how often should microbial samples be taken in RO systems?,"Sampling should be done at key points like intake and filters, with daily checks for surface water sources; total bacteria count (TBC) is the preferred monitoring method.","Microbial samples in RO systems should be taken at a frequency that depends on the risk of biofouling. An adequate laboratory should be found to perform the necessary analysis within 8 hours after sampling. If contamination of the raw water with wastewater effluent is a concern, the open intake should be located well away from the shore and some meters below the water surface to minimize the risk. The exact frequency of sampling and analysis will vary based on the specific risk assessment of the RO plant.","Microbial samples in RO systems should be taken at the plant site where an adequate laboratory is available to perform the needed analysis, not later than 8 hours after sampling. The frequency of sampling and analysis depends on the risk of biofouling. If there is a risk of contamination from wastewater effluent, it is crucial to monitor the raw water closely to prevent serious problems in the RO plant. Therefore, the sampling frequency should be determined based on the specific risk assessment of biofouling and potential contamination sources. Regular monitoring should be conducted to ensure the integrity and efficiency of the RO system.","Microbial samples in RO systems should be taken based on the risk of biofouling, which means the frequency of sampling and analysis will vary depending on the specific conditions and potential for microbial growth. An adequate laboratory should be found to perform the necessary analysis within 8 hours after sampling. The sampling location should be chosen to minimize contamination risks, such as avoiding areas close to shore or waste water effluent sources, and if an open intake is required, it should be located well away from the shore and some meters below the water surface. The exact frequency and timing of sampling will depend on the assessment of biofouling risk in the particular RO system.","The context provided does not specify the exact location or frequency for taking microbial samples in RO (Reverse Osmosis) systems. It mentions that the frequency of sampling and analysis depends on the risk of biofouling, but without additional information, it is not possible to determine the exact location or frequency. To obtain this information, one would need to refer to specific guidelines or standards that address microbial sampling in RO systems, which may vary depending on the system's design, the quality of the feed water, and the operational conditions.","Microbial samples in RO systems should be taken from the raw water, feed stream, and concentrate stream to assess the biological fouling potential. The frequency of sampling and analysis depends on the risk of biofouling. An adequate laboratory should be found to perform the needed analysis not later than 8 hours after sampling. Regular analysis of the feed water is also recommended to adjust pretreatment and plant operation accordingly.","Microbial samples should be taken in the raw water, the feed stream, and the concentrate stream of RO systems. The frequency of sampling and analysis depends on the risk of biofouling. Regular analysis of the feed water is recommended to adjust pretreatment and plant operation accordingly.","Microbial samples in RO systems should be taken at a frequency that depends on the risk of biofouling. An adequate laboratory capable of performing the necessary analysis should be found to process the samples, and this should be done not later than 8 hours after sampling. If contamination of the raw water with wastewater effluent is a concern, and an open intake is required, it should be located well away from the shore and some meters below the water surface to minimize the risk of biofouling. The exact frequency of sampling and analysis will vary based on the specific risk assessment for biofouling in the given RO plant site.","Microbial samples in RO (Reverse Osmosis) systems should be taken at the plant site where the water treatment occurs. The frequency of sampling and analysis is dependent on the risk of biofouling, which is the accumulation of microorganisms on surfaces. Therefore, the more significant the risk of biofouling, the more frequent the sampling should be. An adequate laboratory must be available at the plant site to perform the necessary analysis within 8 hours after sampling to ensure timely detection and management of potential contamination issues, such as those caused by the contamination of raw water with wastewater effluent.","Microbial samples in RO systems should be taken based on the risk of biofouling, which means the frequency of sampling and analysis can vary. In areas where biofouling is a significant concern, more frequent sampling may be necessary. The samples should be collected from an adequate laboratory, not later than 8 hours after sampling, to ensure timely analysis. The sampling location should be chosen carefully to avoid contamination from waste water effluent, and if an open intake is required, it should be located well away from the shore and some meters below the water surface. The number of colony forming units (CFU) should be quantified to assess the number of culturable microorganisms in the water sample. Temperature variations can also affect the scaling potential and should be considered when planning the sampling frequency and location.","The context provided does not specify the exact location or the frequency of microbial sampling in RO systems. It mentions that the frequency of sampling and analysis depends on the risk of biofouling, but it does not give a specific schedule or location for taking microbial samples. To determine where and how often microbial samples should be taken in RO systems, one would need to refer to industry standards, guidelines, or specific operational protocols that address biofouling risks and the management of microbial contamination in RO systems. These protocols would typically be developed based on the particular characteristics of the RO system, the quality of the feed water, and the desired level of water purity.","Microbial samples should be taken from the raw water, feed stream, and concentrate stream of RO systems to assess the biological fouling potential. The frequency of sampling and analysis depends on the risk of biofouling. It is important to analyze the feed water on a regular basis to adjust pretreatment and plant operation accordingly. An adequate laboratory should be found to perform the needed analysis not later than 8 hours after sampling.","Microbial samples in RO systems should be taken from raw water, the feed stream, and the concentrate stream. The frequency of sampling and analysis depends on the risk of biofouling. Regular analysis of these samples is crucial for assessing the biological fouling potential and adjusting pretreatment and plant operation accordingly. There is no specific frequency mentioned in the provided context, but it implies that the sampling should be frequent enough to effectively monitor and manage the risk of biofouling.",0.8542069792747498,0.8653919696807861,0.8597630262374878
31.0,culture technique useful estimate culturable microorganisms result may take days and underestimate total microbial load useful trend indicator,What are the limitations of using culture techniques for microbial monitoring?,"Culture techniques are slow and may not detect all microorganisms, but they are helpful for identifying trends in biological fouling potential over time.","The limitations of using culture techniques for microbial monitoring include that they are slower and less accurate compared to direct count methods. Culture techniques require the development of colonies on nutrient media, which takes time, and the interpretation of results can be subjective. Additionally, they may not detect all types of microorganisms, as some may not grow well on the provided media or may require specific conditions that are not met in the culture environment. This can lead to an underestimation of the biological fouling potential of the water. Furthermore, culture techniques can be more labor-intensive and require more expertise to perform correctly, which can be a disadvantage when rapid results are needed.","Culture techniques, while valuable for assessing biological fouling potential, have limitations in microbial monitoring. They are generally slower and less accurate compared to direct count methods. This slower process can delay the detection of microbial growth, which is critical for timely interventions. Additionally, culture techniques may not be able to detect all types of microorganisms, as some may require specific conditions or longer incubation times to grow, leading to potential underestimation of the microbial load. These limitations can affect the reliability of culture techniques as indicators of the level and trend of biological fouling potential.","The limitations of using culture techniques for microbial monitoring include that they are slower and less accurate compared to direct count methods. Culture techniques require the development of colonies on nutrient media, which takes time, and they may not detect all types of microorganisms present in the water. Additionally, some culture techniques require water sampling, which can be less representative of the water's condition at the time of monitoring, while others use online monitors that may not be as comprehensive. These factors can make culture techniques less ideal for quickly assessing the level and trend of biological fouling potential in water.","Culture techniques for microbial monitoring have several limitations. Firstly, they are generally slower compared to direct count methods, which means they take more time to yield results. This can be a significant drawback when rapid decision-making is required. Secondly, culture techniques are less accurate than direct count methods, potentially leading to less reliable data. Thirdly, some culture techniques necessitate water sampling, which can be invasive and may not always be feasible or practical in certain situations. Additionally, culture techniques may not be able to detect all types of microorganisms, as some may not grow under the conditions provided in the culture media. Lastly, culture techniques can be more labor-intensive and require skilled personnel to interpret the results, which can increase the cost and complexity of the monitoring process. These limitations make culture techniques less desirable when quick, accurate, and comprehensive microbial monitoring is needed.","Culture techniques for microbial monitoring have several limitations. Firstly, they are generally slower compared to direct count methods, which means they take more time to yield results. Secondly, culture techniques are less accurate than direct count methods, potentially leading to less reliable data. Additionally, culture techniques often require water sampling, which can be labor-intensive and may not provide real-time data. Some techniques also necessitate the use of nutrient media and incubation periods to develop colonies, further extending the time needed for analysis. Lastly, culture techniques may not be able to detect all types of microorganisms, as some may not grow well on the provided media or may require specific conditions that are not met in the culture environment. These limitations can make culture techniques less suitable for situations where rapid and precise microbial monitoring is required.","Culture techniques for microbial monitoring have several limitations. Firstly, they are generally slower compared to direct count methods, which means they take more time to yield results. This can be a significant drawback when rapid decision-making is required. Secondly, culture techniques are less accurate than direct count methods, potentially leading to less reliable data. Additionally, some culture techniques require water sampling, which can be invasive and may not represent the true microbial load in the water. This contrasts with online monitors that can provide real-time data. Furthermore, culture techniques may not be able to detect all types of microorganisms, particularly those that are difficult to culture in a laboratory setting. Lastly, the process of culturing bacteria can be complex and resource-intensive, requiring specialized equipment and trained personnel, which can limit their practicality in certain situations.","The limitations of using culture techniques for microbial monitoring include that they are relatively slow and less accurate compared to direct count methods. Culture techniques require the development of colonies on nutrient media, which can take time to grow, making them less suitable for rapid assessments. Additionally, culture methods may not detect all types of microorganisms, as some may not grow well on the provided media, leading to an underestimation of the biological fouling potential. These methods also require more expertise and can be more labor-intensive, which may not be feasible in all settings. Despite these limitations, culture techniques remain valuable for providing qualitative information about the level and trend of biological fouling potential.","Culture techniques for microbial monitoring have several limitations. Firstly, they are generally slower compared to direct count methods, which means they take more time to yield results. Secondly, culture techniques can be less accurate because they may not detect all types of microorganisms present in the sample, as some microbes may not grow under the conditions provided in the culture media. Additionally, culture techniques require specialized equipment and expertise, which can limit their accessibility and increase the cost of monitoring. Lastly, these methods may not be able to provide immediate or real-time data, which can be crucial for timely decision-making in managing biological fouling potential. Despite these limitations, culture techniques remain valuable as indicators of the level and trend of biological fouling potential.","The limitations of using culture techniques for microbial monitoring include that they are slower and less accurate compared to direct count methods. Culture techniques require the development of colonies on nutrient media, which takes time, and they may not detect all types of microorganisms present in the water. Additionally, some culture techniques require water sampling, which can be time-consuming and may not provide real-time data, unlike online monitors. These methods also do not directly measure the concentration of bacteria in water, which is directly related to the biological fouling potential. Therefore, while culture techniques are valuable for assessing the level and trend of biological fouling potential, they are not the preferred method due to their slower and less accurate nature.","Culture techniques, while valuable for assessing the level and trend of biological fouling potential, have limitations when used for microbial monitoring. These limitations include being slower and less accurate compared to direct count methods. Culture techniques often require water sampling, which can be time-consuming and may not provide real-time data. Additionally, some culture methods are not suitable for detecting certain types of microorganisms, and the growth conditions in culture media may not accurately represent the natural environment of the microbes in water. This can lead to underestimation or overestimation of microbial populations. Furthermore, culture techniques can be labor-intensive and require skilled personnel to interpret the results, which can be a limitation in terms of practicality and cost. Direct count methods, on the other hand, are faster, more accurate, and can be used with online monitors for real-time monitoring, making them a preferred choice for microbial monitoring in water.","Culture techniques for microbial monitoring have several limitations. Firstly, they are generally slower compared to direct count methods, which can be a significant drawback when timely results are needed. Secondly, culture techniques are less accurate than direct count methods, potentially leading to less reliable data. Additionally, some culture techniques require water sampling, which can be logistically challenging and may not represent the true biological fouling potential at all times. Furthermore, these methods can be labor-intensive and time-consuming, as they involve culturing organisms on nutrient media and observing colony development. Lastly, culture techniques may not be able to detect all types of microorganisms, particularly those that are difficult to culture or require specific growth conditions. These limitations make culture techniques less favorable compared to faster, more accurate, and often more direct methods of microbial monitoring.","Culture techniques for microbial monitoring have several limitations. Firstly, they are generally slower compared to direct count methods, which means they take more time to yield results. This can be a significant drawback when quick decisions are needed. Secondly, culture techniques are less accurate than direct count methods, potentially leading to less reliable data. Additionally, some culture techniques require water sampling, which can be invasive and may not represent the true microbial load in the water at all times. This can lead to sampling bias. Furthermore, culture techniques may not be able to detect all types of microorganisms, particularly those that are fastidious or difficult to culture in a laboratory setting. This limitation can result in an underestimation of the biological fouling potential. Lastly, culture techniques can be more labor-intensive and require skilled personnel to interpret the results, which can increase the cost and complexity of the monitoring process.",0.8535299301147461,0.9145919680595398,0.8830065131187439
32.0,total bacteria count uses fluorescence microscopy count all microorganisms including non-culturable provides faster accurate microbial load assessment,Why is Total Bacteria Count (TBC) with microscopy preferred for microbial analysis?,"TBC gives a faster and more accurate measure of microbial presence, including organisms that cannot be cultured, using fluorescence staining and microscopy.","Total Bacteria Count (TBC) with microscopy is preferred for microbial analysis because direct count methods, which include microscopy, are much faster and more accurate than culture techniques. Culture techniques can take up to seven days to yield results, and the colonies counted may not represent the total bacteria count accurately. Microscopy allows for a quicker and more precise assessment of the microbial population, providing a more immediate and reliable measurement of the total bacteria count. This is particularly important when timely decisions are required based on the microbial analysis. Additionally, the accuracy of direct count methods helps in obtaining a more representative sample of the total bacteria present in the test material.","Total Bacteria Count (TBC) with microscopy is preferred for microbial analysis because direct count methods, such as microscopy, are much faster and more accurate than culture techniques. This allows for quicker results and a more precise quantification of bacteria in a sample. Additionally, microscopy can provide immediate visual confirmation of the presence and type of bacteria, which is not possible with culture methods that require growth and identification over time. However, it is important to note that the laboratory equipment needed for analysis of the microbiological samples must be available and properly maintained to ensure accurate results.","Total Bacteria Count (TBC) with microscopy is preferred for microbial analysis because it is much faster and more accurate than culture techniques. Culture techniques can take up to seven days to yield results, and the counted colonies may only represent a small fraction of the total bacteria present in the sample. In contrast, direct count methods, which include microscopy, provide quicker and more precise quantification of the total bacteria in a sample. This is particularly important for assessing the biological fouling potential of water, as the concentration of bacteria is directly related to this potential. Additionally, microscopy allows for the observation of microorganisms without the need for chlorine, which can inhibit growth, thus providing a more accurate representation of the microbial population.","Total Bacteria Count (TBC) with microscopy is preferred for microbial analysis because direct count methods, such as microscopy, are much faster and more accurate than culture techniques. This allows for a quicker and more precise determination of the total number of bacteria present in a sample, which is essential for timely and effective analysis. Additionally, microscopy can provide immediate visual confirmation of the presence and characteristics of bacteria, which is not possible with culture techniques that require growth and incubation periods. This makes microscopy a valuable tool for rapid and accurate microbial assessment.","Total Bacteria Count (TBC) with microscopy is preferred for microbial analysis because it is much faster and more accurate than culture techniques. Direct count methods, which include microscopy, allow for a quicker assessment of the microbial population in a sample. This is particularly important when immediate results are needed, such as in water quality monitoring or when rapid decision-making is required. Additionally, microscopy can provide a more direct observation of the microorganisms, which can be beneficial for identifying specific types of bacteria or other microbes present in the sample. This direct observation can also help in assessing the viability and morphology of the bacteria, which is not possible with culture techniques that only count culturable microorganisms. Overall, the speed, accuracy, and direct observation capabilities of TBC with microscopy make it a preferred method for microbial analysis.","Total Bacteria Count (TBC) with microscopy is preferred for microbial analysis because direct count methods, such as microscopy, are much faster and more accurate than culture techniques. Culture techniques can be time-consuming and may not accurately represent the total number of bacteria present, as they only count culturable microorganisms. Microscopy allows for the immediate observation and counting of bacteria, providing a more comprehensive and timely assessment of microbial populations in a sample. Additionally, microscopy can be used to identify different types of bacteria, which is not possible with culture techniques alone. This makes TBC with microscopy a valuable tool for rapid and detailed microbial analysis.","Total Bacteria Count (TBC) with microscopy is preferred for microbial analysis because direct count methods, which include microscopy, are much faster and more accurate than culture techniques. Culture techniques can take up to seven days to yield results, and the colonies counted may only represent a small fraction of the total bacteria present. In contrast, microscopy allows for a more immediate and precise assessment of the microbial population, providing a more comprehensive understanding of the bacterial count. This method is particularly useful when rapid results are needed or when the total bacteria count is critical for the analysis. However, it is important to note that the equipment required for this analysis must be available in the laboratory to perform the direct count with microscopy.","Total Bacteria Count (TBC) with microscopy is preferred for microbial analysis because direct count methods, such as microscopy, are much faster and more accurate than culture techniques. This allows for quicker and more reliable results, which is essential in various applications where timely and precise microbial assessments are critical. Additionally, microscopy can provide immediate visual confirmation of bacterial presence and density, further enhancing the accuracy of the analysis.","Total Bacteria Count (TBC) with microscopy is preferred for microbial analysis because it is a direct count method, which is much faster and more accurate than culture techniques. Culture techniques can take up to seven days to yield results, and the colony-forming units (CFU) only represent a fraction of the total bacteria, potentially missing a significant portion of the microbial population. Microscopy allows for immediate observation and counting of bacteria, providing a more comprehensive assessment of the microbial load in a sample. This method is particularly useful when rapid results are needed or when dealing with samples that may have a high microbial load that could be underestimated by culture techniques. Additionally, microscopy can be used to identify different types of bacteria, which is not possible with CFU counts alone. However, it is important to note that the equipment and expertise required for microscopy are necessary for accurate analysis, and the presence of chlorine or other sanitizing agents in the sample can affect the growth and visibility of microorganisms.","Total Bacteria Count (TBC) with microscopy is preferred for microbial analysis because direct count methods, such as microscopy, are much faster and more accurate than culture techniques. These methods allow for immediate observation and counting of bacteria, providing a quicker assessment of microbial populations in a sample. Additionally, microscopy can offer detailed insights into the morphology and characteristics of the bacteria, which can be crucial for certain types of analysis. This preference for direct count methods is due to their efficiency and the high level of precision they provide in determining the total number of bacteria present in a sample.","Total Bacteria Count (TBC) with microscopy is preferred for microbial analysis because it is a direct count method, which is much faster and more accurate than culture techniques. Culture techniques can take up to seven days to yield results, and the counted colonies may represent only a small fraction of the total bacteria present in a sample. In contrast, microscopy allows for immediate observation and counting of bacteria, providing a more accurate representation of the total bacteria count in the sample. This method is particularly useful when a quick assessment of microbial contamination is needed. Additionally, direct count methods like microscopy are not dependent on the growth of bacteria on culture media, which can be influenced by various factors such as nutrient availability and environmental conditions. Therefore, TBC with microscopy is a preferred approach for timely and precise microbial analysis.","Total Bacteria Count (TBC) with microscopy is preferred for microbial analysis because direct count methods, such as microscopy, are much faster and more accurate than culture techniques. This allows for a quicker and more precise determination of the total number of bacteria in a sample, which is essential for timely and effective analysis. Additionally, microscopy can provide immediate visual confirmation of the presence and characteristics of bacteria, further enhancing the accuracy and reliability of the results.",0.8522244095802307,0.8833850026130676,0.8675249814987183
33.0,assimilable organic carbon (AOC) test measures microbial growth potential using bioassay with two pure strains high AOC indicates risk of biofouling,What does a high AOC value indicate in RO pretreatment?,"A high AOC (Assimilable Organic Carbon) value suggests a strong potential for microbial growth, indicating increased biofouling risk.","A high AOC value in RO pretreatment indicates that there is a significant concentration of organic carbon in the water, which can lead to severe biofouling. Biofouling is the accumulation of microorganisms, plants, algae, or small animals on wetted surfaces, which can clog and reduce the efficiency of the reverse osmosis system. Therefore, high AOC values are undesirable as they can compromise the performance and longevity of the RO pretreatment process.","A high AOC value in RO pretreatment indicates that there are a significant number of fine particles or colloids present in the feed water. These fine particles can cause issues such as severe biofouling, especially when the AOC value exceeds 80 gl-29, making it more challenging to remove them and potentially reducing the efficiency of the reverse osmosis process. Pretreatment chemicals like aluminum sulfate, ferric chloride, or cationic polyelectrolytes are often used to agglomerate these fine particles into larger ones, which can then be more easily removed by media or cartridge filtration. AOC values even below 10 gl-29 are generally considered acceptable for RO pretreatment.","A high AOC (Ammonia, Organic Carbon, and Chloride) value in RO (Reverse Osmosis) pretreatment indicates the presence of significant levels of these substances in the feed water. High AOC values, especially those exceeding 80 GL/sq ft, are associated with severe biofouling. This means that the water contains a high concentration of organic matter, ammonia, and chloride, which can lead to the growth of microorganisms and biofilms on the RO membrane surfaces, potentially causing membrane fouling and reducing the efficiency of the RO system. Therefore, pretreatment processes are necessary to reduce AOC levels and prevent biofouling in the RO system.","A high AOC (Ammonia, Organic Carbon, and Chloride) value in RO (Reverse Osmosis) pretreatment indicates a higher risk of biofouling and scaling. Biofouling refers to the accumulation of microorganisms and organic matter on the membrane surfaces, which can reduce the efficiency of the filtration process. Scaling is the precipitation of dissolved minerals, such as calcium and magnesium, which can also hinder the performance of the RO system. Therefore, high AOC values necessitate additional pretreatment measures to mitigate these risks and ensure the effective operation of the RO system.","A high AOC (Ammonia, Organic Carbon, and Chloride) value in RO (Reverse Osmosis) pretreatment indicates a higher risk of biofouling and scaling. Biofouling can lead to severe operational issues, and scaling can reduce the efficiency of the RO system. Therefore, pretreatment measures should be considered to mitigate these risks when AOC values exceed certain thresholds, such as 80 g/L for AOC and 3 mg/L for TOC (Total Organic Carbon). Pretreatment options may include the use of chemicals like aluminum sulfate, ferric chloride, or cationic polyelectrolytes to agglomerate fine particles, making them easier to remove through filtration. Additionally, the concentration of DBNPA (N,N-diethyl-p-phenylenediamine) may need to be adjusted based on the residual reducing agents in the RO feed water to prevent fouling. Chlorination and pH adjustments are also part of the pretreatment process to address these issues.","A high AOC (Ammonia, Organic Carbon, and Chloride) value in RO (Reverse Osmosis) pretreatment indicates a higher risk of biofouling and scaling. Biofouling refers to the accumulation of microorganisms on the membrane surface, which can reduce the efficiency of the RO system. Scaling is the precipitation of dissolved minerals on the membrane, which can also hinder performance. Therefore, high AOC values suggest that additional pretreatment measures may be necessary to prevent these issues and ensure the effective operation of the RO system.","A high AOC value in RO pretreatment indicates the presence of a significant amount of organic carbon in the water, which can lead to severe biofouling. Biofouling is the accumulation of microorganisms, plants, algae, or small animals on wetted surfaces, which can negatively impact the efficiency of the reverse osmosis (RO) system. High AOC values, especially those exceeding 80 GL-29, are associated with an increased risk of biofouling, which can hinder the performance of the pretreatment chemicals and the overall RO process. Pretreatment chemicals like aluminum sulfate, ferric chloride, or cationic polyelectrolytes are used to agglomerate fine particles and colloids, making them easier to remove, but they may not be as effective in preventing biofouling in waters with high AOC values.","A high AOC (Ammonium, Organic Carbon, and Nitrate) value in RO (Reverse Osmosis) pretreatment indicates that there are high levels of contaminants such as ammonium, organic carbon, and nitrates in the feed water. This can lead to severe biofouling, which is the accumulation of microorganisms and other organic materials on the membrane surfaces, potentially reducing the efficiency and lifespan of the RO system. High AOC values are typically associated with poor water quality and may require additional pretreatment steps to reduce these contaminants before the water can be effectively treated by RO.","A high AOC (Ammonia, Organic Carbon, and Chloride) value in RO (Reverse Osmosis) pretreatment indicates the presence of significant levels of these substances in the feed water. High AOC values can lead to severe biofouling, which is the accumulation of microorganisms and organic matter on the membrane surfaces, potentially causing reduced membrane performance and increased operational issues. It is essential to manage and reduce AOC levels to prevent fouling and ensure efficient RO system operation.","A high AOC (Ammonia, Organic Carbon, and Chloride) value in RO (Reverse Osmosis) pretreatment indicates that there is a significant presence of these substances in the feed water. This can lead to severe biofouling, especially if the AOC value exceeds 80 gl 29, as biofouling can impair the performance and efficiency of the RO system. High AOC values can also contribute to scaling and fouling issues, necessitating additional pretreatment steps to mitigate these risks.","A high AOC (Ammoniacal Oxygen Demand) value in RO (Reverse Osmosis) pretreatment indicates the presence of significant amounts of organic matter in the water. This can lead to severe biofouling, which is the accumulation of microorganisms and other biological materials on the RO membrane. Biofouling can reduce the efficiency of the RO system and may require additional pretreatment steps to mitigate the issue. In the context provided, it is noted that observed severe biofouling occurs when the feed water has an AOC value exceeding 80 gl 29. Therefore, a high AOC value is a concern for RO pretreatment as it suggests the potential for biofouling and the need for appropriate pretreatment measures to address this challenge.","A high AOC (Ammonia, Organic Carbon, and Chloride) value in RO (Reverse Osmosis) pretreatment indicates a higher risk of biofouling, which can lead to severe biofouling issues if the AOC values exceed 80 GL/sip. Biofouling can significantly impact the efficiency of the RO system by clogging membranes and reducing water flow. Therefore, pretreatment is necessary to manage high AOC levels and prevent biofouling in the RO process.",0.8588507175445557,0.9012690782546997,0.8795487880706787
34.0,biofilm formation rate (BFR) measures ATP accumulation on surface over time high BFR correlates with biofouling in membrane systems,What does the Biofilm Formation Rate (BFR) measure and indicate?,"BFR measures the rate of biomass accumulation (via ATP) on surfaces, and higher values strongly correlate with increased biofouling in membrane systems.","The Biofilm Formation Rate (BFR) measures the rate at which biofilm develops on a surface, such as a membrane filter, under specific conditions. It is determined using an online operated biofilm monitor at a continuous flow rate of 0.2 ms. The BFR indicates the speed of biofilm accumulation, which can be influenced by factors such as nutrient concentration and the presence of growth-promoting substances. A higher BFR suggests a faster development of biofilm, which can lead to increased fouling and potentially affect the performance of filtration systems. The BFR value is used to assess and manage the risk of fouling in water treatment processes.","The Biofilm Formation Rate (BFR) measures the rate at which biofilm develops on a surface, such as a membrane filter, under specific conditions. It indicates the speed of biofilm accumulation, which is influenced by factors like nutrient concentration and the presence of growth-promoting substances. The BFR is determined using an online operated biofilm monitor at a continuous flow rate, providing a quantitative assessment of biofilm development over time.","The Biofilm Formation Rate (BFR) measures the rate at which biofilm develops on a surface, such as a membrane filter, under specific conditions. It is determined using an online operated biofilm monitor at a continuous flow rate of 0.2 ms. The BFR indicates the potential for biofouling, which is the accumulation of microorganisms, such as bacteria, forming a biofilm on surfaces. An increase in the BFR suggests a higher potential for biofouling, which can lead to issues like reduced efficiency, increased maintenance, and potential contamination in water treatment systems. The BFR is an important parameter for assessing and managing the risk of biofouling in various applications.","The Biofilm Formation Rate (BFR) measures the rate at which biofilm develops on a surface, such as a membrane filter, under specific conditions of flow rate and nutrient availability. It is determined using an online operated biofilm monitor at a continuous flow rate of 0.2 ms. The BFR is an indication of the potential for biofouling, with an increase in the number of colony-forming units (cfu) suggesting a higher potential for biofouling. Factors such as the concentration and type of nutrients or growth-promoting substances can also influence biofilm development, but the BFR specifically quantifies the rate of biofilm formation under the given experimental conditions.","The Biofilm Formation Rate (BFR) measures the rate at which biofilm forms on a surface, specifically in this context, it is determined using an online operated biofilm monitor at a continuous flow rate of 0.2 ms. The BFR indicates the potential for biofouling, which is the accumulation of microorganisms, such as bacteria, on surfaces. An increase in the BFR suggests a higher potential for biofouling, which can lead to issues such as reduced efficiency and increased maintenance in systems like reverse osmosis (RO) pretreatment systems. Monitoring the BFR is important for predicting and controlling biofouling in water treatment processes.","The Biofilm Formation Rate (BFR) measures the rate at which biofilm is formed on a surface, such as a membrane filter, under specific conditions. It is determined using an online operated biofilm monitor at a continuous flow rate. The BFR indicates the potential for biofouling, which is the accumulation of microorganisms, such as bacteria, on surfaces. An increase in the BFR suggests a higher potential for biofouling, which can affect the performance and efficiency of systems like reverse osmosis (RO) pretreatment systems. Regular measurement of the BFR is important for monitoring and managing biofouling risks.","The Biofilm Formation Rate (BFR) measures the rate at which biofilm develops on a surface, such as a membrane filter, under specific conditions. It is determined using an online operated biofilm monitor at a continuous flow rate of 0.2 ms. The BFR indicates the speed of biofilm accumulation, which can be influenced by factors such as nutrient concentration, growth-promoting substances, and the presence of colloidal and particulate matter. A lower BFR value suggests that the biofilm is forming more slowly, which can be beneficial for controlling fouling in water treatment processes.","The Biofilm Formation Rate (BFR) measures the rate at which biofilm develops on a surface, such as a membrane filter, under specific conditions. It is determined by monitoring the plugging of the filter at a continuous flow rate and a constant applied gauge pressure. The BFR indicates the growth rate of biofilm, which can be influenced by factors such as nutrient concentration and the presence of growth-promoting substances. This rate is an important indicator of biofilm development in water treatment processes and can help in assessing the effectiveness of biofilm control measures.","The Biofilm Formation Rate (BFR) measures the rate at which biofilm develops on a surface, such as a membrane filter, under specific conditions. It indicates the potential for biofouling, which is the accumulation of microorganisms, such as bacteria, on surfaces. A higher BFR suggests a greater risk of biofouling, as it implies that biofilms are forming more quickly. The BFR is determined using an online operated biofilm monitor at a continuous flow rate, and it is a quantitative expression of the biofouling potential in a given water sample.","The Biofilm Formation Rate (BFR) measures the rate at which biofilm develops, specifically the rate of plugging of a 0.45 m membrane filter when water is passed through at a constant applied gauge pressure. It indicates the potential for biofouling, as an increase in the colony-forming units (CFU) suggests a higher risk of biofouling. Factors such as nutrient concentration and the presence of growth-promoting substances can also influence the development of a biofilm. The frequency of sampling and analysis for BFR is determined by the risk of biofouling.","The Biofilm Formation Rate (BFR) measures the rate at which biofilm forms on a surface, specifically in this context, it refers to the rate of biofilm formation on a membrane filter in a water treatment system. The BFR is determined using an online operated biofilm monitor at a continuous flow rate. An increase in the BFR indicates a higher potential for biofouling, which is the accumulation of microorganisms, such as bacteria, on the surfaces of the membrane. This can lead to reduced efficiency of the water treatment process and may require more frequent cleaning or maintenance to ensure proper operation. The BFR is an important parameter to monitor as it helps in assessing the risk of biofouling and the effectiveness of the water treatment system in controlling biofilm development.","The Biofilm Formation Rate (BFR) measures the rate at which biofilm is formed on a surface, such as a membrane filter, under specific conditions. It indicates the potential for biofouling, which is the accumulation of microorganisms, such as bacteria, on the surface. The BFR is determined using an online operated biofilm monitor at a continuous flow rate, and it helps in assessing the risk of biofouling in water treatment systems. An increase in the BFR suggests a higher potential for biofouling, which can affect the efficiency and performance of the system. Regular measurement of BFR is important for the design and operation of water treatment systems, such as Reverse Osmosis (RO) pretreatment systems, to ensure they are functioning effectively and to take necessary actions to prevent or mitigate biofouling.",0.8444026112556458,0.8899074792861938,0.8665580749511719
35.0,bfr value above 50 pg/cm² ATP indicates severe biofouling below 20 pg/cm² ATP stable operation without frequent cleaning,What BFR values indicate biofouling severity in RO systems?,"A BFR above 50 pg/cm² ATP indicates severe biofouling, while values below 20 pg/cm² ATP suggest stable operation with minimal cleaning needs.",BFR values exceeding 100 pgcm2 atp indicate severe biofouling in RO systems. BFR values of less than 1 pgcm2 atp are associated with stable operation without any cleaning needs.,BFR values exceeding 100 pgcm2 atp indicate severe biofouling in RO systems. BFR values of less than 1 pgcm2 atp are associated with stable operation without any cleaning needs.,BFR values exceeding 100 pgcm2 atp indicate severe biofouling in RO systems. BFR values of less than 1 pgcm2 atp are measured in cases of stable operation without any cleaning needs.,BFR values exceeding 100 pgcm2 atp indicate severe biofouling in RO systems.,BFR values exceeding 100 pgcm2 atp indicate severe biofouling in RO systems. BFR values of less than 1 pgcm2 atp are measured in cases of stable operation without any cleaning needs.,BFR values exceeding 100 pgcm2 atp indicate severe biofouling in RO systems. BFR values of less than 1 pgcm2 atp are measured in cases of stable operation without any cleaning needs.,BFR values exceeding 100 pgcm2 atp indicate severe biofouling in RO systems. BFR values of less than 1 pgcm2 atp are associated with stable operation without any cleaning needs.,BFR values exceeding 100 pgcm2 atp indicate severe biofouling in RO systems. BFR values of less than 1 pgcm2 atp are associated with stable operation without any cleaning needs.,BFR values exceeding 100 pgcm2 atp indicate severe biofouling in RO systems. BFR values of less than 1 pgcm2 atp are measured in cases of stable operation without any cleaning needs.,BFR values exceeding 100 pgcm2 atp indicate severe biofouling in RO systems.,BFR values exceeding 100 pgcm2 atp indicate severe biofouling in RO systems. BFR values of less than 1 pgcm2 atp are measured in cases of stable operation without any cleaning needs.,Severe biofouling in RO systems is indicated by BFR (Biological Fouling Resistance) values exceeding 100 pgcm2 atp.,0.9166514873504639,0.9279803037643433,0.9222810864448547
36.0,chlorination widely used for disinfection effectiveness depends on concentration exposure time and pH membrane materials have limited chlorine tolerance,What factors affect the effectiveness and risk of chlorination in RO systems?,"Effectiveness depends on chlorine concentration, exposure time, and pH, but membrane materials can degrade under prolonged exposure due to limited chlorine tolerance.","The effectiveness and risk of chlorination in RO (Reverse Osmosis) systems are influenced by several factors:

1. Feed Water Characteristics: The rate of chlorine attack is dependent on various characteristics of the feed water, such as pH, temperature, and the presence of organic and inorganic substances.

2. Dechlorination Methods: The use of activated carbon or chemical reducing agents like sodium metabisulfite (SMBS) can reduce residual free chlorine to harmless chlorides, affecting the overall effectiveness of chlorination.

3. Membrane Oxidation Risk: Chlorine poses a risk of membrane oxidation, which can damage the RO membranes. This risk necessitates careful consideration of chlorination practices to prevent membrane damage.

4. Off-Line Chlorination: During off-line chlorination, the feedwater must be drained before reaching the membranes to avoid chlorine exposure, which can affect the system's operation and the quality of the treated water.

5. Chemical Reactions: The chemical reactions involved in the dechlorination process, such as the reaction between chlorine and water to form hydrochloric acid (HCl) and carbon dioxide (CO2), also play a role in determining the effectiveness of chlorination and the potential risks to the RO system.","The effectiveness and risk of chlorination in RO (Reverse Osmosis) systems are influenced by several factors. Firstly, the rate of chlorine attack is dependent on various feed water characteristics, which can include the presence of organic matter, pH levels, temperature, and the concentration of other ions in the water. These characteristics can affect how chlorine reacts with the water and the potential for membrane oxidation.

Secondly, the use of an activated carbon bed can be very effective in the dechlorination of RO feed water. This is because activated carbon can adsorb chlorine and other oxidizing agents, thereby reducing the risk of membrane oxidation. The dechlorination reaction involves chlorine reacting with water to form hydrochloric acid, carbon dioxide, and sodium metabisulfite, which is a common method for removing free chlorine and acting as a biostatic agent.

Lastly, due to the risk of membrane oxidation, chlorine is not recommended for intentionally sanitizing membrane systems. Membrane oxidation can lead to the degradation of the RO membrane, reducing its efficiency and lifespan. Therefore, while chlorine can be used for disinfection purposes, its use in RO systems must be carefully managed to minimize the risk of damaging the membranes. Alternative sanitization methods that do not involve chlorine, such as ozone or UV treatment, may be preferred to avoid this risk.","The effectiveness and risk of chlorination in RO (Reverse Osmosis) systems are influenced by several factors:

1. Feed Water Characteristics: The rate of chlorine attack on RO membranes is dependent on various characteristics of the feed water, such as pH, temperature, and the presence of other chemicals or contaminants.

2. Residual Free Chlorine: The presence of residual free chlorine in the water can be reduced to harmless chlorides using activated carbon or chemical reducing agents. The effectiveness of these methods in dechlorinating the water is crucial to minimize the risk of chlorine damage to the RO membranes.

3. Membrane Oxidation: Chlorine is not recommended for intentionally sanitizing membrane systems due to the risk of membrane oxidation. This can lead to damage and reduced lifespan of the membranes.

4. Off-Line Chlorination: When chlorination is performed off-line (not in the normal flow of water), the feedwater must be drained before reaching the membranes to prevent any chlorine from coming into contact with the membranes.

5. Pretreatment: The use of a cartridge filter with an absolute pore size of less than 10 m is recommended as a minimum pretreatment for every RO system. Effective prefiltration can reduce the amount of RO membrane cleaning required and minimize the risk of fouling.

6. pH and Dissolved Oxygen: The pH of the water and the concentration of dissolved oxygen can also affect the effectiveness of chlorination and the risk of membrane damage. These factors should be monitored and controlled","The effectiveness and risk of chlorination in RO (Reverse Osmosis) systems are affected by several factors:

1. Feed Water Characteristics: The rate of chlorine attack on RO membranes is influenced by the characteristics of the feed water, such as the presence of organic compounds, minerals, and other constituents that can interact with chlorine.

2. Dechlorination Methods: The use of activated carbon beds and chemicals like sodium metabisulfite and sodium metabisulfite (SMPBS) for dechlorination is crucial to remove free chlorine and prevent membrane oxidation, which can damage the RO membranes.

3. Chlorine Concentration: The concentration of chlorine used for sanitization must be carefully controlled to avoid excessive chlorine levels that can lead to membrane oxidation and damage.

4. Pretreatment Requirements: The implementation of pretreatment options, such as cartridge microfiltration with an absolute pore size of less than 10 m, is necessary to remove particulates and reduce the risk of scaling and fouling in the RO system.

5. pH and Dissolved Oxygen: The pH of the water and the concentration of dissolved oxygen (as indicated by a pH of 6 and 0.5 ppm oxygen) can influence the stability of chlorine and its effectiveness in the RO system.

6. Specific Risks: The presence of specific risks for scaling and fouling in the feed water requires tailored pretreatment options, as summarized in the provided table (Table 2.11), to ensure the longevity and efficiency of","The effectiveness and risk of chlorination in RO (Reverse Osmosis) systems are influenced by several factors:

1. Feed Water Characteristics: The rate of chlorine attack on RO membranes is dependent on various characteristics of the feed water, such as pH, temperature, and the presence of other chemicals or contaminants.

2. Chlorine Concentration: The concentration of chlorine used for chlorination affects its biocidal effectiveness. Higher concentrations may be more effective but also pose a greater risk to the RO membranes.

3. Time of Exposure: The duration for which the chlorine is in contact with the feed water and the RO membranes also impacts its effectiveness and the potential for membrane damage.

4. pH of Water: An acidic pH is preferred for better biocidal effects during chlorination. The pH can influence the rate of chlorine attack and its effectiveness as a disinfectant.

5. Pretreatment System: The quality of the pretreatment system, including the use of activated carbon beds or chemical reducing agents, can reduce the residual free chlorine to harmless chlorides, thus mitigating the risk to the RO membranes.

6. Membrane Oxidation: Chlorine is not recommended for intentionally sanitizing membrane systems due to the risk of membrane oxidation. During off-line chlorination, the feedwater must be drained before reaching the membranes to prevent damage.

7. Membrane Cleaning Requirements: Effective prefiltration, such as using a cartridge filter with an absolute pore size of less than 10 m, can reduce","The effectiveness and risk of chlorination in RO (Reverse Osmosis) systems are affected by several factors:

1. Feed Water Characteristics: The rate of chlorine attack depends on various characteristics of the feed water, which can influence how chlorine interacts with the water and the system components.

2. Chlorine Concentration: The effectiveness of chlorine as a disinfectant is dependent on its concentration in the water. Higher concentrations may be more effective but also pose a greater risk of membrane oxidation.

3. Time of Exposure: The duration for which chlorine is in contact with the water also affects its effectiveness. Adequate exposure time is necessary for chlorine to effectively disinfect the water.

4. pH of the Water: The pH level of the water influences the effectiveness of chlorine. An acidic pH is preferred for better biocidal effect during chlorination.

5. Presence of Other Chemicals: The presence of chemicals like sodium metabisulfite, sodium sulfite, and others can be used to remove free chlorine and as a biostatic agent, which can affect the overall chlorination process.

6. Membrane Oxidation Risk: Chlorine is not recommended for intentionally sanitizing membrane systems due to the risk of membrane oxidation, which can damage the RO system.

7. Pretreatment Requirements: The use of a cartridge filter with an absolute pore size of less than 10 m is suggested as a minimum pretreatment to protect the RO system from potential contaminants that could be affected by chlorination.

8.","The effectiveness and risk of chlorination in RO (Reverse Osmosis) systems are affected by several factors:

1. **Feed Water Characteristics**: The rate of chlorine attack on contaminants in the feed water can vary based on the water's composition, including the presence of organic matter, minerals, and other constituents that may interact with chlorine.

2. **Residual Free Chlorine Levels**: The amount of residual free chlorine present in the water can influence the effectiveness of chlorination. Higher levels may require more extensive dechlorination processes to prevent damage to the RO membranes.

3. **Dechlorination Methods**: The use of activated carbon or chemical reducing agents like sodium metabisulfite and sodium metabisulfite (SMPB) can reduce residual free chlorine to harmless chlorides. The choice and efficiency of these dechlorination methods can impact the overall effectiveness of chlorination.

4. **Risk of Membrane Oxidation**: Chlorine can oxidize RO membranes, leading to damage and reduced system performance. This risk necessitates careful management of chlorine levels and the timing of chlorination, especially during off-line periods.

5. **Pre-Chlorination Procedures**: The need to drain the feedwater prior to reaching the membranes during off-line chlorination is a precautionary measure to mitigate the risk of membrane oxidation. This step can affect the overall risk profile of chlorination in RO systems.

6. **Chemical Reactions**: The chemical reactions involved in the dechlorination process","The effectiveness and risk of chlorination in RO (Reverse Osmosis) systems are influenced by several factors:

1. Feed Water Characteristics: The rate of chlorine attack, which is a measure of how effectively chlorine can disinfect water, depends on various characteristics of the feed water, such as pH, temperature, and the presence of organic and inorganic matter.

2. Dechlorination Methods: The use of an activated carbon bed for dechlorination, as described by the reaction C2Cl2 + 2H2O → 4HCl + CO2 + Na2S2O5 (sodium metabisulfite), indicates that the presence and effectiveness of dechlorination methods can impact the residual chlorine levels in the water, thereby affecting the overall chlorination process.

3. Membrane Oxidation Risk: Chlorine is not recommended for intentionally sanitizing membrane systems due to the risk of membrane oxidation. This suggests that the material and condition of the membranes, as well as the concentration and exposure time to chlorine, are critical factors in determining the risk of damage to the RO system.

4. Chlorine Removal Agents: The use of sodium metabisulfite (SNa2S2O5) and sodium metasilicate (SNa2SiO3) as chlorine removal agents, as indicated by the reactions Cl2 + SNa2S2O5 → Na2SO3 + NaCl and Cl2 + SNa2SiO3 → NaCl + Na","The effectiveness and risk of chlorination in RO (Reverse Osmosis) systems are influenced by several factors:

1. Feed Water Characteristics: The rate of chlorine attack on RO membranes is dependent on various characteristics of the feed water, such as pH, temperature, and the presence of other chemicals or contaminants.

2. Dechlorination Methods: Residual free chlorine can be reduced to harmless chlorides using activated carbon or chemical reducing agents. The choice of dechlorination method can affect the residual chlorine levels and thus the risk of membrane oxidation.

3. Membrane Sensitivity: Chlorine is not recommended for intentionally sanitizing membrane systems due to the risk of membrane oxidation. The sensitivity of the RO membranes to chlorine can affect the decision to use chlorination.

4. Prefiltration: The use of a cartridge filter with an absolute pore size of less than 10 m is suggested as a minimum pretreatment for RO systems. Better prefiltration can reduce the amount of RO membrane cleaning required and minimize the risk of chlorine-related damage.

5. Chlorination and Dechlorination pH: The pH level during chlorination and dechlorination processes (pH 6) can influence the formation of chlorides and the overall effectiveness of the treatment.

6. Oxygen Levels: The presence of oxygen (0.5 ppm) can also affect the chlorination process and the potential for membrane oxidation.

7. Specific Risks for Scaling and Fouling: The presence of specific risks for scaling and fouling","The effectiveness and risk of chlorination in RO (Reverse Osmosis) systems are affected by several factors:

1. Feed Water Characteristics: The rate of chlorine attack on RO membranes can vary depending on the characteristics of the feed water, such as the presence of organic matter, pH levels, and other chemical constituents.

2. Membrane Oxidation Risk: Chlorine poses a risk of membrane oxidation, which can damage the RO membranes. Therefore, chlorine is not recommended for intentionally sanitizing membrane systems due to this risk.

3. Pretreatment Requirements: The use of a cartridge filter with an absolute pore size of less than 10 m is suggested as the minimum pretreatment for RO systems to reduce the risk of scaling and fouling, which can be exacerbated by chlorination.

4. Dechlorination Process: The effectiveness of dechlorination in RO feed water can be achieved using chemicals like sodium metabisulfite (SMBS) or sodium hypochlorite (NaOCl), which react with chlorine to neutralize its effects. The choice and concentration of dechlorination agents can influence the overall effectiveness of chlorination.

5. pH and Dissolved Oxygen: The pH of the water and the concentration of dissolved oxygen can also affect the chlorination process. For instance, a pH of 6 and a dissolved oxygen level of 0.5 ppm are mentioned as conditions in the context, which may influence the stability and reactivity of chlorine in the water.

6","The effectiveness and risk of chlorination in RO (Reverse Osmosis) systems are affected by several factors, including:

1. Feed Water Characteristics: The rate of chlorine attack depends on various characteristics of the feed water, such as pH, temperature, and the presence of other chemicals or contaminants.

2. Residual Free Chlorine: The presence of residual free chlorine in the water can be reduced to harmless chlorides by using activated carbon or chemical reducing agents, which can affect the overall chlorine levels and its effectiveness.

3. pH Level: An acidic pH is preferred for better biocidal effect during chlorination, which means that the pH level of the water can influence the effectiveness of chlorine as a disinfectant.

4. Chlorine Concentration and Exposure Time: The effectiveness of chlorine is dependent on the concentration of chlorine in the water and the duration of exposure to it.

5. Membrane Oxidation Risk: Chlorine is not recommended for intentionally sanitizing membrane systems due to the risk of membrane oxidation, which can lead to damage and reduced efficiency of the RO system.

6. Pretreatment System: The quality of the pretreatment system, such as the use of cartridge filters with an absolute pore size of less than 10 m, can affect the level of contaminants in the feed water, thereby influencing the need for chlorination and the associated risks.

7. Water Contamination: Contamination of the raw water with waste water effluent can cause serious problems in the RO plant","The effectiveness and risk of chlorination in RO (Reverse Osmosis) systems are affected by several factors:

1. Chlorine Concentration: The amount of chlorine present in the water influences how effectively it can disinfect and sanitize the system.

2. Time of Exposure: The duration for which the water is exposed to chlorine determines the extent of disinfection.

3. pH of the Water: The effectiveness of chlorine is dependent on the pH level of the water, with an acidic pH being preferred for better biocidal effects during chlorination.

4. Water Characteristics: The rate of chlorine attack is influenced by various feed water characteristics, which can include the presence of contaminants, organic matter, and other substances that may react with chlorine.

5. Membrane Oxidation Risk: Chlorine is not recommended for intentionally sanitizing membrane systems due to the risk of membrane oxidation, which can damage the RO membranes.

6. Pretreatment Requirements: The use of an activated carbon bed for dechlorination and the implementation of a cartridge filter with an absolute pore size of less than 10 m are suggested pretreatment steps to mitigate the risks associated with chlorination in RO systems.

7. Raw Water Contamination: Contamination of the raw water with wastewater effluent can cause serious problems in the RO plant, potentially affecting the effectiveness of chlorination and the overall operation of the system.",0.8086036443710327,0.8720630407333374,0.8391352891921997
37.0,free chlorine required for disinfection but must be removed before RO membrane to avoid oxidation damage to membrane material,Why must free chlorine be removed before water reaches RO membranes?,"Free chlorine can oxidize and damage RO membrane materials, so dechlorination is necessary to protect system integrity.","Free chlorine must be removed before water reaches RO membranes because chlorine can oxidize and damage the membrane, leading to reduced efficiency or failure of the membrane system. Additionally, chlorine is not recommended for intentionally sanitizing membrane systems due to the risk of oxidation. Therefore, to protect the integrity of the membranes and ensure the longevity and effectiveness of the RO system, it is necessary to remove free chlorine from the feedwater prior to it reaching the membranes.","Free chlorine must be removed before water reaches RO membranes because the presence of free chlorine can cause temporary exposure that may lead to system upsets. Additionally, during off-line chlorination, the feedwater has to be drained prior to reaching the membranes to prevent any potential damage or interference with the membrane's function. Activated carbon beds are effective in dechlorinating the water, ensuring the membranes can operate successfully without being compromised by chlorine.","Free chlorine must be removed before water reaches RO membranes because chlorine can oxidize the membrane material, leading to damage and reduced performance. Since oxidation is not covered under warranty, FilmTec recommends pretreatment to remove residual free chlorine to prevent potential issues with the membrane system. Additionally, chlorine is not recommended for intentionally sanitizing membrane systems, and during off-line chlorination, the feedwater must be drained before reaching the membranes to avoid any risk of oxidation. Contamination of the raw water with waste water effluent can also cause serious problems in the RO plant, and pretreatment helps mitigate this risk.","Free chlorine must be removed before water reaches RO membranes because the presence of free chlorine can cause damage to the membranes, leading to system upsets and reduced efficiency. Additionally, since oxidation is not covered under warranty, Filmtec recommends pretreatment to remove residual free chlorine to prevent potential damage and ensure the longevity and proper functioning of the RO membranes. Contamination with waste water effluent, which may contain free chlorine, can also cause serious problems in the RO plant, further emphasizing the need for proper pretreatment.","Free chlorine must be removed before water reaches RO membranes because chlorine can oxidize and damage the membrane, which is not covered under warranty. This oxidation can reduce the lifespan of the membrane and lead to fouling, compromising the efficiency and effectiveness of the RO process. Additionally, chlorine exposure can cause system upsets, and since the membrane cannot be used successfully in such conditions, pretreatment to remove residual free chlorine is necessary to ensure the longevity and proper functioning of the RO membranes.","Free chlorine must be removed before water reaches RO membranes because the membranes are not covered under warranty for oxidation damage. Residual free chlorine can cause oxidation damage to the membranes, which can lead to reduced efficiency or failure of the RO system. Additionally, free chlorine can be harmful to the membranes and other components of the RO system, potentially causing serious problems in the RO plant. Pretreatment to remove free chlorine is necessary to protect the integrity and performance of the RO membranes.","Free chlorine must be removed before water reaches RO membranes because chlorine can oxidize and damage the membrane, reducing its effectiveness and lifespan. Additionally, chlorine is not recommended for intentionally sanitizing membrane systems, and during off-line chlorination, the feedwater must be drained to prevent reaching the membranes. Therefore, removing free chlorine is essential to protect the integrity of the RO membranes.","Free chlorine must be removed before water reaches RO membranes because the presence of free chlorine can cause damage to the membranes. Chlorine can be corrosive and can degrade the polymeric materials that make up the RO membranes, leading to reduced performance and a shorter lifespan of the system. Additionally, free chlorine can react with the feedwater, forming disinfection by-products that may also harm the membrane's integrity and the quality of the permeate water. Therefore, removing free chlorine is essential to protect the RO membranes and ensure the efficiency and longevity of the water treatment system.","Free chlorine must be removed before water reaches RO membranes because chlorine can oxidize the membrane material, leading to damage and reduced lifespan of the membranes. Since oxidation is not covered under warranty, FilmTec recommends pretreating the feedwater to remove residual free chlorine to prevent membrane oxidation and ensure the integrity and performance of the RO system. Additionally, contamination of the raw water with waste water effluent can cause serious problems in the RO plant, and removing free chlorine helps mitigate these risks.","Free chlorine must be removed before water reaches RO membranes because the presence of free chlorine can cause damage to the membranes, leading to system upsets and reduced efficiency. Additionally, since oxidation is not covered under warranty, Filmtec recommends pretreatment to remove residual free chlorine to prevent potential damage and ensure the longevity and proper functioning of the RO membranes. Contamination with waste water effluent can also exacerbate the problem, so it's crucial to ensure that the water is free from chlorine and other contaminants before it reaches the RO membranes.","Free chlorine must be removed before water reaches RO (Reverse Osmosis) membranes because the presence of chlorine can lead to the oxidation of the membrane material. Oxidation can cause damage to the membrane, which is not covered under warranty. Additionally, chlorine can reduce the lifespan of the filter cartridges and increase fouling of the membrane. To prevent these issues and ensure the longevity and proper functioning of the RO system, Filmtec recommends removing residual free chlorine by pretreatment prior to membrane exposure. This helps to extend the life of the filter cartridges and maintain the efficiency of the RO process.","Free chlorine must be removed before water reaches RO membranes because the membranes are not covered under warranty for oxidation damage. Residual free chlorine can cause oxidation damage to the membranes, leading to potential failure and reduced lifespan of the RO system. Additionally, free chlorine can be harmful to the membrane material, causing deterioration and compromising the quality of the permeate. Pretreatment to remove free chlorine ensures the integrity and efficiency of the RO membranes.",0.878545880317688,0.9289435744285583,0.9030421376228333
38.0,"hypochlorite solutions (NaOCl, Ca(OCl)₂) commonly used; form hypochlorous acid in water which dissociates into disinfecting species like HOCl and OCl⁻",How do hypochlorite-based disinfectants work in water treatment?,"They form hypochlorous acid (HOCl), which dissociates to active disinfecting species; these effectively inactivate microorganisms in water.","Hypochlorite-based disinfectants work in water treatment by hydrolyzing instantaneously to form hypochlorous acid (HClO) when added to water. Hypochlorous acid then dissociates into hydrogen ions (H+) and hypochlorite ions (OCl-). This dissociation helps to inactivate and destroy microorganisms by disrupting their cellular processes. Additionally, hypochlorous acid can oxidize organic compounds present in the water, further contributing to the disinfection process. Maintaining a free residual chlorine concentration of 0.51 to 1.0 mg/L or higher, depending on the organic content of the incoming water, helps prevent fouling of water intake lines, heat exchangers, sand filters, and other components in an industrial water treatment scheme. This ensures effective disinfection and protection of the water treatment infrastructure.","Hypochlorite-based disinfectants work in water treatment by hydrolyzing instantaneously to form hypochlorous acid (HOCI) when added to water. Hypochlorous acid is a highly effective disinfectant that can inactivate a wide range of pathogens, including bacteria, viruses, and protozoa. Additionally, chlorine, which is part of the hypochlorite disinfectant, can also oxidize organic compounds present in the water, further contributing to the purification process. To prevent fouling of water treatment equipment such as intake lines, heat exchangers, and sand filters, a free residual chlorine concentration of 0.5 to 1.0 mg/L or higher is maintained, depending on the organic content of the incoming water. This residual chlorine continues to provide disinfection throughout the water treatment process.","Hypochlorite-based disinfectants, such as hypochlorous acid (HClO), work in water treatment by hydrolyzing instantaneously in water to form hypochlorous acid and hydrochloric acid (HCl). Hypochlorous acid then dissociates in water to produce hydrogen ions (H+) and hypochlorite ions (OCl-). These hypochlorite ions are effective in killing bacteria, viruses, and other pathogens by disrupting their cellular processes and structures. Additionally, chlorine can be consumed by the oxidation of organic compounds present in the water, further contributing to the disinfection process. Maintaining a free residual chlorine concentration of 0.51-0.70 mg/L or higher, depending on the organic content of the incoming water, helps prevent fouling of water intake lines, heat exchangers, sand filters, and other components in an industrial water treatment scheme. Activated carbon beds and sodium metabisulfite (NaHSO3) are also used to dechlorinate water and remove free chlorine, ensuring the effectiveness of the disinfection process.","Hypochlorite-based disinfectants work in water treatment by hydrolyzing instantaneously in water to form hypochlorous acid (HClO), which is a more effective disinfectant than the hypochlorite ion (OCl-). The hypochlorous acid then acts to oxidize and inactivate various pathogens, including bacteria, viruses, and protozoa, by disrupting their cellular processes. Additionally, chlorine can oxidize organic compounds present in the water, further contributing to the disinfection process. To maintain a residual level of chlorine in the water, which helps prevent the growth of microorganisms, a free residual chlorine concentration of 0.51.0 mg/L or higher is typically maintained, depending on the organic content of the incoming water. This residual chlorine continues to provide disinfection as the water moves through the treatment system. Sodium metabisulfite (NaHSO3) can be used to reduce excess hypochlorous acid in the water, as it reacts with it to form chloride, sulfate, and water, thus controlling the levels of chlorine and preventing over-disinfection. However, if reducing agents like sodium bisulfite are present in the feed water, a higher concentration of the disinfectant, such as DBNPA (dichlorophen), may be required to ensure effective disinfection.","Hypochlorite-based disinfectants, such as hypochlorous acid (HClO), work in water treatment by hydrolyzing instantaneously in water to form hypochlorous acid. This acid then dissociates in water to produce hydrogen ions (H+) and hypochlorite ions (OCl-). The hypochlorite ions are effective at inactivating most pathogenic microorganisms quickly, making hypochlorite-based disinfectants a common choice for treating municipal and industrial water and waste waters to control microorganisms. Additionally, hypochlorous acid can also oxidize organic compounds present in the water, further contributing to its disinfecting properties.","Hypochlorite-based disinfectants, such as hypochlorous acid (HClO) and hypobromous acid (HBrO), work in water treatment by hydrolyzing instantaneously in water to form these acids. Once formed, they inactivate most pathogenic microorganisms quickly. Hypochlorous acid is particularly effective because it is a strong oxidizing agent that can disrupt the cellular processes of microorganisms, leading to their inactivation. Additionally, chlorine can be consumed by the oxidation of organic compounds present in the water, which also contributes to its disinfecting properties. In industrial water treatment schemes, maintaining a free residual chlorine concentration helps prevent fouling of water intake lines, heat exchangers, and sand filters. Sodium metabisulfite can be used to reduce hypochlorous acid, but this must be considered when using other compounds like DBNPA, which can be deactivated by reducing agents. Hypobromous acid and hypobromite ions are also included in the free residual chlorine value, indicating their role in the overall disinfection process. Granular activated carbon filters can be treated with ozone to enhance their biological activity, further improving water quality. Chlorination is a widely used method for treating municipal and industrial water and wastewaters due to its effectiveness in controlling microorganisms.","Hypochlorite-based disinfectants, such as hypochlorous acid (HOC1), work in water treatment by hydrolyzing instantaneously in water to form hypochlorous acid, which then dissociates to produce hydrogen ions and hypochlorite ions. These ions are effective in killing bacteria, viruses, and other pathogens in the water. Additionally, hypochlorite-based disinfectants can oxidize organic compounds present in the water, further contributing to the purification process. Maintaining a free residual chlorine concentration of 0.51 to 1.0 mg/L or higher, depending on the organic content of the incoming water, helps prevent fouling of water intake lines, heat exchangers, sand filters, and other components in an industrial water treatment scheme.","Hypochlorite-based disinfectants work in water treatment by hydrolyzing instantaneously in water to form hypochlorous acid (HOCI) and hydrochloric acid (HCl), as shown by the reaction Cl2 + H2O → HOCI + HCl. Hypochlorous acid is a strong disinfectant that effectively kills bacteria, viruses, and other pathogens by disrupting their cellular processes. Additionally, chlorine can be consumed by the oxidation of organic compounds present in the water, further contributing to the disinfection process. To prevent fouling of water treatment infrastructure, a free residual chlorine concentration of 0.5 to 1.0 mg/L or higher is maintained, depending on the organic content of the incoming water. This residual chlorine continues to provide ongoing disinfection as the water is treated and distributed.","Hypochlorite-based disinfectants work in water treatment by hydrolyzing instantaneously in water to form hypochlorous acid (HClO), which then dissociates into hydrogen ions (H+) and hypochlorite ions (OCl-). The hypochlorous acid is the active disinfectant that is effective in killing bacteria, viruses, and other pathogens. Additionally, chlorine can oxidize organic compounds present in the water, further contributing to the disinfection process. To maintain effective disinfection, it is important to keep a free residual chlorine concentration of 0.5 to 1.0 mg/L or higher, depending on the organic content of the incoming water. Activated carbon beds can be used to dechlorinate water by removing free chlorine, and sodium metabisulfite is commonly used to remove free chlorine and as a biostatic agent. Hypochlorous acid can also be reduced by sodium bisulfite, which is used for chlorine removal. If reducing agents like sodium bisulfite are present in the feed water, a higher concentration of the disinfectant may be required to achieve effective disinfection.","Hypochlorite-based disinfectants work in water treatment by hydrolyzing instantaneously in water to form hypochlorous acid (HClO), which is a strong disinfectant. This hypochlorous acid then reacts with and oxidizes organic compounds present in the water, effectively killing bacteria, viruses, and other pathogens. Additionally, maintaining a free residual chlorine concentration of 0.51 to 1.0 mg/L helps prevent fouling of water treatment infrastructure such as intake lines, heat exchangers, and sand filters. In cases where reducing agents like sodium bisulfite are present in the water, a higher concentration of the disinfectant (e.g., DBNPA) may be required to ensure effective disinfection.","Hypochlorite-based disinfectants, such as hypochlorous acid (HClO), work in water treatment by hydrolyzing instantaneously in water to form hypochlorous acid. This acid then dissociates in water to produce hydrogen ions (H+) and hypochlorite ions (OCl-). The hypochlorous acid is the active disinfectant that inactivates most pathogenic microorganisms quickly by disrupting their cellular functions and destroying their cell walls. Additionally, chlorine can also oxidize organic compounds present in the water, further contributing to the disinfection process. Maintaining a free residual chlorine concentration, typically between 0.51 and 1.0 mg/L, helps prevent fouling of water treatment equipment and ensures effective microbial control. Hypochlorous acid can also be reduced to less harmful compounds, such as chloride ions (Cl-) and other by-products, through reactions with reducing agents like sodium bisulfite (NaHSO3).","Hypochlorite-based disinfectants, such as sodium hypochlorite (NaOCl) and calcium hypochlorite (Ca(OCl)₂), work in water treatment by hydrolyzing instantaneously to form hypochlorous acid (HClO) when added to water. Hypochlorous acid is a potent disinfectant that can inactivate most pathogenic microorganisms quickly. In an industrial water treatment scheme, maintaining a free residual chlorine concentration of 0.51 to 1.0 mg/L or higher, depending on the organic content of the incoming water, helps prevent fouling of water intake lines, heat exchangers, sand filters, etc. Additionally, hypochlorous acid can oxidize organic compounds present in the water, further enhancing its disinfecting properties.",0.842244029045105,0.9051369428634644,0.8725586533546448
39.0,"residual chlorine measured as free, combined, or total chlorine; free chlorine (especially HOCl) has highest germicidal efficiency",What form of chlorine provides the highest germicidal activity?,"Free chlorine, particularly hypochlorous acid (HOCl), has the highest germicidal efficiency compared to combined or total chlorine forms.","The form of chlorine that provides the highest germicidal activity is chlorine gas and the hypochlorites of sodium and calcium, as they are most commonly available and their germicidal efficiency is directly related to the concentration of undissociated hypochlorous acid (HOC1).",The form of chlorine that provides the highest germicidal activity is free residual chlorine.,The form of chlorine that provides the highest germicidal activity is undissociated hypochlorous acid (HOCI).,The form of chlorine that provides the highest germicidal activity is free residual chlorine.,The form of chlorine that provides the highest germicidal activity is undissociated hypochlorous acid (HOCI).,The form of chlorine that provides the highest germicidal activity is free residual chlorine.,The form of chlorine that provides the highest germicidal activity is chlorine gas.,"The form of chlorine that provides the highest germicidal activity is free residual chlorine, which is directly related to the concentration of undissociated hypochlorous acid (HOC1). Hypobromous acid and hypobromite ions, which are related to chloramine, have a lower germicidal effect compared to free residual chlorine. Hypobromous acid and hypobromite ions interfere with the measurement of free residual chlorine, but it is the undissociated HOC1 that is the most effective germicide.",The form of chlorine that provides the highest germicidal activity is undissociated hypochlorous acid (HOCI).,The form of chlorine that provides the highest germicidal activity is free residual chlorine.,The form of chlorine that provides the highest germicidal activity is undissociated hypochlorous acid (HOCI).,The form of chlorine that provides the highest germicidal activity is free residual chlorine.,0.8704503774642944,0.8932827711105347,0.8817188143730164
40.0,"combined chlorine (chloramine) forms when chlorine reacts with ammonia, less effective than free chlorine but more stable and longer lasting",What is the difference between free chlorine and combined chlorine (chloramine)?,"Free chlorine is more effective for disinfection, while combined chlorine (chloramine) is more stable and longer lasting but less potent.","Free chlorine refers to the sum of chlorine species that are not chemically combined with other substances, such as hypochlorous acid (HOCl) and hypochlorite ion (OCl-). It is available to disinfect and kill microorganisms and is expressed as milligrams per liter of chlorine gas (mgl Cl2). Free chlorine is most effective at a pH range of 6.5 to 7.5 and is a strong disinfectant.

Combined chlorine, on the other hand, refers to chlorine that has reacted with nitrogen-containing compounds, such as ammonia, to form chloramines (monochloramine, dichloramine, and nitrogen trichloride). These compounds are less effective as disinfectants compared to free chlorine and are used to maintain residual chlorine levels in water to prevent the formation of free chlorine. Combined chlorine is more stable and less affected by pH changes, but it has a weaker germicidal effect than free chlorine. The presence of combined chlorine indicates that chlorine is being used to control odors and tastes in water, rather than for disinfection.","Free chlorine refers to the chlorine that is not chemically combined with other substances and is available to disinfect water. It exists in two forms: as hypochlorous acid (HOCl) and hypochlorite ion (OCl-), both of which are effective at killing bacteria and other pathogens. Free chlorine is the active form that directly contributes to the disinfection process.

Combined chlorine, on the other hand, refers to chlorine that has reacted with nitrogen-containing compounds, such as ammonia, to form chloramines. There are several types of chloramines, including monochloramine (NH2Cl), dichloramine (NHCl2), and nitrogen trichloride (NCl3). These compounds have a germicidal effect, but it is generally considered to be lower than that of free chlorine. Combined chlorine is not as effective at killing bacteria and other pathogens as free chlorine, but it is used to maintain a residual disinfectant level in the water distribution system to prevent microbial regrowth.","Free chlorine refers to the sum of chlorine species that are available to disinfect water, including both combined chlorine (chloramines) and free chlorine (hypochlorous acid, HOCl, and hypochlorite ion, OCl-). Free chlorine is effective at killing bacteria and other pathogens in water.

Combined chlorine, on the other hand, is chlorine that has reacted with ammonia to form chloramines. There are two types of chloramines: monochloramine (NH2Cl) and dichloramine (NHCl2). Combined chlorine is less effective as a disinfectant compared to free chlorine and is not as potent in killing bacteria and other pathogens. However, it has a longer-lasting residual effect, which can help to maintain water quality over time. Combined chlorine is often used in water treatment processes to provide a longer-lasting disinfectant effect, but it is generally not recommended for direct disinfection due to its lower germicidal efficacy compared to free chlorine.","Free chlorine refers to the chlorine that is not chemically combined with other substances and is available to disinfect water. It exists in two forms: as hypochlorous acid (HOCl) and hypochlorite ions (OCl-). Free chlorine is highly effective at killing bacteria and other pathogens.

Combined chlorine, on the other hand, is chlorine that has reacted with nitrogen-containing compounds, such as ammonia, to form chloramines. There are two types of chloramines: monochloramine (NH2Cl) and dichloramine (NHCl2). Combined chlorine is less effective at killing bacteria compared to free chlorine, but it provides a longer-lasting residual effect, which helps to maintain water quality over time.

In summary, the main difference between free chlorine and combined chlorine is their chemical form and disinfecting effectiveness. Free chlorine is more potent and acts faster, while combined chlorine is less effective but provides a longer-lasting residual effect.","Free chlorine, also known as available chlorine or free residual chlorine (FRc), refers to the chlorine that is not chemically combined with other substances and is available to disinfect water. It exists primarily as hypochlorous acid (HOCI) and hypochlorite ions (OCl-) in water. Free chlorine is highly effective at killing bacteria, viruses, and other pathogens and is commonly used for water disinfection.

Combined chlorine, on the other hand, refers to chlorine that has reacted with nitrogen-containing compounds, such as ammonia, to form chloramines (monochloramine, dichloramine, and nitrogen trichloride). These compounds are less effective as disinfectants compared to free chlorine. Chloramines are used as a secondary disinfectant to maintain a residual level of chlorine in the water distribution system, which helps to prevent the growth of bacteria and other microorganisms in the pipes. However, they are not as potent as free chlorine in killing pathogens.

In summary, the main difference between free chlorine and combined chlorine is that free chlorine is available and effective for disinfection, while combined chlorine (chloramine) is less effective as a disinfectant and is used to maintain a residual disinfectant level in the water distribution system.","Free chlorine refers to the chlorine that is not chemically combined with other substances and is available to disinfect water. It includes both hypochlorous acid (HOCl) and hypochlorite ions (OCl-) in water. Free chlorine is a strong disinfectant and is effective at killing bacteria and other pathogens.

Combined chlorine, on the other hand, is chlorine that has reacted with nitrogen-containing compounds, such as ammonia, to form chloramines. There are several types of chloramines, including monochloramine (NH2Cl), dichloramine (NHCl2), and nitrogen trichloride (NCl3). These compounds have a germicidal effect, but it is generally lower than that of free chlorine. Combined chlorine is used in water treatment to maintain a residual disinfectant effect as the water travels through the distribution system, preventing the growth of bacteria and other pathogens. However, it is less effective at killing certain types of bacteria and viruses compared to free chlorine.","Free chlorine, also known as available chlorine, refers to chlorine that is in a form that is readily available to disinfect and kill bacteria, viruses, and other pathogens. It includes both hypochlorous acid (HOCI) and hypochlorite ions (OCL⁻) when dissolved in water. Free chlorine is most effective at a pH range of 6.5 to 7.5 and is the primary agent used for disinfection in water treatment processes.

Combined chlorine, on the other hand, is chlorine that has reacted with ammonia to form chloramines. There are two types of chloramines: monochloramine (NH₂Cl) and dichloramine (NHCl₂). Combined chlorine is not as effective as free chlorine in killing pathogens, but it is more stable and can provide a longer-lasting residual effect in the water supply. This makes it useful for maintaining disinfection in the distribution system, especially when the pH is higher (around 7.5 to 8.5), where free chlorine would rapidly decompose.

In summary, the main difference between free chlorine and combined chlorine (chloramine) is their chemical form and their effectiveness in disinfection. Free chlorine is more potent and effective at lower pH levels, while combined chlorine is more stable and provides a longer-lasting residual effect, albeit with lower germicidal activity.","Free chlorine refers to the chlorine that is not chemically combined with other substances and is available to disinfect water. It exists in two forms: free available chlorine, which includes both free chlorine and combined chlorine (chloramines), and combined available chlorine, which is chlorine that has reacted with ammonia to form chloramines. Chloramines, on the other hand, are formed when chlorine reacts with ammonia and have a germicidal effect, although it is lower than that of free chlorine. Free chlorine is more effective at killing bacteria and viruses, while chloramines are used to maintain residual chlorine levels in the water supply.","Free chlorine refers to the sum of chlorine species that are not chemically combined with other substances in the water, such as hypochlorous acid (HOCl) and hypochlorite ions (OCl-). It is the active form of chlorine that is available to disinfect and oxidize contaminants in the water. Free chlorine is measured as free available chlorine (FAC) or free residual chlorine (FRC) and is expressed in milligrams per liter (mgl).

Combined chlorine, on the other hand, refers to chlorine that has reacted with organic or inorganic matter in the water to form chloramines, such as monochloramine (NH2Cl), dichloramine (NHCl2), and nitrogen trichloride (NCl3). These compounds are less effective as disinfectants compared to free chlorine but have a longer-lasting residual effect. Combined chlorine is not typically used for disinfection purposes but is sometimes formed during the water treatment process, especially when ammonia is present. It is important to note that combined chlorine can interfere with the measurement of free residual chlorine and can reduce the overall disinfecting power of the chlorine in the water.","Free chlorine refers to the chlorine that is not chemically combined with other substances in water and is available to disinfect. It is present in two forms: hypochlorous acid (HOCl) and hypochlorite ions (OCl-). Free chlorine is highly effective at killing bacteria and other pathogens.

Combined chlorine, on the other hand, is chlorine that has reacted with nitrogen-containing compounds, such as ammonia, to form chloramines (monochloramine, dichloramine, and trichloramine). Chloramines have a germicidal effect, but it is generally considered to be lower than that of free chlorine. Combined chlorine is used to maintain a residual disinfectant level in the water distribution system to prevent microbial regrowth. However, it is less effective at inactivating certain pathogens compared to free chlorine.","Free chlorine refers to the sum of chlorine species that are not chemically combined with other substances, such as hypochlorous acid (HOCl) and hypochlorite ions (OCl-). It is the active form of chlorine that is available for disinfection and is measured as free available chlorine (FAC) or free residual chlorine (FRC). Free chlorine is effective at killing bacteria and other pathogens and is commonly used in water treatment processes.

Combined chlorine, on the other hand, refers to chlorine that has reacted with nitrogen-containing compounds, such as ammonia, to form chloramines (monochloramine, dichloramine, and trichloramine). These compounds are less effective as disinfectants compared to free chlorine and are used to maintain a residual level of chlorine in the water to prevent recontamination as the water travels through the distribution system. However, the use of combined chlorine is generally not recommended for primary disinfection because it has a lower germicidal effect than free chlorine. Combined chlorine is measured as total residual chlorine (TRC), which includes both free and combined chlorine.","Free chlorine refers to the chlorine that is available in its elemental form (as hypochlorous acid, HOCl, in water) and is capable of disinfecting and oxidizing contaminants. It is the active form of chlorine that is directly responsible for its germicidal effects. Free chlorine can be measured in milligrams per liter (mgl) and is used to ensure that a certain level of disinfection is maintained throughout the water treatment process.

Combined chlorine, on the other hand, is chlorine that has reacted with ammonia to form chloramines. Chloramines are less effective as disinfectants compared to free chlorine, but they are more stable and provide longer-lasting disinfection. They are used to maintain a residual level of chlorine in the water to prevent the growth of bacteria and other pathogens as the water travels through the distribution system. The presence of combined chlorine can interfere with the measurement of free chlorine, as both hypobromous acid and hypobromite ions are included in the free residual chlorine value.

In summary, the main difference between free chlorine and combined chlorine is that free chlorine is the active disinfecting agent, while combined chlorine consists of chlorine that has reacted with ammonia, resulting in a less effective but more stable disinfectant. Free chlorine is measured separately to ensure adequate disinfection levels, while combined chlorine is used to maintain a residual disinfectant in the water supply.",0.8211849927902222,0.8964413404464722,0.8571645021438599
41.0,"chloramine preferred in some cases due to lower reactivity and slower decay, useful for maintaining residual in distribution systems",Why is chloramine sometimes preferred over free chlorine?,"Because it is more stable and decays slowly, chloramine is useful for maintaining a residual disinfectant level in long water distribution systems.","Chloramine is sometimes preferred over free chlorine because it has a longer-lasting germicidal effect, which makes it a more effective sanitization agent over extended periods. Additionally, chloramine is less likely to react with ammonia compounds present in the water, which can be beneficial in maintaining its effectiveness as a disinfectant. This stability can be particularly important in water treatment processes where maintaining a consistent level of disinfection is crucial.","Chloramine is sometimes preferred over free chlorine because it has a longer-lasting germicidal effect, which means it can provide extended disinfection in the water supply. Additionally, chloramine is less likely to react with organic matter in the water, which can reduce the formation of harmful by-products compared to free chlorine. This makes chloramine a more stable and effective disinfectant for maintaining water quality over time.","Chloramine is sometimes preferred over free chlorine as a sanitization agent because it provides a longer-lasting residual effect, which helps in maintaining water quality over extended periods. This is particularly useful in industrial water treatment schemes where preventing fouling of water intake lines, heat exchangers, sand filters, etc., is crucial. Additionally, chloramine has a germicidal effect, although it is lower than that of chlorine, and it can also help in situations where free chlorine might be unstable or where the presence of ammonia compounds in the water could lead to the formation of chloramines, which are more stable and effective in certain conditions.","Chloramine is sometimes preferred over free chlorine because it has a longer-lasting germicidal effect, which can help in maintaining water quality over a more extended period. Additionally, chloramine is less likely to react with organic matter in the water, which can help prevent fouling of water treatment infrastructure such as intake lines, heat exchangers, and sand filters. This makes it a more stable and effective choice for long-term water treatment in industrial settings.","Chloramine is sometimes preferred over free chlorine because it has a longer-lasting germicidal effect, which can be beneficial for maintaining water quality over extended periods. Additionally, chloramine is less likely to react with ammonia compounds present in the water, which can help prevent the formation of harmful by-products. This makes chloramine a more stable and effective sanitization agent in certain water treatment processes. However, it is important to note that care must be taken when using chloramine, as it can still be present alongside free chlorine, and its effectiveness can vary depending on factors such as pH and temperature.","Chloramine is sometimes preferred over free chlorine because it has a longer-lasting residual effect in the water, which helps to maintain a consistent level of disinfection over time. This is particularly useful in preventing the fouling of water intake lines, heat exchangers, and sand filters in industrial water treatment schemes. Additionally, chloramine's germicidal effect, although lower than that of free chlorine, is still effective in killing bacteria and other pathogens. Moreover, chloramine is less likely to be reduced to harmless chlorides by activated carbon or chemical reducing agents, making it a more stable disinfectant in certain conditions.","Chloramine is sometimes preferred over free chlorine as a sanitization agent because it has a germicidal effect, albeit lower than that of chlorine. Additionally, chloramine is more stable and less likely to react with ammonia compounds present in the water, which can be beneficial in certain water treatment processes. This stability helps maintain a consistent sanitization effect over time, making chloramine a more reliable option in some scenarios.","Chloramine is sometimes preferred over free chlorine because it has a longer-lasting germicidal effect, which can provide extended protection against pathogens in the water supply. Additionally, chloramine reacts less readily with organic matter and does not form harmful by-products like trihalomethanes (THMs) as quickly as free chlorine does. This makes chloramine a more stable and safer disinfectant for maintaining water quality over time.","Chloramine is sometimes preferred over free chlorine because it has a longer-lasting germicidal effect, which is beneficial for the prolonged disinfection of water in industrial water treatment schemes. Additionally, chloramine can be more effective in preventing fouling of water intake lines, heat exchangers, and sand filters, especially when a free residual chlorine concentration of 0.5 to 1 mgl or higher is maintained, depending on the organic content of the incoming water. This makes chloramine a more stable and reliable sanitization agent in certain conditions.","Chloramine is sometimes preferred over free chlorine because it has a germicidal effect, although it is lower than that of chlorine. Additionally, chloramine can help prevent fouling of water intake lines, heat exchangers, sand filters, and other components in an industrial water treatment scheme by maintaining a free residual chlorine concentration. This can be particularly beneficial when the organic content of the incoming water requires a higher concentration of free residual chlorine to prevent fouling. Moreover, chloramine is less likely to be interfered with by hypobromous acid and hypobromite ions, which can affect free residual chlorine measurements. Therefore, chloramine can provide a more stable and reliable method for maintaining water quality in industrial settings.","Chloramine is sometimes preferred over free chlorine because it has a longer-lasting germicidal effect, which is beneficial for maintaining water sanitation over extended periods. Additionally, chloramine is less likely to react with ammonia compounds present in the water, which can form chloramines, ensuring a more stable sanitization process. This stability makes chloramine a more reliable choice for preventing fouling in industrial water treatment schemes and for maintaining water quality over time. Furthermore, chloramine is less likely to cause oxidation damage to membranes and other sensitive components in water treatment systems, making it a safer option for certain applications.","Chloramine is sometimes preferred over free chlorine because it has a longer-lasting residual effect in the water distribution system, which helps to maintain disinfection over time. Additionally, chloramine is less likely to react with organic matter and other substances in the water, which can reduce the formation of potentially harmful by-products like trihalomethanes. This makes chloramine a more stable and effective disinfectant for long-term water treatment, especially in systems where maintaining a consistent level of disinfection is crucial. However, it's important to note that chloramine has a lower germicidal effect compared to free chlorine, and its effectiveness can be influenced by the presence of ammonia and other compounds in the water.",0.8777509331703186,0.9054870009422302,0.8914032578468323
42.0,total residual chlorine is the sum of free and combined chlorine; important for monitoring disinfection levels and ensuring membrane safety,What does total residual chlorine represent and why is it monitored?,"It is the combined amount of free and combined chlorine, used to track disinfectant presence and ensure RO membranes are not exposed to harmful chlorine levels.","Total residual chlorine (TRC) represents the sum of free chlorine and combined chlorine available in water. It is monitored because it indicates the chlorine's germicidal efficiency, which is crucial for ensuring the water remains safe for consumption. Free chlorine, which exists as hypochlorous acid (HOCI), is directly related to the concentration of undissociated HOCI and is more effective at killing pathogens. Combined chlorine, on the other hand, forms when chlorine reacts with organic compounds in the water. Monitoring TRC helps in maintaining the appropriate chlorine levels to ensure the water treatment process is effective and the water is safe to drink.","Total residual chlorine represents the sum of free and combined available chlorine in water. It is monitored because it indicates the amount of chlorine still present in the water after a certain period, which is essential for ensuring the water remains disinfected and safe for consumption. Monitoring total residual chlorine helps in maintaining the appropriate level of disinfection, preventing microbial contamination, and ensuring the water meets safety standards.",Total residual chlorine (TRC) represents the sum of free chlorine and combined available chlorine in water. It is monitored because it indicates the overall chlorine content that is available to disinfect and maintain the microbial safety of the water. Monitoring TRC is crucial for ensuring that there is sufficient chlorine to effectively control pathogens and maintain water quality throughout the distribution system. This is important for both the safety of the water supply and for preventing the growth of harmful microorganisms that can cause waterborne diseases.,"Total residual chlorine represents the sum of free and combined available chlorine in water. It is monitored because it indicates the amount of chlorine that remains in the water to continue disinfecting it as it travels through the distribution system. This is important to ensure that the water remains safe for consumption by maintaining an effective level of disinfection throughout the entire water supply network. Total residual chlorine is a critical parameter in water treatment and quality control, as it helps to prevent the growth and spread of harmful microorganisms in the water.","Total residual chlorine (TRC) represents the sum of free and combined available residual chlorine in water. It is monitored because it indicates the germicidal efficiency of free residual chlorine, which is crucial for ensuring the water is safe for consumption. The presence of TRC helps to prevent the growth of harmful microorganisms in the water supply. Monitoring TRC is important to maintain a safe level of chlorine throughout the water treatment process, ensuring that the water remains disinfected as it travels through the distribution system. Additionally, the absence of chlorine should be monitored using an oxidation-reduction potential (ORP) electrode downstream of the treatment process to ensure that the water remains disinfected until it reaches consumers.","Total residual chlorine represents the sum of free and combined available chlorine in water. It is monitored because it indicates the amount of chlorine that remains in the water after the initial treatment process, which is essential for maintaining water quality by preventing microbial contamination. Monitoring total residual chlorine ensures that the water remains safe for consumption and that the disinfection process is effective throughout the distribution system.","Total residual chlorine (TRC) represents the sum of free chlorine and combined chlorine available in the water. It is monitored because it indicates the overall disinfecting power of chlorine in the water supply. Monitoring TRC is crucial for ensuring that there is an adequate level of chlorine present to effectively kill or inhibit the growth of pathogens, thereby protecting public health. The presence of free chlorine, particularly hypochlorous acid (HOCI), is directly related to the germicidal efficiency, while combined chlorine indicates chlorine that has reacted with organic matter, which can also contribute to disinfection but may not be as effective as free chlorine. Maintaining an appropriate TRC level helps in achieving the desired balance between effective disinfection and minimizing potential harmful effects of chlorine by-products.","Total residual chlorine (TRC) represents the sum of free chlorine and combined chlorine (such as hypochlorous acid, HOCl) present in water after chlorine has been added for disinfection. It is monitored because it indicates the effectiveness of chlorine in maintaining water quality by providing a continuous disinfectant effect. Monitoring TRC ensures that there is enough chlorine to protect against microbial contamination throughout the distribution system, with a common target concentration being around 0.5 milligrams per liter (mgl). This helps to ensure the water remains safe for consumption.","Total residual chlorine (TRC) represents the sum of free chlorine and combined available chlorine in water. It is monitored because it indicates the overall disinfecting power of chlorine in the water supply. Monitoring TRC is crucial for ensuring that the water remains safe for consumption by maintaining an adequate level of chlorine to effectively kill or inhibit the growth of harmful microorganisms. The presence of free chlorine, specifically hypochlorous acid (HOCI), is directly related to the germicidal efficiency, as it is the more potent form of chlorine at neutral pH levels. However, chlorine can also be consumed by reacting with organic compounds in the water, which can reduce the effectiveness of the disinfection process. Therefore, maintaining an appropriate level of total residual chlorine is essential for the safety and quality of potable water.",Total residual chlorine represents the sum of free and combined available chlorine in water. It is monitored because it indicates the amount of chlorine that remains in the water to continue disinfecting it and preventing the growth of bacteria and other pathogens. Monitoring total residual chlorine is crucial for ensuring that water remains safe for consumption throughout the entire distribution system. It helps in maintaining the effectiveness of the disinfection process and in preventing contamination and waterborne diseases. Total residual chlorine is also important for compliance with water quality standards and regulations.,"Total residual chlorine (TRC) represents the sum of free and combined available residual chlorine in water. It is monitored because it indicates the germicidal efficiency of free residual chlorine, which is crucial for ensuring the disinfection of water. TRC is important for maintaining water safety, as it helps to control the presence of harmful microorganisms and ensures that a certain concentration of chlorine remains in the water to provide ongoing disinfection throughout the entire pretreatment line. Monitoring TRC helps to verify that the water treatment process is effective and that the water remains safe for consumption.",Total residual chlorine represents the sum of free and combined available chlorine in water. It is monitored because it indicates the amount of chlorine that remains in the water to continue disinfecting it and preventing the growth of harmful microorganisms. Maintaining an appropriate level of total residual chlorine is crucial for ensuring the safety and potability of the water supply. It is also important to monitor the absence of chlorine using an oxidation-reduction potential (ORP) electrode downstream of the treatment process to ensure that the water remains disinfected as it travels through the distribution system.,0.8376561403274536,0.8845212459564209,0.8604510426521301
43.0,hypochlorous acid (HOCl) germicidal efficiency depends on pH; lower pH favors more HOCl which is more effective than hypochlorite ion (OCl⁻),How does pH affect chlorine disinfection efficiency?,"At lower pH, more HOCl is present, which is more effective for disinfection than OCl⁻, making pH control important in chlorination processes.","pH significantly affects chlorine disinfection efficiency. At a pH of 7.5, only 50% of the free residual chlorine is present as hypochlorous acid (HOCl), which is the more effective disinfectant form. However, at a lower pH of 6.5, 90% of the chlorine is present as HOCl. Hypochlorous acid is more effective at killing microorganisms than its counterpart, hypochlorite ion (OCl-), which predominates at higher pH levels. Therefore, maintaining a lower pH can enhance the disinfection efficiency of chlorine by increasing the proportion of the more potent HOCl. Additionally, the reactions between chlorine and ammonia nitrogen, which lead to the formation of combined available chlorine (e.g., monochloramine, dichloramine, trichloramine), are also influenced by pH, further affecting the overall disinfection process.","pH affects chlorine disinfection efficiency by influencing the balance between different forms of chlorine in water. At lower pH levels, chlorine is more likely to exist in its hypochlorous acid (HOCl) form, which is a stronger disinfectant. As the pH increases, the equilibrium shifts towards the formation of the hypochlorite ion (OCl-), which is a weaker disinfectant. Therefore, maintaining an optimal pH range is crucial for maximizing the effectiveness of chlorine as a disinfectant. Additionally, pH can impact the reactions between chlorine and ammonia, as well as the overall stability and reactivity of chlorine species in the water.","pH significantly affects chlorine disinfection efficiency. At a pH of 7.5, only 50% of the free residual chlorine is present as hypochlorous acid (HOCl), which is the more effective disinfectant form. However, at a lower pH of 6.5, 90% of the chlorine is present as HOCl. Hypochlorous acid is more effective at killing microorganisms than hypochlorite ion (OCl-), which predominates at higher pH levels. Therefore, chlorine disinfection is more efficient at lower pH levels because a higher proportion of the chlorine is in the form of HOCl. Additionally, chlorine demand, which is the amount of chlorine that reacts with ammonia nitrogen and other substances in the water, is influenced by pH. The reactions between chlorine and nitrogen compounds, which form combined available chlorine, are also pH-dependent. As a result, the optimum chlorine dosage, point of injection, pH, and contact time must be carefully managed to ensure effective disinfection and prevent biofouling, as per ASTM D 1291-33 guidelines.","pH affects chlorine disinfection efficiency significantly. Under alkaline (high pH) conditions, chlorine reacts more quickly with contaminants, leading to faster disinfection. However, at neutral or acidic (low pH) conditions, the reaction rate is slower, which can reduce the effectiveness of chlorine as a disinfectant. Therefore, maintaining an optimal pH level is crucial for maximizing chlorine's disinfecting power.","pH plays a significant role in the efficiency of chlorine disinfection. At a pH of 7.5, only 50% of the free residual chlorine is present as hypochlorous acid (HOCI), which is the more effective form for disinfection. However, at a lower pH of 6.5, 90% of the chlorine is present as HOCI. Hypochlorous acid is a stronger disinfectant than its counterpart, hypochlorite ion (OCL-), and thus, the higher the concentration of HOCI, the more effective the chlorine disinfection process will be. Additionally, chlorine attack is faster under alkaline conditions, which means that at higher pH levels, the disinfection process may be less efficient. Therefore, maintaining a lower pH is favorable for maximizing the germicidal efficiency of chlorine.","pH significantly affects chlorine disinfection efficiency. Under alkaline (high pH) conditions, chlorine reacts more quickly, which can lead to the formation of chloramines, such as monochloramine, dichloramine, and trichloramine, instead of the more effective free available chlorine (FAC). Free available chlorine is more germicidal and its efficiency is directly related to the concentration of undissociated hypochlorous acid (HOCI). In contrast, under neutral or acidic (low pH) conditions, there is a higher concentration of undissociated HOCI, which is more effective at disinfecting pathogens. Therefore, maintaining a low pH is favorable for retarding the oxidation of Fe2+ and enhancing the germicidal efficiency of chlorine. To optimize chlorine disinfection, it is important to consider the pH of the water, as it influences the form of chlorine present and its disinfecting power.","pH significantly influences chlorine disinfection efficiency. At a pH of 7.5, only 50% of the free residual chlorine is present as hypochlorous acid (HOCI), which is the more effective disinfectant form. However, when the pH drops to 6.5, 90% of the chlorine is in the form of HOCI. Hypochlorous acid is more potent and more readily available for disinfection compared to hypochlorite ion (OCl-), which predominates at higher pH levels. Therefore, lower pH levels enhance the disinfection efficiency of chlorine by increasing the concentration of the more effective HOCI. Additionally, the reactions between chlorine and ammonia nitrogen, which lead to the formation of combined available chlorine (monochloramine, dichloramine, and trichloramine), are also influenced by pH, further affecting the overall disinfection process.","The pH of water significantly affects chlorine disinfection efficiency. At lower pH levels, chlorine is more likely to exist in its hypochlorous acid (HOCl) form, which is more effective as a disinfectant because it has a stronger oxidizing ability. As the pH increases, more of the chlorine is converted to the less effective hypochlorite ion (OCl-). Therefore, maintaining an optimal pH range is crucial for maximizing the disinfecting power of chlorine. This is because the balance between HOCl and OCl- is pH-dependent, and HOCl is the active species that reacts with and destroys microorganisms. The specific pH range that optimizes chlorine disinfection typically falls between 6.5 and 7.5. Outside of this range, the efficiency of chlorine as a disinfectant decreases.","pH significantly affects chlorine disinfection efficiency. At a pH of 7.5, only 50% of the free residual chlorine is present as hypochlorous acid (HOCl), which is the more effective disinfectant form. However, at a lower pH of 6.5, 90% of the chlorine is present as HOCl. Hypochlorous acid is more effective at killing bacteria and viruses than hypochlorite ion (OCl-), which predominates at higher pH levels. Therefore, chlorine disinfection is more efficient at lower pH levels, where a higher proportion of chlorine exists in the form of HOCl. Additionally, chlorine demand, which is the amount of chlorine that reacts with ammonia nitrogen in the water, is influenced by pH, with higher chlorine demand at higher pH levels. This means that more chlorine is required to achieve the same level of disinfection at higher pH levels. Overall, maintaining an optimal pH is crucial for maximizing chlorine disinfection efficiency.","pH affects chlorine disinfection efficiency by influencing the rate at which chlorine reacts with contaminants in the water. Under alkaline (high pH) conditions, chlorine reacts more quickly with contaminants, which can lead to faster disinfection. However, if the pH is too high, it can lead to the formation of chloramines instead of free chlorine, which is less effective as a disinfectant. Conversely, under acidic (low pH) conditions, the disinfection efficiency of chlorine can be reduced because the hypochlorous acid (HOCl), which is the more effective disinfectant form of chlorine, predominates less, and the formation of chloramines is favored. Therefore, maintaining an optimal pH range is crucial for maximizing chlorine's disinfection efficiency.","The pH level significantly influences chlorine disinfection efficiency. Under alkaline (high pH) conditions, chlorine reacts more rapidly, which can lead to faster membrane degradation and potentially less effective disinfection. Conversely, a lower pH (acidic conditions) is favorable as it retards the oxidation of Fe²⁺, which can otherwise interfere with the disinfection process. The concentration of undissociated hypochlorous acid (HOCI), which is the more effective disinfectant form of chlorine, is directly related to the pH of the water. At a pH of around 7.5, there is a balance between the hypochlorous acid and hypochlorite ion (OCl⁻), with hypochlorous acid being the predominant form and thus more effective for disinfection. Therefore, maintaining an optimal pH is crucial for maximizing the germicidal efficiency of chlorine.","pH affects chlorine disinfection efficiency in several ways. Under alkaline pH conditions, chlorine reacts more quickly with contaminants compared to neutral or acidic conditions. This faster reaction rate at higher pH levels can enhance the germicidal efficiency of free residual chlorine, as it is directly related to the concentration of undissociated hypochlorous acid (HOCI), which is the more effective disinfectant form of chlorine. However, a low pH is favorable for retarding the oxidation of ferrous iron (Fe2+), which can be beneficial in certain water treatment scenarios. Therefore, maintaining an optimal pH is crucial for maximizing the effectiveness of chlorine as a disinfectant.",0.8363133668899536,0.9022128582000732,0.8680141568183899
44.0,transition metals like iron and copper catalyze membrane degradation when chlorine is present; control of metal levels is crucial,Why is it important to control metal ions like iron in chlorinated RO feedwater?,"Transition metals catalyze chlorine-induced membrane degradation, so keeping metal levels low protects the membrane material.","Controlling metal ions like iron in chlorinated RO (Reverse Osmosis) feedwater is crucial because iron can react with silica to form insoluble iron silicate, which can lead to fouling of the RO membranes. Even at low concentrations, iron can accelerate biofilm growth and cause iron deposits, which can reduce the efficiency of the RO system and increase the need for cleaning and maintenance. Additionally, iron can react with hydrogen sulfide to create further fouling issues, potentially leading to a fouling problem even if the sdi (solids density index) is below 5 and the iron concentration is below 0.1 mg/L. Proper control of iron levels helps maintain high permeate flux and reduces the need for frequent cleaning and maintenance, ensuring the efficient operation of the RO system.","Controlling metal ions like iron in chlorinated RO (Reverse Osmosis) feedwater is crucial because iron can react with chlorine to form insoluble iron chlorides, which can precipitate and cause fouling of the RO membranes. This fouling can lead to a decrease in membrane performance, requiring frequent cleaning or even replacement. Additionally, iron can catalyze the oxidation of organic compounds, leading to the formation of disinfection byproducts that are potentially harmful. By keeping iron levels low, the RO system can operate with a high permeate flux and require minimal cleaning, ensuring efficient operation and maintaining water quality.","Controlling metal ions like iron in chlorinated RO (Reverse Osmosis) feedwater is crucial for several reasons. Firstly, iron can catalyze the degradation of the RO membrane, leading to a faster deterioration of the membrane's performance and a shorter lifespan. This means that the RO system would require more frequent replacement of membranes, increasing operational costs and downtime.

Secondly, iron can react with chlorine to form insoluble compounds, which can foul the membrane surface and reduce the efficiency of the filtration process. This fouling can lead to a decrease in permeate flux, meaning that the system would need to operate with a larger membrane area to achieve the same level of water purification, or it would require more frequent cleaning and maintenance to remove the fouling.

Additionally, the presence of iron can contribute to the formation of biofilms, as iron-reducing bacteria can thrive in the anoxic conditions created by the iron-chlorine reaction. Biofilms can further clog the membrane and exacerbate fouling issues, leading to even more frequent cleaning and maintenance requirements.

In summary, controlling metal ions like iron in chlorinated RO feedwater is important to prevent membrane degradation, reduce fouling and biofilm formation, and maintain the efficiency and longevity of the RO system.","Controlling metal ions like iron in chlorinated RO (Reverse Osmosis) feedwater is crucial for several reasons. Firstly, iron can catalyze membrane degradation when present with chlorine, leading to a faster deterioration of the RO membrane. This can significantly reduce the lifespan of the membrane and increase maintenance costs. Secondly, iron can cause fouling problems, even at low concentrations, by forming insoluble iron silicate and promoting biofilm growth, which can clog the membrane and reduce its efficiency. Thirdly, iron can react with other transition metals to form compounds that also contribute to membrane fouling and degradation. Therefore, controlling iron and other metal ions is essential to maintain the performance and longevity of the RO system.","Controlling metal ions like iron in chlorinated RO (Reverse Osmosis) feedwater is crucial because these ions can catalyze membrane degradation, leading to faster chlorine attack. This accelerated degradation can compromise the integrity and performance of the RO membranes, necessitating more frequent cleaning and maintenance, and potentially reducing the lifespan of the system. Additionally, the presence of iron and other transition metals can lead to fouling problems, which can decrease permeate flux and increase the need for membrane area, further impacting the efficiency and operational costs of the RO system. Controlling these metal ions helps maintain the system's efficiency, prolongs membrane life, and ensures consistent water quality.","Controlling metal ions like iron in chlorinated RO (Reverse Osmosis) feedwater is crucial because these metal ions can catalyze membrane degradation, leading to a faster rate of chlorine attack. This accelerated degradation can compromise the integrity and performance of the RO membranes, resulting in reduced efficiency and potentially costly repairs or replacements. Additionally, the presence of iron and other transition metals can lead to fouling problems, which can decrease permeate flux and increase the need for cleaning, even if the sdi (solids density index) is below 5 and the iron concentration is below 0.1 mg/L. Therefore, managing the levels of metal ions like iron is essential to maintain the longevity and effectiveness of the RO system.","Controlling metal ions like iron in chlorinated RO (Reverse Osmosis) feedwater is crucial because iron can react with silica to form insoluble iron silicate, which can foul the RO membranes. This fouling can lead to a decrease in permeate flux and an increase in the need for cleaning and maintenance, even if the sdi (solids density index) and iron levels are below certain thresholds. Additionally, iron can accelerate biofilm growth and oxidation processes, further contributing to membrane fouling and reducing the efficiency of the RO system. Therefore, managing iron levels is essential to maintain the performance and longevity of the RO system.","Controlling metal ions like iron in chlorinated reverse osmosis (RO) feedwater is crucial because iron can react with silica to form insoluble iron silicate, which can lead to fouling and scaling on the RO membrane. This fouling can reduce the efficiency of the RO system, necessitating frequent cleaning and potentially leading to higher operational costs. Additionally, iron can promote the growth of iron-reducing bacteria, which can accelerate biofilm formation and further contribute to fouling. Even at low concentrations, iron can cause significant issues, such as creating a fouling problem and reducing the permeate flux, which is the rate at which water passes through the RO membrane. Therefore, maintaining low levels of iron and other metal ions is essential to ensure the optimal performance and longevity of the RO system.","It is important to control metal ions like iron in chlorinated RO (Reverse Osmosis) feedwater because they can catalyze membrane degradation, leading to faster chlorine attack and reduced membrane lifespan. Additionally, iron can participate in harmful chemical reactions, such as forming insoluble iron silicate, which can create fouling problems even at low concentrations. This fouling can necessitate more frequent cleaning and maintenance, increasing operational costs and potentially reducing the efficiency of the RO system. Therefore, managing iron levels is crucial to maintaining the performance and longevity of the RO membranes.","Controlling metal ions like iron in chlorinated reverse osmosis (RO) feedwater is crucial because they can catalyze membrane degradation, leading to a faster chlorine attack on the membrane. This accelerated degradation can compromise the efficiency and lifespan of the RO system. Additionally, iron can participate in reactions that form insoluble compounds, contribute to biofilm growth, and cause fouling, even at low concentrations. These issues can lead to a decrease in permeate flux and potentially require frequent cleaning or even result in the need for membrane replacement. Therefore, maintaining low levels of metal ions like iron is essential to ensure the optimal performance and longevity of the RO system.","Controlling metal ions like iron in chlorinated RO (Reverse Osmosis) feedwater is crucial because these ions can catalyze membrane degradation, leading to a faster rate of chlorine attack. This accelerated degradation can compromise the integrity and performance of the RO membranes, necessitating more frequent cleaning and maintenance. Additionally, the presence of iron and other transition metals can cause fouling problems, even at low levels, which can affect the system's efficiency and increase the need for membrane area and cleaning efforts. Controlling these metal ions helps to maintain the longevity and effectiveness of the RO system.","It is important to control metal ions like iron in chlorinated RO feedwater because these ions can catalyze membrane degradation, leading to a faster rate of chlorine attack. This can compromise the integrity and performance of the reverse osmosis system. Additionally, the presence of iron or other transition metals can accelerate the formation of biofilms and iron deposits, even at low levels, which can cause fouling problems and reduce the efficiency of the RO system. Controlling metal ions helps maintain the longevity and effectiveness of the RO membranes and the overall system.",0.8187073469161987,0.8842041492462158,0.8501961827278137
45.0,chlorine attack on membranes is faster at high pH and in presence of transition metals; careful control of operating conditions is necessary,What conditions accelerate chlorine damage to RO membranes?,"High pH and the presence of metals like iron or copper speed up chlorine-induced membrane degradation, so controlling these factors is essential.",Chlorine damage to RO membranes is accelerated under alkaline pH conditions and when iron or other transition metals are present either in the water or on the membrane surface. These metals catalyze membrane degradation. Chlorine is not recommended for intentionally sanitizing membrane systems due to the risk of membrane oxidation.,"Chlorine damage to RO membranes is accelerated under alkaline pH conditions and when iron or other transition metals are present either in the water or on the membrane surface. These metals catalyze membrane degradation, and the presence of alkaline conditions further speeds up the chlorine attack.","Chlorine damage to RO membranes is accelerated under alkaline pH conditions, when iron or other transition metals are present either in the water or on the membrane surface, and when chlorine dioxide, hydrogen peroxide, ozone, and permanganate are used improperly. An activated carbon bed can effectively dechlorinate RO feed water to mitigate this damage.","Chlorine damage to RO membranes is accelerated under the following conditions:

1. The presence of iron or other transition metals in the water or on the membrane surface, as these metals catalyze membrane degradation.

2. Alkaline pH conditions, where chlorine attack is faster than at neutral pH.

3. The presence of other oxidizing agents such as chlorine dioxide, hydrogen peroxide, ozone, and permanganate, especially if not used properly.

4. Premature membrane failure can occur under certain conditions when chlorine and other oxidizing agents are present.","Chlorine damage to RO membranes is accelerated under alkaline pH conditions, when iron or other transition metals are present in the water or on the membrane surface, and when other oxidizing agents such as chlorine dioxide, hydrogen peroxide, ozone, and permanganate are used improperly. The presence of chlorine and other oxidizing agents can cause premature membrane failure, especially under certain conditions. Filmtec RO and NF membranes are resistant to low concentrations of mild chlorinating agents, but these compounds can slowly damage the membrane due to equilibrium with small amounts of free chlorine. The presence of iron increases the susceptibility of the membrane to oxidation damage.","Chlorine damage to RO membranes is accelerated under the following conditions:

1. The presence of iron or other transition metals in the water or on the membrane surface, as these metals catalyze membrane degradation.

2. Alkaline pH conditions, where chlorine attack is faster than at neutral pH.

3. The presence of other oxidizing agents such as chlorine dioxide, hydrogen peroxide, ozone, and permanganate, especially if not used properly.

4. The presence of organics that can lead to premature membrane failure when combined with chlorine and other oxidizing agents.

5. The equilibrium with small amounts of free chlorine, which can slowly damage the membrane.

6. The aggressive nature of permeate RO, which can lead to membrane damage, although the loss in specific flux can be restored over time if the underlying problem is corrected and there are no other serious fouling issues.","Chlorine damage to RO membranes is accelerated under alkaline pH conditions and when iron or other transition metals are present either in the water or on the membrane surface. These metals catalyze membrane degradation, and chlorine is not recommended for intentionally sanitizing membrane systems due to the risk of membrane oxidation.","Chlorine damage to RO membranes is accelerated under alkaline pH conditions and when iron or other transition metals are present either in the water or on the membrane surface. These metals catalyze membrane degradation, and chlorine attack is faster at alkaline pH than at neutral or acidic pH levels.","Chlorine damage to RO membranes is accelerated under alkaline pH conditions and when iron or other transition metals are present in the water or on the membrane surface. These metals catalyze membrane degradation. Chlorine is also more reactive under alkaline conditions compared to neutral or acidic pH. Additionally, the presence of other oxidizing agents can contribute to membrane damage if not used properly. An activated carbon bed is effective in dechlorinating RO feed water to mitigate these effects.","Chlorine damage to RO membranes is accelerated under the following conditions:

1. The presence of iron or other transition metals in the water or on the membrane surface, as these metals catalyze membrane degradation.

2. Alkaline pH conditions, where chlorine attack is faster than at neutral pH.

3. The presence of other oxidizing agents such as chlorine dioxide, hydrogen peroxide, ozone, and permanganate, especially if not used properly.

4. Under certain conditions, the presence of chlorine and other oxidizing agents can cause premature membrane failure.","Chlorine damage to RO membranes is accelerated under alkaline pH conditions, in the presence of iron or other transition metals, and when other oxidizing agents such as chlorine dioxide, hydrogen peroxide, ozone, and permanganate are present. These conditions can lead to faster membrane degradation and are not recommended for sanitizing membrane systems. An activated carbon bed can be used to dechlorinate RO feed water to mitigate this risk. Filmtec RO and NF membranes are resistant to low concentrations of mild chlorinating agents but can still be slowly damaged over time due to equilibrium with small amounts of free chlorine. The presence of iron further increases the susceptibility of the membrane to oxidation damage.","Chlorine damage to RO membranes is accelerated under the following conditions:

1. The presence of iron or other transition metals in the water or on the membrane surface, as these metals catalyze membrane degradation.

2. Alkaline pH conditions, where chlorine attack is faster than at neutral pH.

3. The presence of other oxidizing agents such as chlorine dioxide, hydrogen peroxide, ozone, and permanganate, especially if not used properly.

4. The presence of organics that can lead to premature membrane failure when combined with chlorine and other oxidizing agents.

5. The equilibrium with small amounts of free chlorine, which can slowly damage the membrane.

6. Iron presence, which makes the membrane more susceptible to oxidation damage.",0.8730258345603943,0.8957626223564148,0.8842480778694153
46.0,intentional membrane sanitization with chlorine not recommended due to oxidation risk; sanitization should occur upstream or with approved methods,Why is chlorine not recommended for direct membrane sanitization?,"Because chlorine can oxidize and damage the membranes, sanitization should be performed upstream or with non-oxidizing approved methods.","Chlorine is not recommended for direct membrane sanitization because it can cause membrane oxidation, which damages the membrane. Additionally, chlorine can lead to the growth of microorganisms if not used very frequently, as there is no chlorine present on the membranes. Other oxidizing agents can also damage the membranes if not used properly. Residual free chlorine can be reduced to harmless chlorides by activated carbon or chemical reducing agents.","Chlorine is not recommended for direct membrane sanitization because of the risk of membrane oxidation, which can damage the membrane. Additionally, other oxidizing agents like chlorine dioxide, hydrogen peroxide, ozone, and permanganate can also damage the membrane if not used properly. Combined chlorine sanitization is generally not recommended either.","Chlorine is not recommended for direct membrane sanitization because it can cause membrane oxidation, which damages the membrane. Additionally, chlorine can lead to the growth of microorganisms on the membranes if not used very frequently, as there is no chlorine present on the membranes. Other oxidizing agents can also damage the membranes if not used properly. Residual free chlorine can be reduced to harmless chlorides by activated carbon or chemical reducing agents, but chlorine itself is not suitable for direct membrane sanitization.","Chlorine is not recommended for direct membrane sanitization because it poses a risk of membrane oxidation, which can damage the membrane. Additionally, other oxidizing agents like chlorine dioxide, hydrogen peroxide, ozone, and permanganate can also harm the membrane if not used correctly. While the membrane can tolerate temporary exposure to free chlorine during system upsets, chlorine itself is not suitable for intentional sanitization due to these risks.","Chlorine is not recommended for direct membrane sanitization because it can cause membrane oxidation, which damages the membranes. Additionally, chlorine can lead to the growth of microorganisms if not used very frequently, and it can also cause flux losses when used with certain sanitization agents. Filmtec recommends removing residual free chlorine by pretreatment prior to membrane exposure to avoid these issues.","Chlorine is not recommended for direct membrane sanitization because of the risk of membrane oxidation, which can damage the membrane. Additionally, other oxidizing agents like chlorine dioxide, hydrogen peroxide, ozone, and permanganate can also damage the membrane if not used properly. Filmtec recommends removing residual free chlorine by pretreatment prior to membrane exposure to avoid oxidation damage, which is not covered under warranty.","Chlorine is not recommended for direct membrane sanitization because it can cause membrane oxidation, which damages the membrane. Additionally, microorganisms can grow on the membranes if chlorine is not present, and other oxidizing agents can also damage the membranes if not used properly. Residual free chlorine can be reduced to harmless chlorides by activated carbon or chemical reducing agents.","Chlorine is not recommended for direct membrane sanitization because of the risk of membrane oxidation, which can damage the membrane. Additionally, other oxidizing agents like chlorine dioxide, hydrogen peroxide, ozone, and permanganate can also harm the membrane if not used properly. Combined chlorine sanitization is generally not recommended either.","Chlorine is not recommended for direct membrane sanitization because it can cause membrane oxidation, which damages the membranes. Additionally, without chlorine on the membranes, microorganisms can grow more easily due to an enhanced nutrient offering, unless the system is sanitized very frequently. Other oxidizing agents can also damage membranes if not used properly. Residual free chlorine can be reduced to harmless chlorides by activated carbon or chemical reducing agents. Chlorine is not recommended for use with Filmtec membranes, and ozone, a stronger oxidizing agent, can also cause damage.","Chlorine is not recommended for direct membrane sanitization because of the risk of membrane oxidation, which can damage the membrane. Additionally, other oxidizing agents like chlorine dioxide, hydrogen peroxide, ozone, and permanganate can also harm the membrane if not used correctly. While chlorine can be used in installations where system upsets result in temporary exposure, it is generally not recommended for combined chlorine sanitization or as a sanitization agent due to potential flux losses and damage to the membrane. Iodine, quaternary germicides, and phenolic compounds are also not recommended for use as sanitization agents.","Chlorine is not recommended for direct membrane sanitization because it can cause damage to the membranes, leading to oxidation and other forms of deterioration. Additionally, chlorine can enhance the growth of microorganisms if not used very frequently, and it can be harmful to the membranes if not properly managed. Filmtec specifically advises removing residual free chlorine by pretreatment prior to membrane exposure to prevent oxidation damage, which is not covered under warranty.","Chlorine is not recommended for direct membrane sanitization because it poses a risk of membrane oxidation, which can damage the membrane. Additionally, other oxidizing agents like chlorine dioxide, hydrogen peroxide, ozone, and permanganate can also damage the membrane if not used properly. Filmtec specifically advises removing residual free chlorine by pretreatment prior to membrane exposure to avoid oxidation damage, which is not covered under warranty.",0.8635154962539673,0.8915231227874756,0.8772958517074585
47.0,continuous chlorination followed by dechlorination may increase biofouling by breaking organics into biodegradable fragments,How can continuous chlorination increase biofouling risk?,"It can break down organics into biodegradable fragments, which serve as nutrients for microorganisms and promote biofilm formation.","Continuous chlorination can increase the risk of biofouling because it creates an environment that can promote the growth of microorganisms. Chlorine is used to disinfect water, but it can also lead to the formation of disinfection by-products (DBPs) when it reacts with organic matter in the water. These DBPs can be harmful to aquatic life and can contribute to the development of biofilms, which are communities of microorganisms that adhere to surfaces.

Moreover, the continuous addition of chlorine can lead to fluctuating chlorine levels, which can stress microorganisms and cause them to adapt and become more resistant to disinfection. This can result in the proliferation of chlorine-resistant bacteria and other microorganisms that can cause biofouling.

Additionally, the reaction time of 2030 minutes mentioned in the context indicates that there is a significant period during which chlorine is present in the water. This prolonged exposure to chlorine can further contribute to the formation of DBPs and the development of biofilms, increasing the risk of biofouling.

In summary, continuous chlorination can increase the risk of biofouling by promoting the growth of microorganisms, contributing to the formation of disinfection by-products, and causing stress on microorganisms that can lead to the development of chlorine-resistant biofilms.","Continuous chlorination can increase the risk of biofouling because the constant addition of chlorine creates an environment that can promote the growth of microorganisms. When chlorine is added continuously at the intake, it can lead to the formation of disinfection by-products (DBPs) and other reactive species that may not be fully removed during the reaction time of 2030 minutes. These by-products and reactive species can serve as nutrients or protective niches for microorganisms, leading to the development of biofilms and severe biofouling. As a result, biofouling can be exacerbated, causing bfra values to exceed 100 pgcm2 atp, which indicates a high level of biofouling. In contrast, stable operation without any cleaning needs and lower bfra values of less than 1 pgcm2 atp suggest that continuous chlorination can lead to unstable conditions that favor biofouling. Therefore, continuous chlorination can increase the risk of biofouling by creating conditions that promote the growth and accumulation of microorganisms on surfaces.","Continuous chlorination can increase the risk of biofouling because the process may break down organic substances in the water into smaller biodegradable fragments. These smaller fragments can serve as nutrients for microorganisms, promoting their growth and leading to biofouling. Additionally, the degradation products of biofouling biocides, which are sometimes used in conjunction with chlorination, may not be completely rejected by reverse osmosis membranes, further contributing to the risk of biofouling.","Continuous chlorination can increase biofouling risk because the continuous addition of oxidation chemicals like chlorine may break down organic substances into smaller biodegradable fragments. These smaller fragments can serve as nutrients for microorganisms, promoting their growth and leading to severe biofouling. Additionally, the degradation products of biocides used in chlorination may not always be completely rejected by reverse osmosis (RO) membranes, further contributing to the biofouling problem.","Continuous chlorination can increase the risk of biofouling because the addition of chlorine as an oxidation chemical may break down organic substances into smaller biodegradable fragments. These smaller fragments can serve as nutrients for microorganisms, promoting their growth and leading to severe biofouling. Additionally, the presence of chlorine and its degradation products can damage the membrane, which can also contribute to biofouling. Therefore, while chlorination is used to control biofouling, it can paradoxically increase the risk if not properly managed.","Continuous chlorination can increase the risk of biofouling due to several factors. Firstly, the continuous addition of chlorine can lead to the breakdown of organic substances into smaller biodegradable fragments, which can serve as nutrients for microorganisms, promoting their growth on the membrane surfaces. Secondly, the chlorine itself, along with its degradation products, can be in equilibrium with small amounts of free chlorine, which can slowly damage the membrane and create a favorable environment for biofouling. Additionally, if the chlorine dosage, point of injection, pH, and contact time are not optimized, it can lead to bfr values exceeding 100 pgcm2 atp, which are associated with severe biofouling. Lastly, the biocides used in chlorination dechlorination processes may not always be completely rejected by RO membranes, further contributing to the risk of biofouling. Therefore, careful consideration and optimization of chlorination parameters are necessary to minimize the risk of biofouling.","Continuous chlorination can increase the risk of biofouling because it creates an environment that is conducive to the growth of microorganisms. Chlorine is used to disinfect the water, but it can also form disinfection by-products (DBPs) that may be harmful to aquatic life. Additionally, the presence of chlorine can lead to the accumulation of organic matter, which can serve as a nutrient source for microorganisms. Over time, this can result in the formation of a biofilm, which can cause severe biofouling. Furthermore, the continuous exposure to chlorine can also lead to the development of chlorine-resistant strains of microorganisms, making it more difficult to control biofouling. Therefore, while continuous chlorination is effective in disinfecting water, it can also increase the risk of biofouling if not properly managed.","Continuous chlorination can increase the risk of biofouling because the constant addition of chlorine creates an environment that is conducive to the growth and accumulation of microorganisms on surfaces. Chlorine, while effective as a disinfectant, can also lead to the formation of disinfection by-products (DBPs) when it reacts with organic matter. These DBPs can be harmful to microorganisms, but they can also encourage the growth of certain types of microorganisms that are resistant to chlorine. Over time, these resistant microorganisms can accumulate and form a biofilm, leading to severe biofouling. Additionally, the continuous exposure to chlorine can damage the surfaces it is meant to protect, potentially creating niches where microorganisms can thrive. As a result, biofouling can become a significant issue, leading to decreased performance and increased maintenance requirements.","Continuous chlorination can increase the risk of biofouling because the process may break down organic substances in the water into smaller, more biodegradable fragments. These smaller fragments can serve as nutrients for microorganisms, promoting their growth. As these microorganisms accumulate on the membrane surfaces, they can lead to severe biofouling. Additionally, the degradation products of biofouling biocides, as well as other ingredients in their formulations, may not always be completely rejected by reverse osmosis (RO) membranes, further contributing to the biofouling risk.","Continuous chlorination can increase biofouling risk because the continuous addition of chlorine may break down organic substances into smaller biodegradable fragments. These smaller fragments can serve as nutrients for microorganisms, leading to their growth and accumulation on the membrane surface. As a result, biofouling can occur, which can reduce the efficiency of the membrane system and increase the need for cleaning and maintenance. Additionally, the degradation products of chlorination biocides, as well as other ingredients in their formulations, may not be completely rejected by reverse osmosis (RO) membranes, further contributing to biofouling. Therefore, continuous chlorination can inadvertently create conditions that promote biofouling.","Continuous chlorination can increase the risk of biofouling by breaking down organic substances in the water into smaller, more biodegradable fragments. These smaller fragments can serve as nutrients for microorganisms, promoting their growth and leading to severe biofouling. Additionally, the presence of chlorine and its degradation products in the water can damage the membrane over time, further contributing to biofouling issues. Therefore, while chlorination is used to control biofouling, it can paradoxically increase the risk if not managed properly.","Continuous chlorination can increase the risk of biofouling due to several factors. Firstly, the continuous addition of chlorine can lead to the breakdown of organic substances into smaller biodegradable fragments, which can serve as nutrients for microorganisms, promoting their growth and leading to biofouling. Secondly, the by-products of chlorine degradation, which may remain in equilibrium with small amounts of free chlorine, can also damage the membrane and contribute to biofouling. Additionally, if the best point of injection, pH, and contact time are not optimized, as recommended by ASTM D 1291, the effectiveness of chlorine in preventing biofouling may be reduced, further increasing the risk of biofouling. Lastly, the continuous chlorination method may not always be effective in completely rejecting biofouling biocides, their degradation products, and other ingredients in their formulations, as indicated in section 6.9.6. Therefore, continuous chlorination can inadvertently create conditions that favor biofouling.",0.8131175637245178,0.855317234992981,0.8336837291717529
48.0,intermittent chlorination or offline application preferred over continuous dosing; feedwater must be chlorine-free before entering membranes,Why is intermittent chlorination preferred for RO systems?,"Intermittent or offline chlorination reduces risk of membrane exposure, and feedwater must be fully dechlorinated before reaching RO membranes.","Intermittent chlorination is preferred for RO systems because continuous chlorination is becoming less popular. Instead, chlorine is applied offline to the pretreatment section periodically. This method is typically used for biological fouling prevention, such as in surface waters. Additionally, it is important to prevent the water from being exposed to air or oxidizing agents like chlorine throughout the RO process. Intermittent chlorination helps achieve this by limiting the exposure and ensuring the water quality is maintained without continuous chlorination.","Intermittent chlorination is preferred for RO systems because it helps prevent the exposure of water to air or oxidizing agents like chlorine throughout the entire RO process. Continuous chlorination could lead to the formation of harmful disinfection by-products and may not be as effective in preventing biological fouling. By applying chlorine offline periodically, it ensures that the water is adequately treated without compromising the integrity of the RO system or the quality of the treated water. This method is particularly useful for surface waters where biological fouling prevention is essential.","Intermittent chlorination is preferred for RO systems because continuous chlorination is becoming less popular. Instead, chlorine is applied offline to the pretreatment section periodically, which helps in biological fouling prevention, especially for surface waters. This intermittent approach also prevents the exposure of the water to air or any oxidizing agents throughout the RO process, which could potentially damage the RO membrane. Additionally, the RO membrane can be oxidized with persulfate generated from copper sulfate, and ozone, a stronger oxidizing agent than chlorine, can also be used. For more detailed information, the handbook of chlorination 34 is recommended.","Intermittent chlorination is preferred for RO systems because it allows for the periodic application of chlorine to the pretreatment section, which is more effective for biological fouling prevention, especially in surface waters. This method helps to prevent the oxidation of the RO membrane by avoiding continuous exposure to chlorine or other oxidizing agents throughout the entire RO process. Instead, chlorine is applied offline, which can help to maintain the integrity of the RO membrane and ensure the longevity and efficiency of the RO system. For more detailed information, the handbook of chlorination 34 is recommended.","Intermittent chlorination is preferred for RO systems because continuous chlorination is becoming less popular. Instead, chlorine is applied offline to the pretreatment section periodically. This method is typically used for biological fouling prevention in surface waters, where the water is exposed to air or oxidizing agents like chlorine throughout the RO process. Intermittent chlorination helps to prevent the oxidation of the RO membrane, which can be generated from substances like persulfate from copper sulfate. Additionally, intermittent chlorination allows for the use of stronger oxidizing agents like ozone if needed. It also reduces the need for frequent membrane cleaning and allows for the reduction of residual free chlorine to harmless chlorides using activated carbon or chemical reducing agents. This approach helps to avoid contamination of the raw water with waste water effluent, which can cause serious problems in the RO plant. A deep well close to the shore or river is preferred to minimize such contamination. For more detailed information, the handbook of chlorination is recommended.","Intermittent chlorination is preferred for RO systems to prevent the oxidation of the RO membrane with persulfate generated from copper sulfate. Continuous chlorination could lead to the degradation of the membrane, reducing the efficiency and lifespan of the RO system. By applying chlorine offline periodically, the risk of membrane damage is minimized, ensuring the system operates effectively and maintains water quality. Additionally, intermittent chlorination helps in managing the concentration of chlorine in the feed water, preventing contamination and potential problems in the RO plant. For more detailed information, the handbook of chlorination 34 is recommended.","Intermittent chlorination is preferred for RO systems because continuous chlorination is becoming less popular. Instead, chlorine is applied offline to the pretreatment section periodically. This method is typically used for biological fouling prevention in surface waters, where the exposure of the water to air or oxidizing agents like chlorine through the entire RO process must be prevented. Intermittent chlorination helps to maintain water quality without continuous exposure to chlorine, which can be harmful to the RO system and the water being treated.","Intermittent chlorination is preferred for RO systems because it prevents the exposure of water to air or any oxidizing agents, such as chlorine, throughout the entire RO process. Continuous chlorination could lead to the oxidation of the water, potentially damaging the RO membranes and reducing their efficiency. By applying chlorine offline periodically, typically in the pretreatment section, it helps in biological fouling prevention without compromising the integrity of the RO system. This method ensures that the water remains protected from oxidation while still benefiting from the antimicrobial effects of chlorine to maintain water quality.","Intermittent chlorination is preferred for RO systems because continuous chlorination is becoming less popular. Instead, chlorine is applied offline to the pretreatment section periodically. This method is typically used for biological fouling prevention, especially in surface waters. Additionally, it is crucial to prevent the water from being exposed to air or any oxidizing agents, like chlorine, throughout the RO process. Intermittent chlorination helps to manage these concerns effectively. For more detailed information, the handbook of chlorination 34 is recommended.","Intermittent chlorination is preferred for RO systems because it allows for the periodic application of chlorine to the pretreatment section, which helps in preventing biological fouling without exposing the water to air or oxidizing agents throughout the entire RO process. This method avoids the continuous oxidation of the RO membrane, which can be caused by persulfate generated from copper sulfate, and thus helps maintain the integrity and efficiency of the RO system. For more detailed information, the handbook of chlorination 34 is recommended.","Intermittent chlorination is preferred for RO systems because continuous chlorination is becoming less popular due to various reasons. Intermittent chlorination allows for the application of chlorine offline to the pretreatment section periodically, which can be more effective and efficient. This method helps in preventing biological fouling, which is a common issue in RO systems, especially when treating surface waters. Additionally, intermittent chlorination helps in reducing the exposure of water to air or oxidizing agents throughout the RO process, which can otherwise lead to the oxidation of the RO membrane. By using intermittent chlorination, the RO membrane can be protected from such oxidation, thereby extending its lifespan and maintaining its efficiency. Furthermore, intermittent chlorination can be combined with other pretreatment methods, such as cartridge microfiltration, to ensure that the RO system operates optimally with less frequent membrane cleaning required. Lastly, intermittent chlorination allows for the reduction of residual free chlorine to harmless chlorides using activated carbon or chemical reducing agents, ensuring that the water quality is maintained without compromising the integrity of the RO system.","Intermittent chlorination is preferred for RO systems primarily to prevent the oxidation of the RO membrane with persulfate generated from copper sulfate, which can occur if the water is continuously exposed to chlorine. By applying chlorine offline periodically, it minimizes the risk of membrane damage and extends the lifespan of the RO system. Additionally, intermittent chlorination helps in controlling biological fouling in pretreatment sections, especially in surface waters, while also avoiding the potential contamination of the RO plant with waste water effluent. For more detailed information, the handbook of chlorination 34 is recommended.",0.8582274317741394,0.8902896642684937,0.8739646077156067
49.0,free available chlorine includes HOCl and OCl⁻; combined chlorine forms like chloramine are less effective disinfectants,What is included in free available chlorine and how does it compare to combined chlorine?,Free available chlorine includes HOCl and OCl⁻ and is more effective as a disinfectant compared to the less potent combined chlorine forms like chloramine.,"Free available chlorine, also known as free residual chlorine (FRC), includes hypochlorous acid (HOCL) and hypochlorite ions (OCL). It is the portion of chlorine in water that is not chemically combined with other substances and is available to disinfect and oxidize contaminants. Combined chlorine, on the other hand, refers to chlorine that has reacted with nitrogen-containing compounds, such as ammonia, to form chloramines (monochloramine, dichloramine, and trichloramine). These chloramines are less effective as disinfectants compared to free available chlorine. The total residual chlorine (TRC) is the sum of both free available chlorine and combined chlorine. Maintaining a certain level of free available chlorine is important for effective water treatment, as it ensures that there is enough chlorine available to kill pathogens and maintain water quality throughout the treatment process.","Free available chlorine, also known as free residual chlorine, refers to the portion of chlorine in water that is not chemically combined with other substances and is available to disinfect and oxidize contaminants. It includes hypochlorous acid (HOCl) and hypochlorite ion (OCl-), which are the active forms of chlorine that can react with bacteria and other pathogens.

Combined available chlorine, on the other hand, refers to the portion of chlorine that has reacted with ammonia nitrogen (NH3) or organic nitrogen compounds in the water to form chloramines. Chloramines include monochloramine (NH2Cl), dichloramine (NHCl2), and trichloramine (NCl3). These compounds are less effective as disinfectants compared to free available chlorine but are more stable and persistent in the water distribution system.

In summary, free available chlorine is the active, disinfecting form of chlorine, while combined chlorine consists of chloramines that are formed when chlorine reacts with nitrogen compounds in the water. Free available chlorine is generally more effective at killing bacteria and other pathogens, but combined chlorine is more stable and can provide longer-lasting disinfection in the water distribution system. The goal is to maintain a balance between free and combined chlorine to ensure effective disinfection while minimizing the formation of potentially harmful chloramines.","Free available chlorine (FAC) includes the sum of chlorine species that are not chemically combined with other substances in the water. Specifically, it refers to the total of free chlorine (such as hypochlorous acid, HOCl, and hypochlorite ion, OCl-), combined available chlorine (such as monochloramine, NH2Cl, dichloramine, NHCl2, and trichloramine, NCl3), and any hypobromous acid or hypobromite ions that may be present. These chlorine species are available to disinfect and oxidize contaminants in the water.

Combined chlorine, on the other hand, refers to chlorine that has reacted with nitrogen-containing compounds, such as ammonia, to form chloramines (monochloramine, NH2Cl; dichloramine, NHCl2; and trichloramine, NCl3). These chloramines are not as effective as free chlorine as disinfectants because they are less reactive and have a longer contact time required to achieve the same level of disinfection.

In summary, free available chlorine includes both free chlorine and combined chlorine, while combined chlorine specifically refers to the chloramines formed when chlorine reacts with ammonia. Free available chlorine is generally more effective as a disinfectant compared to combined chlorine.","Free available chlorine, also known as free residual chlorine, refers to the portion of chlorine in water that is not chemically combined with other substances and is available to disinfect. It includes hypochlorous acid (HOCl) and hypochlorite ions (OCl-) in water. Hypobromous acid (HOBr) and hypobromite ions (OBr-) are also included in the free residual chlorine value, as they can interfere with free residual chlorine measurements.

Combined chlorine, on the other hand, refers to chlorine that has reacted with nitrogen-containing substances, such as ammonia, to form chloramines. Chloramines include monochloramine (NH2Cl), dichloramine (NHCl2), and trichloramine (NCl3). These compounds are less effective as disinfectants compared to free available chlorine.

In summary, free available chlorine includes hypochlorous acid, hypochlorite ions, hypobromous acid, and hypobromite ions, while combined chlorine includes monochloramine, dichloramine, and trichloramine. Free available chlorine is more effective at disinfecting water, whereas combined chlorine is less effective.","Free available chlorine, also known as free residual chlorine (FRC), includes the sum of free chlorine (such as hypochlorous acid, HOCl) and combined chlorine (such as chloramines, NH2Cl, NHCl2, and NCl3). Free chlorine is the active form of chlorine that is available to disinfect water, while combined chlorine consists of chlorine that has reacted with nitrogen-containing compounds, such as ammonia, to form chloramines. These chloramines are less effective as disinfectants compared to free chlorine. The total residual chlorine (TRC) is the sum of both free and combined chlorine in the water. Maintaining a certain level of free residual chlorine is important for effective water treatment, as it ensures the presence of an active disinfectant throughout the water distribution system. However, high levels of combined chlorine can indicate that the water has not been adequately disinfected, as it suggests that chlorine has reacted with organic or inorganic nitrogen compounds, reducing the effectiveness of the chlorine as a disinfectant.","Free available chlorine, also known as free residual chlorine, includes chlorine that is not chemically combined with other substances in the water. It is the chlorine that is available to react with pathogens and is measured as hypochlorous acid (HOCl) and hypochlorite ions (OCl-) in the water. The context states that both hypobromous acid and hypobromite ions are included in the free residual chlorine value, which means that these ions are considered part of the free chlorine measurement.

In contrast, combined chlorine, also known as total residual chlorine, includes both free chlorine and chlorine that has reacted with ammonia nitrogen to form chloramines (monochloramine, dichloramine, and trichloramine). These reactions occur in a series of stepwise reactions and are influenced by factors such as pH and the nitrogen-to-chlorine weight ratio.

The sum of free and combined available chlorine is referred to as the total residual chlorine. The context specifies that a free residual chlorine concentration of 0.5 mg/L should be maintained throughout the entire pretreatment line to ensure effective disinfection of potable water. Chlorine is used in this capacity, and the goal is to have a residual chlorine concentration near 0.5 mg/L, which includes both free and combined chlorine. However, the presence of chloramines, which are a form of combined chlorine, can interfere with the measurement of free residual chlorine. To address this, activated carbon or chemical reducing agents can be used","Free available chlorine (FAC) includes chlorine species that are not chemically combined with other substances in the water. It consists of free chlorine, which includes hypochlorous acid (HOCl) and hypochlorite ion (OCl-), as well as combined chlorine, which includes monochloramine (NH2Cl), dichloramine (NHCl2), and trichloramine (NCl3). These combined chlorine species are formed when chlorine reacts with ammonia in the water, resulting in a series of stepwise reactions.

In comparison, combined chlorine (also known as total chlorine residual) refers to the portion of chlorine that has reacted with ammonia nitrogen to form the combined chlorine species. It does not include free chlorine, which is the active form of chlorine that is available to disinfect and oxidize contaminants in the water. The total residual chlorine (TRC) is the sum of free available chlorine and combined chlorine.

To maintain effective disinfection, a certain concentration of free residual chlorine is required throughout the pretreatment line. In the given context, a free residual chlorine concentration of 0.51.0 mgl should be maintained. This indicates that the water treatment process aims to keep a significant portion of the chlorine in its free form to ensure proper disinfection, while the remaining chlorine may be present as combined chlorine. The balance between free and combined chlorine can be influenced by factors such as pH and the chlorine-to-nitrogen weight ratio.","Free available chlorine, also known as free chlorine, includes chlorine that is not chemically combined with other substances in the water. It consists of two forms: free chlorine (Cl2) and combined chlorine (monochloramine, NH2Cl; dichloramine, NHCl2; and trichloramine, NCl3). Free available chlorine is effective in killing bacteria and viruses because it is in its elemental form and can readily disinfect the water.

Combined chlorine, on the other hand, is chlorine that has reacted with nitrogen-containing substances in the water, such as ammonia or organic matter, to form chloramines (monochloramine, dichloramine, and trichloramine). These chloramines are less effective as disinfectants compared to free chlorine because they are not in their elemental form and have a reduced ability to kill bacteria and viruses.

In summary, free available chlorine includes chlorine in its elemental form (Cl2) and chloramines (NH2Cl, NHCl2, NCl3), while combined chlorine refers specifically to the chloramines formed when chlorine reacts with nitrogen-containing substances. Free available chlorine is more effective for disinfection, whereas combined chlorine is less effective.","Free available chlorine (FAC) includes the sum of chlorine species that are not chemically combined with other substances in the water. This includes free chlorine (such as hypochlorous acid, HOCl, and hypochlorite ions, OCl-), combined chlorine (such as monochloramine, NH2Cl, dichloramine, NHCl2, and trichloramine, NCl3), and any chlorine that has not reacted with ammonia nitrogen to form combined chlorine. Free available chlorine is expressed as milligrams per liter of chlorine gas (mgl Cl2).

Combined chlorine, on the other hand, refers to chlorine that has reacted with ammonia nitrogen in the water to form chloramines (monochloramine, dichloramine, and trichloramine). These chloramines are used as a sanitizing agent and are considered a form of residual chlorine because they continue to exert a disinfecting effect even after the free chlorine has been depleted.

In summary, free available chlorine includes both free chlorine and combined chlorine, while combined chlorine specifically refers to the chloramines formed by the reaction of chlorine with ammonia. Free available chlorine is a broader term that encompasses all forms of chlorine present in the water, while combined chlorine is a subset of free available chlorine that has been chemically combined with ammonia.","Free available chlorine, also known as free residual chlorine, primarily consists of hypochlorous acid (HOCl) and hypochlorite ions (OCl-). It is the chlorine that is available to disinfect water by directly inactivating pathogens. Free available chlorine is more effective as a disinfectant compared to combined chlorine because it is in its active form.

Combined available chlorine, on the other hand, refers to chlorine that has reacted with ammonia nitrogen to form chloramines (monochloramine, dichloramine, and trichloramine). These chloramines are less effective as disinfectants compared to free available chlorine. The presence of combined chlorine indicates that some of the chlorine has been consumed in the formation of these compounds, which means there is less chlorine available to disinfect the water.

In summary, free available chlorine is the active form of chlorine that directly disinfects water, while combined chlorine consists of chloramines that are less effective as disinfectants. The sum of free and combined available chlorine is referred to as total residual chlorine.","Free available chlorine, also known as free residual chlorine (FRC), includes both free chlorine and combined chlorine. Free chlorine consists of hypochlorous acid (HOCl) and hypochlorite ions (OCl-), which are the active sanitizing agents that can react with and destroy pathogens. Combined chlorine, on the other hand, includes chloramines such as monochloramine (NH2Cl), dichloramine (NHCl2), and trichloramine (NCl3). These are formed when chlorine reacts with ammonia in the water. While free chlorine is more effective at killing bacteria and viruses, combined chlorine is less effective as a disinfectant but can provide longer-lasting residual protection against microbial regrowth. The presence of hypobromous acid and hypobromite ions can also interfere with the measurement of free residual chlorine, as they are included in the free residual chlorine value. It is generally not recommended to use sanitization agents containing combined chlorine, as free chlorine is more effective for disinfection purposes. Residual free chlorine can be reduced to harmless chlorides using activated carbon or chemical reducing agents.","Free available chlorine, also known as free residual chlorine, includes hypochlorous acid (HOCl) and hypochlorite ions (OCl-) in water. It is the portion of chlorine that is not yet reacted with other substances and is available to disinfect and oxidize contaminants. Combined chlorine, on the other hand, refers to chlorine that has reacted with nitrogen-containing compounds, such as ammonia, to form chloramines (monochloramine, dichloramine, and trichloramine). These reactions are influenced by pH and the nitrogen-to-chlorine weight ratio. While free chlorine is effective for immediate disinfection, combined chlorine is used for longer-lasting residual protection in the water distribution system. Both types of chlorine contribute to the total residual chlorine, which is the sum of free and combined chlorine.",0.8265411853790283,0.8774327039718628,0.8512269854545593
50.0,free residual chlorine (FRC) is the portion of free chlorine remaining in water after the demand is met; important for ensuring continuous disinfection,What is free residual chlorine (FRC) and why is it important?,"FRC is the remaining disinfectant after reacting with contaminants, and it ensures ongoing microbial control in the water system.","Free residual chlorine (FRC) is the portion of chlorine in water that remains uncombined and is available to exert a germicidal effect. It is important because it helps to prevent the fouling of water intake lines, heat exchangers, sand filters, and other components in an industrial water treatment scheme. Maintaining a free residual chlorine concentration of 0.51.0 mgl or higher, depending on the organic content of the incoming water, is crucial for ensuring the germicidal efficiency of the water treatment process. Free residual chlorine is directly related to the concentration of undissociated hypochlorous acid (HOCI), which is the active form of chlorine that kills bacteria and other pathogens. Additionally, residual free chlorine can be reduced to harmless chlorides using activated carbon or chemical reducing agents, ensuring the safety and quality of the treated water.","Free residual chlorine (FRC) refers to the concentration of chlorine that remains in water after the primary disinfection process has taken place. It is important because it continues to provide a disinfectant effect, preventing the growth of bacteria, viruses, and other microorganisms in the water supply. Maintaining an adequate level of FRC is crucial for ensuring the safety and quality of the water, as it helps to prevent fouling and contamination of water intake lines, heat exchangers, sand filters, and other components in an industrial water treatment scheme. The concentration of FRC needed can vary depending on the organic content of the incoming water, but it is generally maintained at a level of 0.51.0 mg/L or higher to effectively prevent fouling and ensure the water's germicidal efficiency. Residual free chlorine can be reduced to harmless chlorides using activated carbon or chemical reducing agents, ensuring that the water remains safe for consumption and use.","Free residual chlorine (FRC) is the portion of chlorine in water that remains unreacted and is available to exert a germicidal effect. It is important because it helps to prevent the growth of bacteria, viruses, and other microorganisms in water treatment systems. Maintaining an adequate level of FRC is crucial for ensuring the safety and quality of the treated water, as it contributes to the overall disinfection process. FRC is particularly effective against pathogens and is a key component in maintaining water hygiene and public health.","Free residual chlorine (FRC) refers to the concentration of chlorine that remains in water after the primary disinfection process and is not consumed by the reaction with contaminants. It is important because it continues to provide a disinfecting effect, protecting the water from microbial contamination as it travels through the distribution system to consumers. Maintaining an appropriate level of FRC is crucial for ensuring the safety and potability of the water supply. It helps in preventing the growth of bacteria, viruses, and other pathogens that could cause waterborne diseases. The concentration of FRC is influenced by factors such as pH, temperature, and the presence of organic matter, which can affect its germicidal efficiency. Regular monitoring and adjustment of FRC levels are necessary to maintain effective water treatment and public health protection.","Free residual chlorine (FRC) refers to the concentration of chlorine in water that remains after the chlorine demand has been met, meaning it is the amount of chlorine that is not consumed by reactions with organic compounds, metals, or other substances in the water. FRC is important because it provides a measure of the chlorine's germicidal efficiency, which is directly related to the concentration of undissociated hypochlorous acid (HOCI). HOCI is the more effective form of chlorine for killing bacteria and other pathogens in water treatment processes. Maintaining an adequate level of FRC is crucial for ensuring the disinfection quality of the water, preventing the growth of microorganisms, and protecting the integrity of water treatment equipment from fouling. However, it is also important to manage FRC levels to avoid potential damage to sensitive equipment, such as membranes, and to ensure that the water is safe for consumption. Dechlorination may be necessary to remove residual chlorine before the water is used for purposes where chlorine could be harmful, such as in membrane exposure or when the water is intended for drinking.","Free residual chlorine (FRC) refers to the concentration of chlorine that remains in water after the primary disinfection process and before any significant decay or reaction with organic matter or other substances. It is important because it continues to provide a disinfecting effect, helping to prevent the growth of bacteria, viruses, and other pathogens in the water distribution system. Maintaining an adequate level of FRC is crucial for ensuring the safety and potability of the water supply, as it helps to protect against contamination and waterborne diseases. In industrial water treatment schemes, FRC is monitored and controlled to prevent fouling of equipment and to maintain water quality. The presence of FRC also indicates that the water treatment process is effective and that the water remains safe for consumption or use in various applications.","Free residual chlorine (FRC) refers to the concentration of chlorine in water that remains uncombined and is available to exert its germicidal effects. It is important because it helps in preventing the growth of bacteria, algae, and other microorganisms in water treatment systems. Maintaining an appropriate level of FRC ensures the effectiveness of the water treatment process, helps in preventing fouling of equipment such as water intake lines and heat exchangers, and contributes to the overall safety and quality of the treated water. Free residual chlorine is directly related to the germicidal efficiency, meaning its concentration is crucial for the disinfection process. It can be reduced to harmless chlorides using activated carbon or chemical reducing agents, ensuring that the water is safe for consumption or use in industrial processes.","Free residual chlorine (FRC) refers to the concentration of chlorine that remains in water after the chlorine demand has been met, which includes the chlorine that has reacted with contaminants in the water. It is important because it acts as a disinfectant, helping to prevent the growth of bacteria, viruses, and other microorganisms in the water supply. Maintaining an appropriate level of FRC, typically between 0.51 and 1.0 mg/L, depending on the organic content of the incoming water, is crucial for ensuring the safety and quality of the treated water. It helps in preventing fouling of water intake lines, heat exchangers, and sand filters, thereby maintaining the efficiency of the industrial water treatment scheme. Additionally, the germicidal efficiency of FRC is directly related to the concentration of undissociated hypochlorous acid (HOCl), which is the more effective form of chlorine as a disinfectant. Residual FRC can be reduced to harmless chlorides using activated carbon or chemical reducing agents, ensuring that the water remains safe for consumption or use.","Free residual chlorine (FRC) is the portion of chlorine in water that remains unreacted and is available to exert its disinfecting action. It is important because it helps to prevent the growth of bacteria, viruses, and other microorganisms in the water supply, ensuring the water remains safe for consumption and use. Maintaining an adequate level of FRC is crucial in industrial water treatment schemes to prevent fouling of water intake lines, heat exchangers, and sand filters, among other equipment. The concentration of FRC needed can vary depending on the organic content of the incoming water, but a general guideline is to keep it at 0.51.0 mg/L or higher. FRC is a key component of the total residual chlorine (TRC), which also includes combined chlorine, and is essential for the germicidal efficiency of water treatment processes. Free residual chlorine can be reduced to harmless chlorides by activated carbon or chemical reducing agents, and its measurement can be affected by the pH of the water and the presence of organic compounds. Hypobromous acid and hypobromite ions can also interfere with FRC measurements. Overall, FRC is a critical parameter in ensuring the effectiveness of water treatment and the safety of the water supply.","Free residual chlorine (FRC) refers to the concentration of chlorine that remains in water after the primary disinfection process has taken place. It is important because it continues to provide a disinfectant effect, helping to prevent the growth and proliferation of microorganisms in the water distribution system. FRC is crucial for maintaining water quality and ensuring the safety of the water supply. It helps to prevent the fouling of water intake lines, heat exchangers, sand filters, and other components in an industrial water treatment scheme by maintaining a free residual chlorine concentration of 0.51.0 mgl or higher, depending on the organic content of the incoming water. The germicidal efficiency of FRC is directly related to the concentration of undissociated hypochlorous acid (HClO), which is more effective at killing microorganisms. FRC can be reduced to harmless chlorides by activated carbon or chemical reducing agents, ensuring that the water remains safe for consumption. Additionally, FRC measurements can be affected by the presence of hypobromous acid and hypobromite ions, which are included in the FRC value. Overall, maintaining an adequate level of FRC is essential for effective water treatment and public health protection.","Free residual chlorine (FRC) refers to the concentration of chlorine in water that remains uncombined and is available to exert its disinfectant effects. It is important because it plays a crucial role in maintaining the sanitary quality of water by effectively killing or inhibiting the growth of microorganisms, thus ensuring the water is safe for consumption. The presence of FRC is essential in an industrial water treatment scheme to prevent fouling of water intake lines, heat exchangers, sand filters, and other components. Maintaining an adequate level of FRC, typically around 0.5 mg/L, helps in achieving the desired germicidal efficiency and protecting the integrity of the water treatment system. Additionally, FRC is used in the dechlorination process to convert harmful chlorine into harmless chlorides, ensuring the treated water is safe for use.","Free residual chlorine (FRC) refers to the concentration of chlorine that remains in water after the primary disinfection process, which is typically used to eliminate harmful microorganisms. FRC is important because it continues to provide a disinfectant effect, ensuring that the water remains safe for consumption as it travels through the distribution system. Maintaining an appropriate level of FRC is crucial for preventing the regrowth of bacteria and other pathogens, thereby protecting public health. In industrial water treatment schemes, a free residual chlorine concentration of 0.5 mg/L or higher is recommended, depending on the organic content of the incoming water, to effectively prevent fouling of equipment and maintain water quality. Additionally, FRC can be reduced to harmless chlorides using activated carbon or chemical reducing agents, ensuring that the water is safe for use.",0.8163365125656128,0.8757055401802063,0.8449794054031372
51.0,combined residual chlorine (CRC) includes less reactive chloramines; offers longer-lasting but weaker disinfection compared to free chlorine,What is combined residual chlorine (CRC)?,"CRC represents chloramines in water, which disinfect more slowly than free chlorine but persist longer in distribution systems.","Combined residual chlorine (CRC) refers to the sum of free and combined available residual chlorine. It represents the total amount of chlorine that remains in the water after a disinfection process, which includes both the chlorine that is freely available to disinfect and the chlorine that has reacted with other substances in the water to form combined chlorine species. This total is an important measure of the chlorine's effectiveness in maintaining water quality and ensuring safety.","Combined residual chlorine (CRC) refers to the portion of chlorine in water that is not in the form of free residual chlorine (FRC) but is instead present as chloramines (NH2Cl), which are formed when free chlorine reacts with ammonia or organic nitrogen compounds in the water. CRC is a measure of the chlorine that remains in the water after the initial demand for disinfection has been met, and it continues to provide a disinfecting effect. It is part of the total residual chlorine (TRC), which includes both free residual chlorine and combined residual chlorine. CRC is important for maintaining water quality and preventing microbial growth in the distribution system.","Combined residual chlorine (CRC) refers to the sum of free and combined available residual chlorine. It represents the total amount of chlorine present in water after treatment, which includes both the chlorine that is free and the chlorine that has reacted with other substances to form combined chlorine species. This total is important for ensuring the effectiveness of water disinfection throughout the entire treatment process.","Combined residual chlorine (CRC) refers to the portion of residual chlorine in water that is not in the form of free chlorine but rather exists as combined chlorine species, such as chloramines (NH2Cl, NHCl2, and NCl3). These species are formed when chlorine reacts with nitrogen-containing compounds, typically ammonia, in the water. CRC is an important parameter in water treatment as it indicates the presence of disinfectants that are less effective at killing bacteria and viruses compared to free chlorine, but still provide a level of disinfection. Maintaining an appropriate level of CRC is crucial for ensuring the safety and quality of treated water.","Combined residual chlorine (CRC) refers to the sum of free and combined available residual chlorine in water. It is a measure of the chlorine that remains in the water after the demand for chlorine has been met, which includes both the chlorine that is free and not chemically bound, and the chlorine that is combined with other substances, such as ammonia, to form chloramines. This combined chlorine is used to maintain a residual level of chlorine in the water to prevent microbial growth and ensure water safety.","Combined residual chlorine (CRC) refers to the portion of residual chlorine in water that is present as chloramines, which are formed when chlorine reacts with ammonia or organic nitrogen compounds. This form of chlorine is used for longer-lasting disinfection in water treatment processes, as it provides a more stable residual compared to free chlorine. However, it is generally not recommended for potable water treatment due to potential health concerns and taste issues. CRC is part of the total residual chlorine, which also includes free chlorine.","Combined residual chlorine (CRC) refers to the sum of free and combined available residual chlorine. It represents the total amount of chlorine that remains in the water after the demand for chlorine has been met, and it includes both free chlorine (such as hypochlorous acid, HOCl) and combined chlorine forms (such as monochloramine, NH2Cl, dichloramine, NHCl2, and trichloramine, NCl3). These combined chlorine forms are created when chlorine reacts with nitrogen-containing compounds in the water, such as ammonia. CRC is an important parameter in water treatment as it indicates the presence of chlorine that is still available to disinfect the water, even after the chlorine demand has been satisfied.","Combined residual chlorine (CRC) refers to the portion of residual chlorine that exists in a water supply as a result of the reaction between free chlorine and natural organic matter, ammonia, or other substances present in the water. This form of chlorine is not available for immediate disinfection but can still contribute to the overall disinfecting power of the water treatment process. CRC is part of the total residual chlorine (TRC), which includes both free residual chlorine and combined residual chlorine.","Combined residual chlorine (CRC) refers to the sum of free and combined available residual chlorine. It is a measure of the total amount of chlorine that remains in the water after a disinfection process, which includes both the chlorine that is freely available to disinfect and the chlorine that has reacted with other substances to form combined chlorine species. This total is important for ensuring that the water remains disinfected as it travels through the distribution system.","Combined residual chlorine (CRC) refers to the portion of the total residual chlorine that is not in the form of free residual chlorine. It includes chlorine that has reacted with organic and inorganic matter in the water, forming chloramines and other chlorinated compounds. This chlorine is still effective in disinfecting the water but is not readily available to kill pathogens immediately. CRC is a critical component of the overall disinfection process in water treatment, ensuring that water remains safe for consumption even after the free chlorine has been depleted.","Combined residual chlorine (CRC) refers to the sum of free and combined available residual chlorine in water. It is a measure of the chlorine that remains in water after the demand for chlorine has been met, either by reacting with contaminants or by being consumed in the disinfection process. CRC is an important parameter in water treatment as it indicates the level of residual disinfectant that will continue to provide disinfection as the water moves through the distribution system. It is different from free residual chlorine, which is the chlorine that is not bound to any other substances and is available to react with contaminants. CRC is typically measured in milligrams per liter (mg/L) and is used to ensure that water remains safe for consumption by maintaining an adequate level of disinfection.","Combined residual chlorine (CRC) refers to the portion of residual chlorine in water that is present as chloramines or other chlorine-containing compounds formed when free chlorine reacts with nitrogenous substances in the water. Unlike free residual chlorine, which is available to disinfect immediately, CRC is less effective as a disinfectant but provides longer-lasting disinfection. CRC is often used in water treatment to maintain a residual level of chlorine to prevent microbial growth as the water travels through the distribution system, even without the addition of chemicals. However, the use of combined chlorine sanitization with agents containing combined chlorine is generally not recommended, as it can lead to the formation of potentially harmful disinfection by-products.",0.8389412760734558,0.8741163015365601,0.8561676740646362
52.0,total residual chlorine (TRC) is the sum of free and combined chlorine; key parameter for monitoring water disinfection status,What does total residual chlorine (TRC) indicate in RO pretreatment?,TRC measures the total disinfectant (free + combined) in water and helps ensure proper treatment before reaching sensitive membranes.,"Total residual chlorine (TRC) indicates the combined concentration of free and combined available chlorine in the water being treated during reverse osmosis (RO) pretreatment. It is a measure of the chlorine's germicidal efficiency and is important to maintain a certain level of free residual chlorine throughout the pretreatment line to ensure effective disinfection before the water reaches the RO membrane. Filmtec recommends removing residual free chlorine by pretreatment prior to membrane exposure, as oxidation is not covered under warranty.","Total residual chlorine (TRC) indicates the combined concentration of free and combined available chlorine in the water after pretreatment for reverse osmosis (RO) systems. It is a measure of the chlorine that remains in the water and can potentially affect the RO membranes. Maintaining an appropriate level of TRC is important to ensure the longevity and effectiveness of the RO system, as excessive chlorine can damage the membranes. Filmtec recommends removing residual free chlorine by pretreatment prior to membrane exposure to prevent such damage, especially since oxidation is not covered under warranty.","Total residual chlorine (TRC) indicates the combined concentration of free and combined available chlorine in the water being treated. In the context of reverse osmosis (RO) pretreatment, TRC is an important parameter because it reflects the overall chlorine content that could potentially affect the membrane and the pretreatment process. Maintaining an appropriate level of TRC is crucial for ensuring the effectiveness of the pretreatment chemicals, such as aluminum sulfate, ferric chloride, or cationic polyelectrolytes, which are used to coagulate and remove fine particles before the water reaches the RO membrane. A free residual chlorine concentration of 0.5-1.0 mg/L should be maintained throughout the pretreatment line to ensure the proper functioning of the system and to prevent damage to the membrane, which is not covered under warranty if oxidation occurs. The presence of total residual chlorine also affects the germicidal efficiency of free residual chlorine and the conversion of chlorine to nonavailable forms, which can impact the overall water quality and treatment process.","Total residual chlorine (TRC) indicates the combined concentration of free and combined available chlorine in the water after pretreatment in a reverse osmosis (RO) system. It is a measure of the chlorine that remains in the water and is available to disinfect or oxidize contaminants. Maintaining an appropriate level of TRC is important to ensure effective pretreatment and protect the RO membranes from damage, as excessive free residual chlorine can be harmful and is not covered under warranty. Filmtec recommends removing residual free chlorine by pretreatment prior to membrane exposure to prevent oxidation damage to the membranes. Pretreatment chemicals like aluminum sulfate, ferric chloride, or cationic polyelectrolytes are used to combine fine particles into larger ones, which can then be more easily removed by filtration, thus reducing the TRC before the water reaches the RO membranes. The presence of free residual chlorine can vary with pH, as indicated by the example where at pH 7.5, 40 mg/L total dissolved solids (TDS), only 50% of the chlorine is free, but at pH 6.5, 90% is free.","Total residual chlorine (TRC) indicates the combined concentration of free residual chlorine and combined available chlorine in the water being treated. In the context of reverse osmosis (RO) pretreatment, TRC is an important parameter to monitor because it reflects the overall chlorine content that could potentially affect the RO system. Maintaining an appropriate level of TRC is crucial for ensuring the effectiveness of the pretreatment process, which includes the removal of fine particles and colloids that can cause fouling and reduce the efficiency of the RO membranes. A free residual chlorine concentration of 0.5 mg/L should be maintained throughout the pretreatment line to ensure the proper functioning of the RO system. Additionally, pretreatment is recommended to remove residual free chlorine before the water reaches the RO membranes, as oxidation is not covered under warranty and can lead to membrane damage. Pretreatment chemicals such as aluminum sulfate, ferric chloride, or cationic polyelectrolytes are used to agglomerate fine particles, making them easier to remove by filtration. The dechlorination of RO feed water can be achieved using activated carbon or chemical reducing agents to convert free chlorine into harmless chlorides. Chlorine is commonly used in potable water treatment, with a residual chlorine concentration near 0.5 mg/L, and pretreatment is considered when total organic carbon (TOC) exceeds 3 mg/L.","Total residual chlorine (TRC) indicates the combined concentration of free and combined available chlorine in the water after pretreatment in a reverse osmosis (RO) system. It is a measure of the chlorine that remains in the water and is available to disinfect or oxidize contaminants. Maintaining an appropriate level of TRC is important for ensuring the effectiveness of the pretreatment process and the overall quality of the treated water. Filmtec recommends maintaining a free residual chlorine concentration of 0.5 mg/L through the whole pretreatment line to ensure proper disinfection before the water reaches the RO membrane. If the total chlorine demand (TCD) exceeds 3 mg/L, pretreatment should be considered to reduce the chlorine to harmless chlorides, which can be achieved using activated carbon or chemical reducing agents. This helps to prevent damage to the RO membrane and maintain the efficiency of the water treatment process.","Total residual chlorine (TRC) indicates the combined measure of free and combined available chlorine in the water after pretreatment for reverse osmosis (RO) processes. It is an important parameter to monitor because it reflects the overall chlorine content that could potentially affect the membrane and the efficiency of the RO system. Maintaining an appropriate level of TRC is crucial for ensuring the longevity and effectiveness of the RO membrane, as well as for preventing damage to the system that is not covered under warranty, such as oxidation. Filmtec recommends removing residual free chlorine by pretreatment prior to membrane exposure to avoid such damage.","Total residual chlorine (TRC) in RO pretreatment indicates the combined concentration of free chlorine and combined chlorine available in the water after pretreatment. This measurement is crucial because it reflects the total amount of chlorine that could potentially react with the membrane during the reverse osmosis process. Maintaining an appropriate TRC level is important to prevent damage to the membrane and ensure the efficiency of the RO system. Filmtec recommends removing residual free chlorine by pretreatment prior to membrane exposure to avoid oxidation, which is not covered under warranty and could harm the membrane.","Total residual chlorine (TRC) indicates the total amount of chlorine, both free and combined, present in the water after pretreatment in a reverse osmosis (RO) system. TRC is an important measure because it reflects the overall chlorine content that can affect the performance and longevity of the RO membranes. Maintaining an appropriate level of TRC is crucial to ensure the effective removal of pathogens and to prevent damage to the RO system. Filmtec recommends maintaining a free residual chlorine concentration of 0.5-1.0 mg/L throughout the pretreatment line to ensure the proper functioning of the RO system. Additionally, pretreatment chemicals like aluminum sulfate, ferric chloride, or cationic polyelectrolytes are used to combine fine particle size colloids, which can then be more easily removed by media or cartridge filtration. The presence of free residual chlorine, which is directly related to the germicidal efficiency, is also an important factor in the pretreatment process.","Total residual chlorine (TRC) indicates the combined measure of free chlorine and combined (or combined available) chlorine present in the water after pretreatment in a reverse osmosis (RO) system. It is an important parameter to monitor because it reflects the overall chlorine content that could potentially affect the RO membranes and the quality of the treated water. Maintaining an appropriate level of TRC is crucial for ensuring the longevity and efficiency of the RO system, as well as for preventing damage to the membranes that could lead to reduced performance or failure. Filmtec recommends removing residual free chlorine by pretreatment prior to membrane exposure to protect the RO system, as oxidation is not covered under warranty. Pretreatment chemicals like aluminum sulfate, ferric chloride, or cationic polyelectrolytes are used to remove fine particles and colloids, which can then be filtered out, thus reducing the TRC before the water reaches the RO membranes. The TRC is a critical factor in the pretreatment process to ensure the RO system operates effectively and produces high-quality water.","Total residual chlorine (TRC) indicates the combined concentration of free residual chlorine and combined available chlorine in the water being treated. In the context of reverse osmosis (RO) pretreatment, TRC is an important parameter to monitor because it reflects the overall chlorine content that could potentially affect the membrane and the pretreatment process. Maintaining an appropriate level of TRC is crucial for ensuring the effectiveness of the pretreatment and the longevity of the RO system. Filmtec recommends maintaining a free residual chlorine concentration of 0.5 mg/L through the whole pretreatment line to ensure the germicidal efficiency of free residual chlorine and to prevent damage to the RO membranes, which are not covered under warranty if exposed to oxidation. Pretreatment chemicals are used to combine fine particles into larger ones, which can then be more easily removed, and the use of activated carbon or chemical reducing agents can reduce residual free chlorine to harmless chlorides.","Total residual chlorine (TRC) indicates the combined amount of free and combined available chlorine present in the water after pretreatment. In the context of reverse osmosis (RO) pretreatment, maintaining an appropriate level of TRC is important to ensure the effectiveness of the pretreatment process and to protect the RO membranes from damage. A free residual chlorine concentration of 0.5 mg/L should be maintained throughout the pretreatment line to prevent oxidation, which is not covered under warranty. Pretreatment chemicals like aluminum sulfate, ferric chloride, or cationic polyelectrolytes are used to agglomerate fine particles, making them easier to remove by filtration. Additionally, residual free chlorine can be reduced to harmless chlorides using activated carbon or chemical reducing agents. TRC is a critical parameter to monitor to ensure the longevity and efficiency of the RO system.",0.8476275205612183,0.9030263423919678,0.8744503855705261
53.0,germicidal efficiency depends primarily on HOCl concentration; HOCl is more effective than OCl⁻ in inactivating pathogens,Why is HOCl considered more effective than OCl⁻ for disinfection?,"HOCl has higher germicidal activity due to its better ability to penetrate microbial cells, especially at lower pH.","Hypochlorous acid (HOCl) is considered more effective than the hypochlorite ion (OCl⁻) for disinfection because hypochlorous acid is 100 times more effective than the hypochlorite ion. This higher effectiveness is due to the stronger oxidizing properties of HOCl, which allows it to more efficiently neutralize and destroy pathogens. Additionally, the dissociation of HOCl into OCl⁻ is less favorable, meaning that a higher fraction of HOCl remains undissociated and available to perform disinfection at lower pH levels. This makes HOCl a more potent disinfectant compared to OCl⁻.","HOCl is considered more effective than OCl⁻ for disinfection because it has a greater dissociation rate. In the given context, it is mentioned that the dissociation of hypobromous acid (HOBr) to hypobromite ion (OBr⁻) is less than the dissociation of hypochlorous acid (HOC1) to hypochlorite ion (OCl⁻). This implies that HOCl remains in its active form longer, providing a more sustained and effective disinfection process compared to OCl⁻, which dissociates more readily and thus has a shorter effective lifespan in its active form.","Hypochlorous acid (HOCl) is considered more effective than the hypochlorite ion (OCl⁻) for disinfection because HOCl is 100 times more effective as a disinfectant. This increased effectiveness is due to its stronger oxidizing properties, which allow it to more readily penetrate and disrupt the cellular structures of microorganisms, leading to their inactivation or death. Additionally, the effectiveness of HOCl is influenced by the pH of the solution, with an acidic pH being preferred for better biocidal effects during chlorination.","HOCl, or hypochlorous acid, is considered more effective than OCl⁻, or hypobromite ion, for disinfection because HOCl is a stronger disinfectant. It is a neutral molecule that can easily penetrate the cell walls of microorganisms, allowing it to disrupt essential cellular processes and inactivate pathogens more efficiently. On the other hand, OCl⁻ is an anion that is less effective at penetrating cell walls and is less reactive, making it a weaker disinfectant compared to HOCl. Additionally, the dissociation of HOCl into OCl⁻ is reversible, which means that HOCl can be regenerated in the environment, maintaining its disinfectant properties. In contrast, once OCl⁻ is formed, it does not readily revert to HOCl, leading to a decrease in its disinfectant effectiveness. Therefore, the higher reactivity and ability to penetrate cell walls make HOCl a more potent disinfectant than OCl⁻.","Hypochlorous acid (HOCl) is considered more effective than the hypochlorite ion (OCl⁻) for disinfection because hypochlorous acid is 100 times more effective at inactivating microorganisms. This increased effectiveness is due to the stronger oxidizing properties of HOCl compared to OCl⁻, which allows it to more efficiently disrupt the cellular processes of pathogens, leading to their inactivation. Additionally, the effectiveness of HOCl is influenced by the pH of the solution, with an acidic pH being preferred for better biocidal effects during chlorination.","HOCl, or hypochlorous acid, is considered more effective than OCl⁻, or hypochlorite ion, for disinfection because HOCl is a stronger disinfectant. At lower pH levels, a greater proportion of chlorine exists as HOCl, which is more effective at penetrating and inactivating microorganisms. HOCl is a neutral molecule and can easily penetrate the cell walls of bacteria, viruses, and other pathogens, making it more efficient at disrupting their cellular processes and leading to their inactivation. In contrast, OCl⁻ is an anionic species and is less effective at penetrating microbial cells and inactivating them. Therefore, HOCl is preferred for disinfection purposes due to its higher efficacy.","Hypochlorous acid (HOCl) is considered more effective than the hypochlorite ion (OCl⁻) for disinfection because hypochlorous acid is 100 times more effective than the hypochlorite ion. This increased effectiveness is due to the stronger oxidizing properties of HOCl, which allows it to more efficiently disrupt the cellular structures and functions of microorganisms, leading to better disinfection results.","HOCl is considered more effective than OCl⁻ for disinfection because the dissociation of HOCl into hypobromous acid (HBrO) and a bromide ion is more complete compared to the dissociation of OCl⁻ into hypobromite ion (OBr⁻). This means that HOCl can release more hypobromous acid, which is a stronger disinfectant, into the solution. As a result, HOCl can maintain a higher concentration of active disinfecting species (HBrO) over a wider range of pH levels and temperatures, making it more effective in killing pathogens. Additionally, the fraction of HOCl increases with decreasing temperature, further enhancing its disinfecting ability in cooler environments.","Hypochlorous acid (HOCl) is considered more effective than the hypochlorite ion (OCl⁻) for disinfection because HOCl is 100 times more effective as a disinfectant. This increased effectiveness is due to the stronger oxidizing properties of HOCl compared to OCl⁻. In acidic conditions, which are preferred for better biocidal effects during chlorination, HOCl is the predominant species, and its higher reactivity allows it to more effectively disrupt the cellular structures and metabolic processes of microorganisms, leading to their inactivation or death.","HOCl, or hypochlorous acid, is considered more effective than OCl⁻, or hypobromite ion, for disinfection due to its stronger oxidizing properties. HOCl is a neutral molecule and is more lipophilic, meaning it can easily penetrate the cell walls of microorganisms and disrupt their vital processes. On the other hand, OCl⁻ is an anion and is less lipophilic, making it less effective at penetrating cell walls and disrupting microbial cells. Additionally, the dissociation of HOCl to OCl⁻ is less favorable, meaning that HOCl remains more stable and available for disinfection. Therefore, HOCl is a more potent disinfectant compared to OCl⁻.","Hypochlorous acid (HOCl) is considered more effective than the hypochlorite ion (OCl⁻) for disinfection because hypochlorous acid is 100 times more effective at inactivating microorganisms. This increased effectiveness is due to the stronger oxidizing properties of HOCl compared to OCl⁻, which allows it to more efficiently disrupt the cellular structures and metabolic processes of pathogens, leading to their inactivation. As a result, HOCl is a more potent disinfectant and is preferred in many disinfection applications.","HOCl, or hypochlorous acid, is considered more effective than OCl⁻, or hypochlorite ion, for disinfection because HOCl is a stronger disinfectant. At lower pH levels, a higher proportion of chlorine exists as HOCl, which is more effective at penetrating cell walls and inactivating microorganisms. HOCl is a neutral molecule, which allows it to easily penetrate the cell walls of bacteria and viruses, making it more effective at disrupting their cellular processes and leading to their inactivation. On the other hand, OCl⁻ is an anion and is less effective at penetrating cell walls, making it less effective as a disinfectant.",0.8172910213470459,0.9003980755805969,0.8568341135978699
54.0,"reaction of chlorine with organic matter can form disinfection by-products (DBPs), which are regulated due to health risks",Why is the formation of disinfection by-products (DBPs) a concern?,"DBPs can pose health risks such as carcinogenicity, so their formation from chlorine-organic reactions must be controlled and monitored.","The formation of disinfection by-products (DBPs) is a concern because they can be harmful to human health. When disinfectants like chlorine are used to treat water, they can react with natural organic matter in the water to form DBPs, some of which have been linked to an increased risk of cancer and other health issues. Additionally, DBPs can also damage the membranes used in water treatment processes, leading to increased maintenance costs and potential system failures. Therefore, managing the formation of DBPs is crucial for ensuring safe drinking water and the longevity of water treatment infrastructure.","The formation of disinfection by-products (DBPs) is a concern because their effectiveness as disinfectants at low concentrations is limited, and their presence can be influenced by factors such as the pH level of the water. Additionally, the presence of residual reducing agents in the feed water can necessitate a higher concentration of disinfectants like DBNPA, which can lead to increased formation of DBPs. These by-products can pose health risks, and managing their levels is crucial for ensuring safe drinking water.","The formation of disinfection by-products (DBPs) is a concern because they can have limited effectiveness as disinfectants at low concentrations and can also cause slow damage to membranes, which are in equilibrium with small amounts of free chlorine. Additionally, the presence of residual reducing agents in the feed water can necessitate a higher concentration of DBPs, which may lead to increased formation of these by-products. This is problematic as DBPs can pose health risks and compromise the quality and safety of the treated water.","The formation of disinfection by-products (DBPs) is a concern because they can be harmful to human health. When disinfectants like chlorine are used to treat water, they can react with natural organic matter in the water to form DBPs, some of which have been linked to health issues such as cancer and reproductive problems. Additionally, the presence of residual reducing agents in the feed water can increase the concentration of DBPs, making it more challenging to ensure safe drinking water. Therefore, managing the formation of DBPs is crucial to protect public health.","The formation of disinfection by-products (DBPs) is a concern because they can be harmful to human health. When disinfectants like chlorine react with natural organic matter in the water, they can form DBPs, some of which have been linked to health issues such as cancer and reproductive problems. Additionally, DBPs can also damage water treatment infrastructure, such as membranes, and reduce the effectiveness of disinfectants at low concentrations. Therefore, managing DBP formation is crucial for ensuring safe drinking water.","The formation of disinfection by-products (DBPs) is a concern because they can be harmful to human health. When disinfectants like chlorine are used to treat water, they can react with natural organic matter in the water to form DBPs, some of which have been linked to health issues such as cancer and reproductive problems. Additionally, the presence of residual reducing agents in the feed water can necessitate higher concentrations of disinfectants like DBNPA, which can lead to an increased formation of DBPs. Therefore, managing the levels of disinfectants and understanding the conditions that affect their effectiveness and the formation of DBPs is crucial for ensuring safe drinking water.","The formation of disinfection by-products (DBPs) is a concern because they can have limited effectiveness as disinfectants at low concentrations and can also slowly damage the membrane they are in equilibrium with. Additionally, the presence of residual reducing agents in the feed water can necessitate a higher concentration of DBPs, which may lead to increased formation of these by-products. This is problematic as DBPs can pose health risks and compromise the integrity of water treatment systems.","The formation of disinfection by-products (DBPs) is a concern because their effectiveness as disinfectants at low concentrations is limited, which means that higher concentrations of disinfectants like DBNPA (N-nitrosodimethylamine) may be required to achieve the desired level of water disinfection. This can lead to the need for higher doses of chemicals, which can be more costly and may also result in the formation of more DBPs. Additionally, DBPs can be harmful to human health, causing potential risks such as cancer and other diseases. Therefore, managing the formation of DBPs is crucial for ensuring safe drinking water while minimizing the use of disinfectants and the associated health risks.","The formation of disinfection by-products (DBPs) is a concern because these compounds can have limited effectiveness as disinfectants at low concentrations and can also cause slow damage to membranes due to their equilibrium with small amounts of free chlorine. Additionally, the presence of residual reducing agents in the feed water can necessitate higher concentrations of DBPs, which can lead to increased formation of these potentially harmful by-products.","The formation of disinfection by-products (DBPs) is a concern because they can be harmful to human health. When disinfectants like chlorine are used to treat water, they can react with natural organic matter in the water to form DBPs, some of which have been linked to health issues such as cancer and reproductive problems. Additionally, DBPs can affect the taste and odor of drinking water, making it less palatable. Therefore, managing the formation of DBPs is crucial to ensure the safety and quality of drinking water.","The formation of disinfection by-products (DBPs) is a concern because they can be harmful to human health. When disinfectants like chlorine are used to treat water, they can react with natural organic matter in the water to form DBPs, some of which are potentially carcinogenic. Additionally, DBPs can also damage the materials used in water treatment systems, such as the membranes in filtration processes, leading to reduced efficiency and increased maintenance costs. Therefore, managing the formation of DBPs is crucial to ensure the safety and effectiveness of water treatment.","The formation of disinfection by-products (DBPs) is a concern because they can be harmful to human health. When disinfectants like chlorine are used to treat water, they can react with natural organic matter in the water to form DBPs, some of which have been linked to health issues such as cancer and reproductive problems. Additionally, DBPs can affect the taste and odor of drinking water, making it less palatable. Therefore, managing the formation of DBPs is crucial to ensure the safety and quality of drinking water.",0.8508954048156738,0.8864113092422485,0.8682903051376343
55.0,"common disinfection by-products include trihalomethanes (THMs) and haloacetic acids (HAAs), formed when chlorine reacts with natural organics",What are common disinfection by-products (DBPs) and how are they formed?,DBPs like THMs and HAAs form when chlorine reacts with natural organic matter present in water during disinfection.,"Common disinfection by-products (DBPs) are chemical compounds that form when disinfectants used in water treatment, such as chlorine, react with natural organic matter, bromide, or other substances present in the water. One of the most well-known groups of DBPs is trihalomethanes (THMs), which are formed when chlorine reacts with organic matter. Another group is haloacetic acids (HAAs), which are formed when chlorine reacts with both organic and inorganic substances.

DBPs can also be formed when chlorine reacts with ammonia compounds present in the water, leading to the formation of chloramines. These reactions can occur during the disinfection process or after the water has been treated, especially if there is residual reducing agent in the feed water, such as sodium bisulfite, which can deactivate certain disinfectants like DBNPA (N,N-diethyl-p-phenylenediamine dihydrochloride). Monitoring the oxidation-reduction potential (ORP) can help in understanding the formation of these by-products and managing the disinfection process to minimize their formation.","Common disinfection by-products (DBPs) are formed when disinfectants used to treat water, such as chlorine, react with natural organic matter or other substances present in the water. One of the most well-known DBPs is trihalomethanes (THMs), which are formed when chlorine reacts with organic matter. Another group of DBPs includes haloacetic acids (HAAs), which are formed through similar reactions involving chlorine and organic compounds.

Chloramines, which are also mentioned in the context, are formed when chlorine reacts with ammonia compounds present in the water. These reactions can occur during the disinfection process or when chlorine is added to water containing ammonia. Chloramines are used as a disinfectant because they are more stable and persistent than chlorine, but they can also form DBPs when they react with organic matter.

In summary, common DBPs are formed through the reaction of chlorine or chloramines with natural organic matter or other substances in the water, leading to the formation of compounds such as trihalomethanes and haloacetic acids.","Common disinfection by-products (DBPs) are chemical compounds that form when disinfectants like chlorine react with natural organic matter, bromide, or iodide in the water. One of the most well-known DBPs is trihalomethanes (THMs), which are formed when chlorine reacts with organic matter. Other DBPs include haloacetic acids (HAAs), bromodichloromethane, dibromochloromethane, and bromoform. These by-products can form when chlorine or chloramines, which are used as disinfectants, react with substances present in the water, such as ammonia compounds, bromide, or iodide. The formation of DBPs is influenced by factors such as the concentration of disinfectants, the presence of organic matter, and the pH of the water. DBPs are of concern because some of them have been linked to health risks, including an increased risk of cancer and other adverse effects. Therefore, it is important to monitor and control the formation of DBPs in water treatment processes.","Common disinfection by-products (DBPs) are formed when disinfectants like chlorine react with natural organic matter (NOM) present in the water. One of the most well-known DBPs is trihalomethanes (THMs), which are formed when chlorine reacts with organic compounds to form chloroform, bromodichloromethane, dibromochloromethane, and bromoform. Another group of DBPs includes haloacetic acids (HAAs), which are formed through similar reactions involving chlorine and organic acids. These reactions can occur during the disinfection process, especially when there is a high concentration of organic matter in the water. The presence of ammonia compounds can also lead to the formation of chloramines, which are less effective as disinfectants at low concentrations but can react with organic matter to form additional DBPs. The formation of DBPs is a concern because some of them have been linked to health issues, and thus, water treatment processes aim to minimize their formation while still effectively disinfecting the water.","Common disinfection by-products (DBPs) are formed when disinfectants such as chlorine react with natural organic matter, bromide, or iodide in the water. One of the most well-known DBPs is trihalomethanes (THMs), which are formed when chlorine reacts with organic matter. Another group of DBPs includes haloacetic acids (HAAs), which are formed when chlorine reacts with both organic matter and bromide or iodide. These reactions can occur during the disinfection process, leading to the formation of DBPs that can be harmful to human health if present in high concentrations in drinking water. To minimize the formation of DBPs, water treatment processes often include steps such as pre-treatment to remove organic matter, careful control of chlorine dosing, and the use of alternative disinfectants like chloramines, which form DBPs at a slower rate. However, even chloramines can lead to the formation of DBPs, albeit at a lower rate compared to chlorine. Monitoring and managing the levels of DBPs in drinking water is crucial to ensure the safety and quality of the water supply.","Common disinfection by-products (DBPs) are formed when disinfectants such as chlorine react with natural organic matter (NOM) present in the water. One of the most well-known DBPs is trihalomethanes (THMs), which are formed when chlorine reacts with organic compounds to form chloroform, bromodichloromethane, dibromochloromethane, and bromoform. Another group of DBPs includes haloacetic acids (HAAs), which are formed when chlorine reacts with organic acids in the water.

Chloramines, which are formed from the reaction of chlorine with ammonia compounds present in the water, can also lead to the formation of other DBPs. Additionally, when chlorine reacts with bromide ions in the water, brominated DBPs such as bromodichloromethane and bromoform can be formed.

The formation of these DBPs is a concern because some of them have been linked to health risks, including an increased risk of cancer. Therefore, water treatment processes often include steps to minimize the formation of DBPs, such as using alternative disinfectants, optimizing chlorine dosing, and implementing advanced treatment technologies like activated carbon filtration.","Common disinfection by-products (DBPs) are chemical compounds that are formed when disinfectants used in water treatment, such as chlorine, react with natural organic matter or other substances present in the water. One of the most well-known groups of DBPs is trihalomethanes (THMs), which include chloroform, bromodichloromethane, dibromochloromethane, and bromoform.

DBPs are formed when chlorine or other disinfectants react with organic and inorganic matter in the water. For example, when chlorine is added to water, it can react with natural organic matter, such as humic and fulvic acids, to form THMs. Similarly, when chlorine reacts with ammonia compounds present in the water, chloramines are formed. Chloramines are also a type of DBP and can be formed by the reaction of chlorine with ammonia.

In addition to THMs and chloramines, other common DBPs include haloacetic acids (HAAs) and bromate. HAAs are formed when chlorine reacts with natural organic matter, while bromate is formed when chlorine reacts with bromide ions present in the water.

The formation of DBPs is influenced by several factors, including the concentration and type of disinfectant used, the presence of organic and inorganic matter in the water, and the pH and temperature of the water. Reducing agents, such as sodium bisulfite, can deactivate disinfectants like DBNPA (dichlorotetra","Common disinfection by-products (DBPs) are formed when disinfectants used in water treatment, such as chlorine, react with natural organic matter, bromide ions, or ammonia compounds present in the water. The most well-known DBPs include trihalomethanes (THMs) and haloacetic acids (HAAs), which are formed when chlorine reacts with organic matter to create compounds like chloroform, bromodichloromethane, dibromochloromethane, and bromoform. Additionally, when chlorine reacts with ammonia compounds, chloramines are formed, which can further react to produce other DBPs. These by-products can pose health risks, which is why their formation is carefully monitored and managed in water treatment processes.","Common disinfection by-products (DBPs) are formed when disinfectants such as chlorine react with natural organic matter or other substances present in the water. One of the most well-known DBPs is trihalomethanes (THMs), which are formed when chlorine reacts with organic matter to produce compounds like chloroform, bromodichloromethane, dibromochloromethane, and bromoform. Another group of DBPs includes haloacetic acids (HAAs), which are formed through similar reactions involving chlorine and organic acids.

DBPs can also be formed through the reaction of chlorine with ammonia compounds in the water, leading to the formation of chloramines. Chloramines are less effective as disinfectants at low concentrations but can still contribute to the formation of DBPs when they react with organic matter.

The formation of DBPs is a concern because some of these compounds have been linked to health risks, including an increased risk of cancer and other adverse effects. Therefore, water treatment processes often include steps to minimize the formation of DBPs, such as using alternative disinfectants, adjusting the pH and temperature of the water, and removing organic matter before disinfection.","Common disinfection by-products (DBPs) are formed when disinfectants such as chlorine react with natural organic matter in the water. One of the most well-known DBPs is trihalomethanes (THMs), which are formed when chlorine reacts with organic compounds to produce chloroform, bromodichloromethane, dibromochloromethane, and bromoform. Another group of DBPs includes haloacetic acids (HAAs), which are formed through similar reactions involving the substitution of hydrogen atoms in organic compounds with halogen atoms from chlorine. Additionally, chloramines, which are formed from the reaction of chlorine with ammonia compounds present in the water, can also lead to the formation of other DBPs such as N-nitrosodimethylamine (NDMA) and other nitrogen-containing DBPs. These by-products are a concern because some of them have been associated with adverse health effects, including an increased risk of cancer and other health issues.","Common disinfection by-products (DBPs) are formed when disinfectants such as chlorine react with natural organic matter, bromide, or iodide in the water. When chlorine is used as a disinfectant, it can react with these substances to form various DBPs, including trihalomethanes (THMs) and haloacetic acids (HAAs). These reactions typically occur when chlorine is added to water to kill pathogens, and the chlorine reacts with organic and inorganic matter present in the water. The specific types and concentrations of DBPs formed can vary depending on factors such as the presence of bromide or iodide, the temperature of the water, and the pH. Trihalomethanes (THMs) and haloacetic acids (HAAs) are among the most common and well-studied DBPs. THMs are formed when chlorine reacts with natural organic matter, while HAAs are formed when chlorine reacts with bromide or iodide. Both types of DBPs have been associated with potential health risks, such as an increased risk of cancer, and their formation is a concern for water treatment facilities.","Common disinfection by-products (DBPs) are formed when disinfectants such as chlorine react with natural organic matter or other compounds present in the water. One of the most well-known DBPs is trihalomethanes (THMs), which are formed when chlorine reacts with organic matter to create compounds like chloroform, bromodichloromethane, dibromochloromethane, and bromoform. Another group of DBPs includes haloacetic acids (HAAs), which are formed through similar reactions involving chlorine and organic acids.

The formation of DBPs is influenced by the presence of organic and inorganic substances in the water, the concentration of the disinfectant, and the contact time between the disinfectant and the water. For example, the presence of ammonia compounds can lead to the formation of chloramines, which are less effective as disinfectants at low concentrations but can react with chlorine to form DBPs. Additionally, the use of reducing agents like sodium bisulfite for chlorine removal can lead to the formation of different DBPs, as these agents can react with chlorine to form by-products such as chloramines and other compounds.

In summary, common DBPs such as THMs and HAAs are formed when chlorine or other disinfectants react with organic matter or other compounds in the water, and their formation can be influenced by various factors, including the presence of ammonia compounds and the use of reducing agents.",0.8198925256729126,0.9086514115333557,0.8619930744171143
56.0,"DBP formation influenced by chlorine dose, contact time, pH, temperature, and concentration of natural organic matter",What factors affect the formation of disinfection by-products (DBPs)?,"DBP formation is influenced by chlorine dose, reaction time, water pH and temperature, and the amount of organic matter in the feedwater.","The formation of disinfection by-products (DBPs) can be affected by several factors:

1. The presence of reducing agents in the feed water, such as sodium bisulfite, which can deactivate DBNPA (N-nitrosodimethylamine), necessitating a higher concentration of DBNPA to achieve effective disinfection.

2. The continuous addition of oxidation chemicals, like chlorine, which can increase the nutrient level in the water by breaking down organic substances into smaller biodegradable fragments.

3. The effectiveness of disinfectants at low concentrations, which is limited, and the potential for these compounds to slowly damage the membrane due to their equilibrium with small amounts of free chlorine.","The formation of disinfection by-products (DBPs) is influenced by several factors:

1. The presence of reducing agents in the feed water, such as sodium bisulfite, which can deactivate the disinfectant (e.g., DBNPA) and necessitate a higher concentration of the disinfectant to achieve the desired level of disinfection.

2. The continuous addition of oxidation chemicals, like chlorine, which can lead to the breakdown of organic substances in the water into smaller biodegradable fragments, potentially increasing the nutrient levels and contributing to the formation of DBPs.

3. The effectiveness of disinfectants at low concentrations, which is limited, meaning that higher concentrations may be required to achieve effective disinfection, potentially leading to increased DBP formation.","The formation of disinfection by-products (DBPs) is affected by several factors, including:

1. The concentration of the disinfectant used, such as chlorine, in the water.
2. The duration of exposure to the disinfectant, meaning how long the water is in contact with the disinfectant.
3. The pH level of the water, as this can influence the reaction between the disinfectant and organic substances in the water.
4. The presence of residual reducing agents in the feed water, such as sodium bisulfite, which can react with the disinfectant and affect its effectiveness.
5. The continuous addition of oxidation chemicals, which can lead to the breakdown of organic substances into smaller, more biodegradable fragments that can contribute to DBP formation.
6. The effectiveness of the disinfectant at low concentrations, which may be limited and can also lead to the slow degradation of the membrane material, potentially affecting the overall disinfection process.","The formation of disinfection by-products (DBPs) is influenced by several factors:

1. The presence of reducing agents in the feed water, such as sodium bisulfite, which can deactivate DBNPA (N-nitrosodimethylamine), necessitating a higher concentration of DBNPA to achieve effective disinfection.

2. The continuous addition of oxidation chemicals, like chlorine, which can increase the nutrient level in the water by breaking down organic substances into smaller biodegradable fragments that may contribute to DBP formation.

3. The concentration of the disinfectant, in this case, chlorine, as its effectiveness as a disinfectant is limited at low concentrations.

4. The time of exposure to the disinfectant, as both the concentration of chlorine and the duration of contact with the water can influence the extent of DBP formation.

5. The pH of the water, as the effectiveness of chlorine as a disinfectant is dependent on the pH level of the water.

6. The exposure of the feed water to the membrane, which could potentially affect the formation of DBPs, although the context provided does not explicitly link membrane exposure to DBP formation. However, it is generally understood that the interaction between disinfectants and the membrane material can influence the overall disinfection process and potentially the formation of DBPs.","The formation of disinfection by-products (DBPs) is affected by several factors:

1. The concentration of disinfectants such as chlorine in the water.
2. The time of exposure to the disinfectant.
3. The pH level of the water.
4. The presence of residual reducing agents in the feed water, such as sodium bisulfite, which can deactivate disinfectants like DBNPA (diethylenetriaminepentaacetic acid).
5. The presence of organic substances in the water, which can be broken down by oxidation chemicals, potentially increasing the nutrient level and contributing to DBP formation.
6. The effectiveness of the disinfectant at low concentrations, which can be limited.
7. The equilibrium with small amounts of free chlorine, which can slowly damage the membrane and affect DBP formation.
8. The characteristics of the feed water, which can influence the rate of chlorine attack and thus the formation of DBPs.
9. The severity of biological fouling, which can determine the amount of DBNPA used for disinfection, indirectly affecting DBP formation.","The formation of disinfection by-products (DBPs) is affected by several factors, including:

1. The concentration of disinfectants such as chlorine in the water.
2. The duration of exposure to the disinfectant.
3. The pH level of the water.
4. The presence of residual reducing agents in the feed water, which can deactivate disinfectants like DBNPA (N,N-diethyl-p-phenylenediamine).
5. The characteristics of the feed water, which can influence the rate of chlorine attack and the subsequent formation of DBPs.
6. The continuous addition of oxidation chemicals, which can increase the nutrient level and lead to the breakdown of organic substances into smaller biodegradable fragments that may contribute to DBP formation.
7. The effectiveness of the disinfectant at low concentrations, which is limited and can affect the overall disinfection process and DBP formation.","The formation of disinfection by-products (DBPs) is affected by several factors:

1. The presence of reducing agents in the feed water, such as sodium bisulfite, which can deactivate certain DBPs like DBNPA, necessitating a higher concentration of DBPs if residual reducing agents are present.

2. The continuous addition of oxidation chemicals, such as chlorine, which can increase nutrient levels as organic substances are broken down into smaller biodegradable fragments, potentially leading to more DBP formation.

3. The effectiveness of disinfectants at low concentrations, which is limited, and the potential for these compounds to slowly damage the membrane due to their equilibrium with small amounts of free chlorine, which can influence the overall disinfection process and DBP formation.","The formation of disinfection by-products (DBPs) is influenced by several factors:

1. The presence of reducing agents in the feed water, such as sodium bisulfite, which can deactivate the disinfectant (e.g., DBNPA) and necessitate a higher concentration of the disinfectant to achieve the desired level of disinfection.

2. The continuous addition of oxidation chemicals, like chlorine, which can lead to the breakdown of organic substances in the water into smaller, biodegradable fragments, potentially increasing the nutrient levels and contributing to the formation of DBPs.

3. The effectiveness of disinfectants at low concentrations, which may be limited, affecting the overall disinfection process and the potential for DBP formation. Effective disinfection at lower concentrations can help minimize the formation of DBPs, but if the disinfectant is not effective at these concentrations, it may lead to incomplete disinfection and the formation of DBPs.","The formation of disinfection by-products (DBPs) is affected by several factors, including:

1. The concentration of the disinfectant used, such as chlorine, because higher concentrations can lead to more DBP formation.

2. The time of exposure to the disinfectant, as prolonged contact can increase the likelihood of DBP formation.

3. The pH of the water, since the pH can influence the types and amounts of DBPs that are formed.

4. The presence of organic substances in the water, which can be broken down by the disinfectant into smaller biodegradable fragments that may contribute to DBP formation.

5. The use of reducing agents like sodium bisulfite, which can deactivate the disinfectant and necessitate a higher concentration of the disinfectant to achieve the desired level of disinfection, potentially leading to increased DBP formation.

6. The equilibrium with small amounts of free chlorine, which can slowly damage the membrane and affect the overall effectiveness of the disinfection process, potentially leading to higher DBP levels.

7. The presence of other chemical reducing agents, such as sulfur dioxide, which may not be as cost-effective as sodium bisulfite but can also influence the formation of DBPs.","The formation of disinfection by-products (DBPs) is affected by several factors, including:

1. The concentration of the disinfectant used, such as chlorine. Higher concentrations can lead to increased formation of DBPs.

2. The time of exposure of the water to the disinfectant. Longer contact times can result in more DBP formation.

3. The pH level of the water. The pH can influence the types and amounts of DBPs formed.

4. The presence of residual reducing agents in the feed water, such as sodium bisulfite, which can react with the disinfectant and affect DBP formation.

5. The continuous addition of oxidation chemicals, which can break down organic substances into smaller biodegradable fragments, potentially leading to increased nutrient levels and further DBP formation.

6. The effectiveness of the disinfectant at low concentrations, which is limited, meaning that even at lower doses, there is still a potential for DBP formation.

7. The exposure of the feed water to the membrane, which can also influence the formation of DBPs due to the interaction between the disinfectant and the membrane material.","The formation of disinfection by-products (DBPs) is affected by several factors:

1. The concentration of disinfectants such as chlorine in the water.
2. The duration of exposure to the disinfectant.
3. The pH level of the water.
4. The presence of residual reducing agents in the feed water, such as sodium bisulfite, which can deactivate certain disinfectants like DBNPA (Diethylenetriaminepentaacetic acid).
5. The presence of organic substances in the water, which can be broken down by oxidation chemicals into smaller biodegradable fragments, potentially increasing the nutrient level and contributing to DBP formation.
6. The effectiveness of the disinfectant at low concentrations, as their effectiveness can be limited and they can slowly damage the membrane, which may influence DBP formation.
7. The characteristics of the feed water, which can affect the rate of chlorine attack and thus the formation of DBPs.
8. The operational conditions of the filtration system, such as filter velocities, which can influence the effectiveness of the disinfection process and the formation of DBPs.","The formation of disinfection by-products (DBPs) is influenced by several factors:

1. The presence of reducing agents in the feed water, such as sodium bisulfite, which can deactivate disinfectants like DBNPA, necessitating a higher concentration of DBNPA to maintain effectiveness.

2. The continuous addition of oxidation chemicals, such as chlorine, can increase the nutrient level in the water as organic substances are broken down into smaller biodegradable fragments, potentially leading to the formation of DBPs.

3. The effectiveness of chlorine as a disinfectant is limited at low concentrations, which means that higher concentrations or longer exposure times may be required to achieve disinfection, potentially leading to increased DBP formation.

4. The chlorine concentration, the time of exposure to chlorine, and the pH of the water are critical factors that determine the effectiveness of chlorine as a disinfectant and, consequently, the formation of DBPs.

5. The exposure of feed water to the membrane can influence the formation of DBPs, as certain conditions may promote or inhibit the reaction between disinfectants and organic matter.

6. The rate of chlorine attack, which is dependent on various feed water characteristics, also affects the formation of DBPs. Factors such as temperature, water hardness, and the presence of other chemicals can influence this rate.

7. The severity of biological fouling in the water system can dictate the amount of DBNPA or other disinfectants used, which in turn can affect the potential for DBP formation.",0.8211679458618164,0.8865921497344971,0.8526268601417542
57.0,RO membranes sensitive to oxidation; even short exposure to free chlorine can degrade membrane polymer structure,Why must RO membranes be protected from oxidation?,"RO membranes are highly sensitive to oxidants like chlorine, which can quickly degrade their polymer structure and shorten lifespan.","RO membranes must be protected from oxidation because oxidation can damage the membrane's structure, reducing its effectiveness and lifespan. The presence of iron and heavy metals like cobalt (Co) and copper (Cu) can increase susceptibility to oxidation damage. Additionally, residual substances like SBr (sulfur bromide) can partially convert to oxidants under excessive oxygen, further compromising the membrane. Therefore, careful removal of ozone and protection from oxidation are necessary to maintain the integrity and performance of RO membranes.","RO membranes must be protected from oxidation because oxidation can damage the membrane's structure, making it more susceptible to further degradation. The presence of iron and heavy metals like cobalt (Co) and copper (Cu) can exacerbate this issue, as they can facilitate the conversion of residual substances such as sulfobenzamide (SBS) into oxidants under high oxygen conditions. This can lead to a decrease in the membrane's efficiency and lifespan, as well as potential failure of the filtration system. Therefore, protecting RO membranes from oxidation is crucial to maintain their performance and durability.","RO membranes must be protected from oxidation because oxidation can damage the membrane structure, reducing its effectiveness and lifespan. Oxidizing agents like chlorine dioxide, hydrogen peroxide, ozone, and permanganate can cause deterioration of the membrane material if not used properly. Additionally, the presence of heavy metals and iron can increase the susceptibility of the membrane to oxidation damage. Dechlorination upstream of the membranes is necessary to prevent such damage and protect the integrity of the RO membranes.","RO membranes must be protected from oxidation because oxidation can damage the membrane structure, making it more susceptible to failure. This can lead to reduced efficiency in filtration, increased maintenance costs, and shorter membrane lifespan. Oxidizing agents like chlorine dioxide, hydrogen peroxide, ozone, and permanganate can also damage the membranes if not used properly, further emphasizing the need for protection against oxidation.","RO membranes must be protected from oxidation because oxidation can damage the membranes, making them more susceptible to further oxidation damage. This can lead to reduced efficiency and lifespan of the membranes. Oxidizing agents such as chlorine dioxide, hydrogen peroxide, ozone, and permanganate can also damage the membranes if not used properly. Additionally, the presence of iron and heavy metals like cobalt and copper can increase the susceptibility of the membranes to oxidation damage. Dechlorination upstream of the membranes is required to protect them from oxidation. Exposure to air or oxidizing agents, such as chlorine, must be prevented to avoid enhancing nutrient availability for microorganisms, which can grow and cause biofouling. Posttreatment steps like air gas stripping are necessary to remove objectionable contaminants like H2S from the permeate. Overall, protecting RO membranes from oxidation is crucial to maintain their performance and longevity.","RO membranes must be protected from oxidation because oxidation can damage the membrane structure, leading to reduced efficiency and potentially causing the membrane to fail. Oxidizing agents, if not used properly, can cause significant harm to the membrane, and since the exposure to air or oxidizing agents like chlorine is to be prevented, chlorine is not recommended for sanitizing membrane systems. Additionally, posttreatment is necessary to remove objectionable contaminants like H2S that pass through the membranes, which further underscores the importance of protecting the membranes from oxidation to maintain their integrity and performance.","RO membranes must be protected from oxidation because oxidation can damage the membrane, making it more susceptible to further degradation. This is particularly true when the membrane is in the presence of heavy metals like cobalt (Co) and copper (Cu), which can partially convert to oxidants under excessive oxygen conditions. Oxidation can lead to the formation of residual substances such as sulfobenzimide (SBS), which can reach concentrations as high as 30 ppm. Protecting the membranes from oxidation helps to maintain their integrity and prolong their operational life.","RO membranes must be protected from oxidation because oxidation can damage the membrane structure, making it more susceptible to further degradation. This can lead to a decrease in the membrane's performance and longevity. Additionally, when membranes are fouled with heavy metals and exposed to excessive oxygen, residual substances like SBR can partially convert to oxidants, exacerbating the damage. Protecting RO membranes from oxidation helps maintain their integrity and efficiency in filtering and purifying water.","RO membranes must be protected from oxidation because oxidation can damage the membranes, reducing their effectiveness and lifespan. Oxidizing agents, such as chlorine dioxide, hydrogen peroxide, ozone, and permanganate, can cause oxidation damage if not used properly. Additionally, the presence of iron and heavy metals like cobalt and copper can make the membranes more susceptible to oxidation damage. Dechlorination is required upstream of the membranes to protect them from oxidation. An activated carbon bed is effective in dechlorinating RO feed water, which helps in preventing oxidation damage to the membranes. Therefore, careful management of oxidizing agents and dechlorination processes is essential to maintain the integrity and performance of RO membranes.","RO membranes must be protected from oxidation because oxidation can damage the membrane structure, making it more susceptible to failure. The presence of iron, heavy metals, and other oxidizing agents can accelerate this damage. Oxidation can lead to the formation of oxidants that can further degrade the membrane, reducing its efficiency and lifespan. Dechlorination upstream of the membranes is a measure taken to protect them from such oxidation damage. Using oxidizing agents like chlorine dioxide, hydrogen peroxide, ozone, and permanganate improperly can also harm the membranes, so they must be handled carefully to avoid unnecessary damage.","RO membranes must be protected from oxidation because oxidation can damage the membrane structure, leading to reduced efficiency and potentially causing failure of the membrane system. Oxidizing agents like chlorine dioxide, hydrogen peroxide, ozone, and permanganate can degrade the membrane material if not used properly. Additionally, the presence of iron can increase the susceptibility of the membrane to oxidation damage. To maintain the integrity and performance of the RO membranes, it is crucial to prevent exposure to oxidizing agents and to remove any residual oxidants that could convert to more harmful substances under certain conditions. This protection helps ensure the longevity and reliability of the RO membrane system.","RO (reverse osmosis) membranes must be protected from oxidation because exposure to oxidizing agents can damage the membranes, reducing their efficiency and lifespan. Oxidation can lead to the deterioration of the membrane material, causing it to become more susceptible to fouling and degradation. This can result in a decrease in water permeate quality and an increase in operational costs due to more frequent membrane replacement and maintenance. To ensure the longevity and effectiveness of RO systems, it is crucial to prevent the membranes from coming into contact with oxidizing agents such as chlorine, chlorine dioxide, hydrogen peroxide, ozone, and permanganate. Additionally, dechlorination upstream of the membranes is necessary to protect them from oxidation damage. Posttreatment steps are also required to remove any objectionable contaminants like H2S that typically pass through RO and NF (nanofiltration) membranes, further ensuring the quality of the permeate.",0.8587751388549805,0.916107177734375,0.886515200138092
58.0,dechlorination typically done using sodium bisulfite (SBS) to remove residual chlorine before membrane; proper dosage and mixing required,How is dechlorination performed before RO membranes?,"Dechlorination is commonly achieved with sodium bisulfite (SBS), which neutralizes residual chlorine before it reaches the membrane, protecting it from damage.","Dechlorination before RO membranes is typically performed using an activated carbon bed. This process involves passing the feed water through the carbon bed, which effectively removes free chlorine through a chemical reaction. The reaction involves chlorine (Cl2) reacting with water (H2O) to produce hydrochloric acid (HCl) and carbon dioxide (CO2), with the help of sodium metabisulfite (Na2S2O5) or sodium bisulfite (NaHSO3). This method is effective in protecting the RO membranes from oxidation damage caused by chlorine.","Dechlorination before RO membranes is performed using an activated carbon bed. This process involves the reaction of chlorine with water and other chemicals, such as sodium metabisulfite, to remove free chlorine and prevent oxidation of the membranes. The activated carbon effectively adsorbs the chlorine, thus protecting the RO membranes from damage.","Dechlorination before RO membranes is typically performed by exposing the feed water to an activated carbon bed. This process effectively removes free chlorine from the water, which is crucial to prevent oxidation of the RO membranes. The dechlorination reaction involves the reduction of chlorine, and compounds such as sodium metabisulfite (SMPB) or sodium metabisulfite (SMPB) are commonly used for this purpose. This step is essential to protect the integrity and performance of the RO membranes.","Dechlorination before RO membranes is typically performed using an activated carbon bed. This process involves passing the feedwater through the carbon bed, where chemicals such as sodium metabisulfite (SMBS) are commonly used to remove free chlorine and act as a biostatic agent. This helps to prevent oxidation of the RO membranes. Additionally, the effluent from this dechlorination process requires media filtration and pH adjustment before it is introduced to the RO elements.","Dechlorination before RO membranes is typically performed using an activated carbon bed. This process involves passing the feed water through the carbon bed, which effectively removes free chlorine through a chemical reaction. The reaction involves chlorine reacting with the carbon and other chemicals present in the bed, such as sodium metabisulfite, to form carbon dioxide, hydrochloric acid, and other byproducts, thus dechlorinating the water. This step is crucial to protect the RO membranes from oxidation damage.","Dechlorination before RO membranes is typically performed by passing the feedwater through an activated carbon bed. This process effectively removes free chlorine and other oxidizing agents that can damage the membranes. Additionally, sodium metabisulfite (SMPB) or sodium metabisulfite (SMP) can also be used as a biostatic agent to further ensure the dechlorination of the feedwater. This step is crucial to prevent oxidation of the RO membranes and to protect them from potential damage.","Dechlorination before RO membranes is typically performed by exposing the feed water to an activated carbon bed. This process effectively removes free chlorine from the water, which is essential to protect the membranes from oxidation damage. The reaction involved in this dechlorination process can be represented by the following chemical equation:

C2Cl2 + 2H2O → 4HCl + CO2 + Sodium metabisulfite (SNa2S2O5) + Smell Neutralizing Material (Smbs)

Activated carbon is a common choice for this purpose due to its ability to adsorb chlorine compounds, thereby preventing them from reaching and damaging the RO membranes.","Dechlorination before RO membranes is performed using an activated carbon bed. This process involves the reaction of chlorine with hydrogen, water, and other chemicals such as sodium metabisulfite or sodium metabisulfite monohydrate (SMPBS) to remove free chlorine and prevent oxidation of the membranes. The activated carbon effectively adsorbs the chlorine, thereby protecting the RO membranes from potential damage.","Dechlorination before RO membranes is typically performed by exposing the feed water to an activated carbon bed. This process effectively removes free chlorine through a chemical reaction involving chlorine, water, hydrochloric acid, carbon dioxide, sodium metabisulfite, and sodium metabisulfite. This step is crucial to prevent oxidation of the RO membranes, which can occur if chlorine is present in the water. Filmtec membranes, for example, have some tolerance to chlorine, but it is still necessary to dechlorinate the feed water to maintain the integrity and performance of the RO system.","Dechlorination before RO membranes is typically performed using an activated carbon bed. This process involves passing the feedwater through the carbon bed, where chemicals such as sodium metabisulfite (SMBS) are commonly used to remove free chlorine and act as a biostatic agent. This helps to prevent oxidation of the RO membranes. Additionally, the effluent from this dechlorination process requires media filtration and pH adjustment before it can be processed by the RO elements.","Dechlorination before RO membranes is typically performed using an activated carbon bed. This process involves passing the feed water through the carbon bed, which effectively removes free chlorine through a chemical reaction. The reaction involves chlorine gas (Cl2) reacting with water (H2O) to produce hydrochloric acid (HCl) and carbon dioxide (CO2), along with sodium metabisulfite (Na2S2O5), also known as sodium metabisulfite (Na2S2O5) or smbs. This method is commonly used to dechlorinate RO feed water to prevent oxidation damage to the RO membranes.","Dechlorination before RO membranes is performed by using an activated carbon bed. This process involves the reaction of chlorine with water and carbon to remove free chlorine, which is commonly achieved with sodium metabisulfite or sodium bisulfite (SNaMSMBs). This step is crucial to protect the RO membranes from oxidation damage. The dechlorinated water then requires media filtration and pH adjustment before it can be processed by the RO elements.",0.8450601696968079,0.9154342412948608,0.8788405656814575
59.0,monitoring oxidation-reduction potential (ORP) helps ensure chlorine has been removed prior to RO membrane system,Why is ORP monitoring used in RO systems?,"ORP monitoring confirms the absence of residual oxidants like chlorine, ensuring the feedwater is safe for contact with sensitive RO membranes.","ORP (oxidation-reduction potential) monitoring is used in RO (reverse osmosis) systems to ensure the absence of chlorine, which can adversely affect the performance of the RO or NF (nanofiltration) systems. Chlorine can cause damage to the membranes used in these systems, leading to reduced efficiency and potentially shorter lifespan. By monitoring ORP, operators can detect the presence of chlorine and take necessary actions to prevent its harmful effects on the system.","ORP (oxidation-reduction potential) monitoring is used in RO (reverse osmosis) systems to detect the absence of chlorine, which is an important factor in maintaining the performance of the system. Chlorine can adversely affect the RO system's efficiency, and ORP monitoring helps ensure that the water being treated does not contain harmful levels of chlorine, thereby protecting the system and ensuring optimal operation.","ORP (oxidation-reduction potential) monitoring is used in RO (reverse osmosis) systems to ensure the absence of chlorine, which can adversely affect the performance of the RO or NF (nanofiltration) systems. Chlorine can cause membrane fouling and degradation, leading to reduced efficiency and shorter membrane lifespan. By monitoring ORP, operators can detect the presence of chlorine and take necessary actions to maintain optimal system performance. Additionally, ORP monitoring can help in assessing the overall water quality and ensuring that the water being processed meets the required standards.","ORP (oxidation-reduction potential) monitoring is used in RO (reverse osmosis) systems to ensure the absence of chlorine, which can adversely affect the performance of the RO or NF (nanofiltration) systems. Chlorine can cause damage to the membranes used in these systems, leading to reduced efficiency and potential failure. By monitoring ORP, operators can detect the presence of chlorine and take necessary actions to mitigate its impact, thereby maintaining the integrity and performance of the RO system. Additionally, ORP monitoring can help in assessing the overall water quality and ensuring that the water being processed meets the required standards.","ORP (oxidation-reduction potential) monitoring is used in RO (reverse osmosis) systems to detect the absence of chlorine, which is important because the lack of chlorine can adversely affect the performance of the RO or NF (nanofiltration) systems. ORP monitoring helps ensure that the water being treated maintains the appropriate chemical balance, which is crucial for the efficient operation and longevity of the RO system. Additionally, ORP monitoring can be used to detect other contaminants and ensure the overall quality of the treated water.","ORP (oxidation-reduction potential) monitoring is used in RO (reverse osmosis) systems to detect the absence of chlorine, which is important for maintaining the integrity of the system. Chlorine can be detrimental to RO membranes and the overall performance of the system. By using an ORP electrode, operators can monitor the water's oxidation-reduction potential downstream of the system to ensure that chlorine levels are within safe limits, thereby preventing damage to the RO membranes and ensuring efficient operation of the system. Additionally, ORP monitoring can help in detecting other oxidizing or reducing agents in the water that could potentially affect the RO process.","ORP (oxidation-reduction potential) monitoring is used in RO (reverse osmosis) systems to ensure that there is no chlorine present in the water. Chlorine can adversely affect the performance of RO systems, potentially damaging the membranes and reducing their efficiency. By using an ORP electrode, operators can detect the absence of chlorine and maintain the proper functioning of the RO system. This helps in preserving the integrity of the RO membranes and ensuring the quality of the treated water.","ORP (oxidation-reduction potential) monitoring is used in RO (reverse osmosis) systems to detect the absence of chlorine, which is an important factor in maintaining the performance and longevity of the system. Chlorine can cause damage to the RO membranes and other components, leading to reduced efficiency and potential system failure. By monitoring ORP, operators can ensure that the water being processed does not contain harmful levels of chlorine, thereby protecting the RO system and ensuring optimal performance. Additionally, ORP monitoring can help in assessing the overall water quality and detecting any other potential contaminants that might affect the RO process.","ORP (oxidation-reduction potential) monitoring is used in RO (reverse osmosis) systems to ensure that the water quality is suitable for the system's performance. Specifically, it helps to detect the presence of low levels of hydrogen sulfide (H2S), which can be as low as 0.1 mg/L and can adversely affect the performance of RO or NF (nanofiltration) systems. ORP monitoring provides a way to detect the absence of chlorine, which is important because chlorine can be corrosive to RO membranes. Additionally, ORP can be used to monitor the effectiveness of iron removal from RO feed water, as indicated by the use of birm filtration. Although DBNPA (dichlorotetrafluoroethane) is nonoxidizing, it still gives an ORP response, which can be useful for monitoring purposes. Overall, ORP monitoring is a valuable tool for maintaining the integrity and efficiency of RO systems by ensuring that the water chemistry is within acceptable ranges.","ORP (oxidation-reduction potential) monitoring is used in RO (reverse osmosis) systems to ensure the absence of chlorine, which can adversely affect the performance of the RO or NF (nanofiltration) systems. Chlorine can cause damage to the membranes used in these systems, leading to reduced efficiency and shorter lifespan. By monitoring ORP, operators can detect the presence of chlorine and take appropriate measures to mitigate its impact, such as using alternative disinfection methods or adjusting the water treatment process. This helps maintain the optimal performance and longevity of the RO/NF systems.","ORP (oxidation-reduction potential) monitoring is used in RO (reverse osmosis) systems to detect the absence of chlorine, which is an important parameter for maintaining the performance and longevity of the RO membranes. Chlorine can be detrimental to RO systems if present, as it can lead to membrane degradation and reduced efficiency. By monitoring ORP, operators can ensure that the water being processed is free from chlorine, thus protecting the RO system and ensuring optimal performance. Additionally, ORP monitoring can help in detecting other oxidizing or reducing agents in the water that may affect the system.","ORP (oxidation-reduction potential) monitoring is used in RO (reverse osmosis) systems to detect the absence of chlorine, which is important for preventing biofouling and maintaining the integrity of the membrane. ORP electrodes can provide an indication of the water's oxidation state, which helps in managing the water quality and ensuring the proper functioning of the RO system. Additionally, ORP monitoring can help in detecting the presence of certain contaminants, such as iron, which can be effectively removed using birm filtration. Monitoring the ORP levels can also assist in ensuring that the water conditions are suitable for the RO process, thus preventing potential damage to the system and ensuring safe operation.",0.8474986553192139,0.893277645111084,0.8697862029075623
60.0,ORP values below 200 mV typically indicate absence of free chlorine; used as control parameter before RO membranes,What ORP value suggests the absence of free chlorine in RO feedwater?,An ORP below 200 mV generally indicates that free chlorine has been removed and the water is safe for RO membranes.,"The context provided does not include specific information about the Oxidation-Reduction Potential (ORP) value that suggests the absence of free chlorine in RO feedwater. ORP is a measure of the cleanliness of the water and its ability to break down contaminants. A higher ORP value indicates a higher level of oxidizing agents, such as free chlorine, while a lower ORP value indicates a lower level of oxidizing agents.

To determine the ORP value that suggests the absence of free chlorine, you would typically look for an ORP value that is significantly negative, as this would indicate a reducing environment where oxidizing agents like chlorine are not present. However, the exact ORP value can vary depending on the specific conditions and the equipment used to measure it.

For precise information, you would need to refer to the manufacturer's specifications for the ORP meter being used or consult with a water treatment professional who can provide guidance based on the specific system and water chemistry.","The provided context does not specify an exact ORP (Oxidation-Reduction Potential) value that suggests the absence of free chlorine in RO (Reverse Osmosis) feedwater. ORP is a measure of the ability of a solution to either release or accept electrons, and it is used to determine the level of disinfection or oxidation in water treatment processes. 

However, in general, an ORP value that is typically considered to indicate the absence of free chlorine is around +650 mV to +750 mV. This range suggests that the water has been sufficiently dechlorinated and that there are no free chlorine residuals present. It is important to note that the exact ORP value can vary depending on the specific water treatment system and the conditions of the water being treated. For precise measurements, it is recommended to consult the manufacturer's guidelines or conduct a water quality test.","The context provided does not specify an exact ORP (Oxidation-Reduction Potential) value that suggests the absence of free chlorine in RO feedwater. However, in general, an ORP value that is typically considered to indicate the absence of free chlorine is around +400 mV to +600 mV. This range is often used as a guideline, but it is important to note that the specific ORP value can vary depending on the system and conditions. For precise measurements, it is recommended to use a calibrated ORP meter and refer to the manufacturer's guidelines or conduct a test with a known chlorine-free sample.","The provided context does not specify an exact ORP (Oxidation-Reduction Potential) value that suggests the absence of free chlorine in RO feedwater. However, generally, an ORP value below 200 mV is indicative of the presence of reducing agents such as free chlorine, while an ORP value above 400 mV typically indicates the presence of oxidizing agents. For the absence of free chlorine, the ORP value should be above 400 mV. It is important to note that the exact ORP value can vary depending on the specific conditions and the presence of other substances in the water. For precise control, it is recommended to use a calibrated ORP meter and follow the manufacturer's guidelines for the specific application.","The provided context does not specify an exact ORP (Oxidation-Reduction Potential) value that suggests the absence of free chlorine in RO (Reverse Osmosis) feedwater. ORP is a measure of the ability of a solution to either release or accept electrons during a chemical reaction, and it can be used to monitor the presence of oxidizing or reducing agents in water. However, the context mentions that the exposure of water to oxidizing agents like chlorine should be prevented, implying that an ORP value indicating the absence of free chlorine would be one that is not indicative of oxidizing conditions. Typically, an ORP value below 200 mV suggests reducing conditions, which would be consistent with the absence of free chlorine. However, without a specific value provided in the context, this is an educated guess rather than a definitive answer. For an exact ORP value, one would need to refer to the manufacturer's guidelines or conduct a water analysis.","The context provided does not specify an exact ORP (Oxidation-Reduction Potential) value that suggests the absence of free chlorine in RO feedwater. However, it does mention that the exposure of water to oxidizing agents like chlorine through the whole RO process must be prevented, and that the concentration of DBNPA should be increased by 1 ppm of active ingredient for every ppm of residual reducing agent in the RO feed water. 

To determine the ORP value that suggests the absence of free chlorine, one would typically look for an ORP value that indicates a reducing environment, as free chlorine is a strong oxidizing agent. In general, an ORP value below 200 mV is considered reducing and suggests the absence of free chlorine. However, for a precise value, one would need to refer to specific guidelines or conduct a test, as the ORP value can vary depending on the specific conditions and the presence of other oxidizing or reducing substances in the water.",The absence of free chlorine in RO (Reverse Osmosis) feedwater is typically indicated by an ORP (Oxidation-Reduction Potential) value that is below 350 mV. An ORP value below this threshold suggests that there is no significant residual free chlorine present in the water.,"The context provided does not specify an exact ORP (Oxidation-Reduction Potential) value that suggests the absence of free chlorine in RO (Reverse Osmosis) feedwater. However, generally, an ORP value below 200 mV is indicative of the presence of free chlorine or other oxidizing agents. Conversely, an ORP value above 400 mV typically indicates the absence of free chlorine, as it suggests a reducing environment where chlorine has been depleted. For precise dechlorination, the ORP value should be monitored and adjusted to reach a level that ensures the absence of free chlorine, which is often targeted around 400 mV or higher. It is important to note that the exact ORP value may vary depending on the specific conditions and requirements of the water treatment process.","The provided context does not specify an ORP (Oxidation-Reduction Potential) value that suggests the absence of free chlorine in RO feedwater. ORP is a measure of the ability of a solution to either release or accept electrons, and it is commonly used to determine the level of disinfection in water treatment processes. However, the context mentions maintaining a free residual chlorine concentration of 0.51.0 mgl or higher to prevent fouling, and recommends removing residual free chlorine by pretreatment prior to membrane exposure. To determine the ORP value that suggests the absence of free chlorine, one would typically look for an ORP value that is negative, indicating a reducing environment where free chlorine is not present. However, without a specific ORP value provided in the context, we cannot give an exact number. It is important to consult a water treatment professional or refer to specific guidelines for the appropriate ORP value to ensure the absence of free chlorine in RO feedwater.","The provided context does not specify an exact ORP (Oxidation-Reduction Potential) value that suggests the absence of free chlorine in RO (Reverse Osmosis) feedwater. ORP is a measure of the ability of a solution to either release or accept electrons, and it can be used to determine the presence of oxidizing or reducing agents in water. While the context mentions the need to remove residual free chlorine before membrane exposure, it does not provide a specific ORP value that would indicate the absence of free chlorine. To determine the ORP value for the absence of free chlorine, one would typically refer to a water treatment manual or a standard chart that correlates ORP readings with chlorine concentrations. In general, an ORP value below 200 mV is often considered to indicate the absence of free chlorine in water. However, this value can vary depending on the specific conditions and the presence of other oxidizing or reducing agents. It is important to consult a reliable water treatment reference for the precise ORP value associated with the absence of free chlorine in a given context.","The provided context does not specify an exact ORP (Oxidation-Reduction Potential) value that suggests the absence of free chlorine in RO feedwater. However, it is generally understood that a higher ORP value indicates a higher oxidizing potential, which would mean the presence of oxidizing agents like chlorine. Conversely, a lower ORP value would suggest a lower oxidizing potential, which would be consistent with the absence of free chlorine. To determine the specific ORP value that indicates the absence of free chlorine, one would typically refer to water treatment guidelines or conduct empirical testing, as the ORP value can vary depending on the specific conditions and the presence of other oxidizable substances in the water.","The context provided does not explicitly state an ORP (Oxidation-Reduction Potential) value that suggests the absence of free chlorine in RO feedwater. However, generally, an ORP value above +600 mV indicates the absence of free chlorine, as it suggests a reducing environment where chlorine has been consumed or neutralized. This information is based on common knowledge of ORP values and their relation to chlorine presence, rather than the specific context provided.",0.8219255208969116,0.8664032220840454,0.8435785174369812
61.0,"chlorination chemistry involves formation of HOCl from chlorine gas, sodium hypochlorite or calcium hypochlorite in water",How is hypochlorous acid (HOCl) formed during chlorination?,"HOCl is formed when chlorine gas, sodium hypochlorite, or calcium hypochlorite dissolve in water and undergo hydrolysis.","Hypochlorous acid (HOCl) is formed during the chlorination process when chlorine (Cl2) is added to water. The chlorine reacts with water (H2O) to dissociate and form hypochlorous acid (HOCl) and hydrogen ions (H+). The chemical reaction can be represented as follows:

Cl2 + H2O → HOCl + H+","Hypochlorous acid (HOCl) is formed during the chlorination process when chlorine (Cl2) is added to water (H2O). The reaction between chlorine and water produces hypochlorous acid and hydrochloric acid (HCl). The chemical equation for this reaction is:

Cl2 + H2O → HOCl + HCl

In this process, chlorine reacts with water to dissociate and form hypochlorous acid (HOCl) and hydrochloric acid (HCl). Hypochlorous acid is the active disinfectant that is responsible for the chlorine's sanitizing properties.","Hypochlorous acid (HOCl) is formed during chlorination when chlorine (Cl2) is added to water. The chlorine reacts with water (H2O) to dissociate and form hypochlorous acid (HOCl) and hypochlorite ions (OCl-). This reaction is influenced by the pH level of the water, with an acidic pH being preferred for a better biocidal effect. The formation of HOCl is a key step in the disinfection process, as it is a strong oxidizing agent capable of inactivating bacteria, viruses, and other pathogens in the water supply.","Hypochlorous acid (HOCl) is formed during the chlorination process when chlorine (Cl2) is added to water (H2O). The chlorine reacts with the water to produce hypochlorous acid and hydrochloric acid (HCl). The chemical reaction can be represented as follows:

Cl2 + H2O → HOCl + HCl

This reaction occurs when chlorine gas is dissolved in water, leading to the formation of hypochlorous acid, which is a weak acid and a powerful disinfectant. Hypochlorous acid is more effective at lower pH levels, and its concentration can vary depending on the pH of the water. At a pH of 7.5, only 50% of the free residual chlorine is present as hypochlorous acid, while at a pH of 6.5, 90% of the free residual chlorine is in the form of hypochlorous acid. This is why maintaining an appropriate pH level is crucial for effective disinfection during chlorination.","Hypochlorous acid (HOCl) is formed during chlorination when chlorine (Cl2) is added to water. The chlorine reacts with water (H2O) to dissociate and form hypochlorous acid (HOCl) and hydrochloric acid (HCl). The reaction can be represented as follows:

Cl2 + H2O → HOCl + HCl

This reaction is favored in an acidic pH, which is why an acidic pH is preferred for better biocidal effects during chlorination. Hypochlorous acid is a strong disinfectant and is responsible for the antimicrobial properties of chlorine in water treatment processes.","Hypochlorous acid (HOCl) is formed during chlorination when chlorine (Cl2) is added to water (H2O). The chlorine reacts with the water to produce HOCl and hydrochloric acid (HCl). The chemical reaction can be represented as follows:

Cl2 + H2O → HOCl + HCl

This reaction occurs when chlorine gas is dissolved in water, leading to the formation of hypochlorous acid, which is a powerful disinfectant used to control microorganisms in water treatment processes.","Hypochlorous acid (HOCl) is formed during the chlorination process when chlorine (Cl2) is added to water. The chlorine reacts with water (H2O) to dissociate into hydrogen ions (H+) and hypochlorous acid (HOCl) ions. This reaction is a part of the overall process of disinfection in water treatment, where hypochlorous acid plays a key role in the oxidation of contaminants and pathogens. The formation of HOCl is influenced by the pH of the water, with the concentration of free residual chlorine being higher at lower pH levels.","Hypochlorous acid (HOCl) is formed during the chlorination process when chlorine (Cl2) reacts with water (H2O). The reaction can be represented by the following chemical equation:

Cl2 + H2O → HOCl + HCl

In this reaction, chlorine gas dissolves in water and undergoes a dissociation reaction to form hypochlorous acid (HOCl) and hydrochloric acid (HCl). This process is a key step in the disinfection and sanitization that occurs during water treatment and other applications of chlorine.","Hypochlorous acid (HOCl) is formed during chlorination when chlorine (Cl2) is added to water. The chlorine reacts with water (H2O) to produce HOCl and hypobromous acid (HOBr) if bromide ions are present. The reaction can be represented as follows:

Cl2 + H2O → HOCl + HOBr + HCl

In this process, hypochlorous acid is the primary disinfectant formed, which is effective in killing bacteria and other pathogens in the water. The formation of HOCl is favored by an acidic pH, which enhances its biocidal effect. Chlorine is typically added continuously at the intake of the water supply, and a reaction time of 30 minutes is usually allowed to ensure adequate formation of HOCl for effective disinfection.","Hypochlorous acid (HOCl) is formed during the chlorination process when chlorine (Cl2) is added to water. When chlorine is introduced into the water, it reacts with water (H2O) to dissociate and form hypochlorous acid (HOCl) and hypochlorite ions (OCl-). The reaction can be represented as follows:

Cl2 + H2O → HOCl + OCl-

In this reaction, chlorine molecules react with water to produce hypochlorous acid and hypochlorite ions. Hypochlorous acid is a weak acid and is the active disinfectant form of chlorine in water treatment processes. It is effective at killing bacteria, viruses, and other pathogens, making it an essential component of water purification and sanitation. The formation of hypochlorous acid is influenced by the pH of the water, with higher pH levels favoring the formation of hypochlorite ions.","Hypochlorous acid (HOCl) is formed during chlorination when chlorine (Cl2) is added to water. The chlorine reacts with water (H2O) to dissociate and form hypochlorous acid (HOCl) and hydrogen ions (H+). The chemical reaction can be represented as follows:

Cl2 + H2O → HOCl + H+","Hypochlorous acid (HOCl) is formed during the chlorination process when chlorine (Cl2) is added to water (H2O). The chlorine reacts with the water to produce hypochlorous acid and hydrochloric acid (HCl) according to the following chemical equation:

Cl2 + H2O → HOCl + HCl

This reaction occurs when chlorine gas is dissolved in water, leading to the formation of hypochlorous acid, which is a more effective disinfectant than chlorine gas itself. Hypochlorous acid is responsible for the disinfection properties of chlorinated water, as it can inactivate most pathogenic microorganisms quickly.",0.8313072323799133,0.8686765432357788,0.8495811223983765
62.0,"HOCl dissociates into hydrogen ion and hypochlorite ion; equilibrium depends on pH, affecting disinfectant strength",Why does pH affect chlorination efficiency?,"At higher pH, more HOCl dissociates into OCl⁻, which is less effective as a disinfectant; thus, lower pH improves disinfection efficacy.","The pH affects chlorination efficiency because the form and reactivity of chlorine in water change with pH levels. At a pH of 7.5, only 50% of the chlorine is present as hypochlorous acid (HOCl), which is the more effective disinfectant form. However, at a pH of 6.5, 90% of the chlorine is present as HOCl. Hypochlorous acid is more effective at killing bacteria and other pathogens than hypochlorite ion (OCl-), which predominates at higher pH levels. Additionally, the reactions between chlorine and ammonia nitrogen, which lead to the formation of combined available chlorine (e.g., monochloramine, dichloramine, trichloramine), are also pH-dependent. These reactions are part of a series of stepwise reactions that ultimately determine the type and amount of chlorine species present in the water, influencing the overall disinfection efficiency. Therefore, maintaining an optimal pH is crucial for maximizing the effectiveness of chlorination in water treatment processes.","pH affects chlorination efficiency because it influences the chemical reactions between chlorine and ammonia in the water. At different pH levels, chlorine exists in various forms, such as hypochlorous acid (HOCl) and hypochlorite ion (OCl-). Hypochlorous acid is a stronger disinfectant compared to hypochlorite ion. At lower pH levels, more hypochlorous acid is present, which enhances the disinfection process. Conversely, at higher pH levels, there is a higher concentration of hypochlorite ion, which is less effective as a disinfectant. Additionally, pH can affect the formation and stability of chloramines, which are also used for disinfection. Therefore, maintaining an optimal pH range is crucial for maximizing the effectiveness of chlorination in water treatment.","pH affects chlorination efficiency because the form and reactivity of chlorine in water change with pH levels. At different pH values, chlorine exists in various forms, such as hypochlorous acid (HOCl), hypochlorite ion (OCl-), and combined available chlorine (HOC1, NH2Cl, NHCl2, NCl3). Hypochlorous acid (HOCl) is the most effective disinfectant form of chlorine, as it has a stronger oxidizing ability compared to hypochlorite ion (OCl-). At a lower pH (acidic conditions), more hypochlorous acid is present, which enhances the disinfection process. Conversely, at a higher pH (alkaline conditions), more hypochlorite ion is present, which is less effective as a disinfectant. Additionally, pH influences the rate of chlorine demand reactions, where chlorine reacts with ammonia nitrogen in the water, forming combined available chlorine. Therefore, maintaining an optimal pH is crucial for maximizing chlorination efficiency and ensuring effective disinfection.","pH affects chlorination efficiency because the rate at which chlorine reacts with contaminants in water is influenced by the pH level. Under alkaline (high pH) conditions, chlorine reacts more quickly with organic matter and other substances in the water, leading to more effective disinfection. Conversely, at neutral or acidic (low pH) conditions, the reaction rate is slower, which can result in less efficient disinfection. Therefore, maintaining an optimal pH level is crucial for maximizing the effectiveness of chlorination in water treatment processes.","The pH affects chlorination efficiency because the form and reactivity of chlorine in water change with pH levels. At different pH levels, chlorine exists in various forms, such as hypochlorous acid (HOCI), hypochlorite ion (OCl-), and combined chlorine species like monochloramine (NH2Cl), dichloramine (NHCl2), and trichloramine (NCl3). Hypochlorous acid is the most effective disinfectant form of chlorine, and its concentration is higher in acidic conditions (lower pH). In alkaline conditions (higher pH), the concentration of hypochlorous acid decreases, and the concentration of hypochlorite ion increases, which is less effective as a disinfectant. Therefore, the efficiency of chlorination is higher at acidic pH levels because more of the chlorine is in the form of hypochlorous acid, which is more effective at killing bacteria and other pathogens. Additionally, the presence of ammonia and other nitrogenous compounds can lead to the formation of combined chlorine species, which are less effective as disinfectants. The pH also influences the rate of chlorine demand, where chlorine reacts with ammonia nitrogen in the water, forming combined chlorine species. This reaction is more pronounced at certain pH levels, affecting the overall chlorine availability for disinfection.","pH affects chlorination efficiency because the rate at which chlorine reacts with contaminants in water varies with the acidity or alkalinity of the water. Under alkaline (high pH) conditions, chlorine reacts more quickly with organic matter and other substances, which can lead to faster depletion of chlorine and potentially less effective disinfection. Conversely, under acidic (low pH) conditions, chlorine remains more stable and available for longer periods, enhancing its biocidal effect. Therefore, maintaining an acidic pH is generally preferred for optimal chlorination efficiency. Additionally, the presence of reducing agents, which are more active under alkaline conditions, can further reduce the effectiveness of chlorine by reacting with it and deactivating it. This makes it crucial to monitor and adjust pH levels to ensure effective chlorination and prevent biofouling.","The pH affects chlorination efficiency because the presence and form of chlorine species change with pH levels. At a higher pH (7.5), only a small amount of free residual chlorine is present as hypochlorous acid (HOCl), while at a lower pH (6.5), a larger amount of free residual chlorine is present as HOCl. Hypochlorous acid (HOCl) is a more effective disinfectant compared to hypochlorite ion (OCl-), which is more prevalent at higher pH levels. Therefore, the disinfecting power of chlorine is greater at lower pH levels, making the chlorination process more efficient. Additionally, the chlorine demand, which is the amount of chlorine that reacts with ammonia nitrogen to form combined available chlorine, is influenced by the pH. This series of reactions, which produce various chlorine species, is governed primarily by the pH and the chlorinated nitrogen weight ratio. Consequently, adjusting the pH can optimize the chlorine dosage and contact time to achieve effective disinfection and prevent biofouling.","pH affects chlorination efficiency because the reactions between chlorine and ammonia, as well as the formation of various chloramines, are pH-dependent. At lower pH levels, chlorine is more likely to exist in its hypochlorous acid (HOCl) form, which is a stronger disinfectant and more effective at killing microorganisms. As the pH increases, the proportion of hypochlorite ion (OCl-) increases, which is a less effective disinfectant. Additionally, the formation of different chloramines (monochloramine, dichloramine, and trichloramine) is also influenced by pH, with optimal disinfection occurring at a pH range of 6.5 to 7.5. Outside of this range, the efficiency of chlorination can be reduced, impacting its ability to prevent biofouling and effectively disinfect the water.","The pH affects chlorination efficiency because the chemical reactions that chlorine undergoes to form different types of available chlorine (such as HOCl, NH2Cl, NHCl2, and ClO2) are pH-dependent. At a pH of 7.5, only 50% of the free residual chlorine is present as HOCl, while at a pH of 6.5, 90% is present as HOCl. HOCl is a stronger disinfectant compared to the other forms of combined chlorine. Additionally, the presence of ammonia nitrogen in the water can react with chlorine to form combined chlorine, and this reaction is also influenced by the pH level. Therefore, the efficiency of chlorination, in terms of the proportion of available chlorine and the effectiveness of disinfection, varies with pH. Higher pH levels favor the formation of more effective disinfectants like HOCl, while lower pH levels can lead to the formation of less effective combined chlorine forms. This pH-dependent behavior of chlorine reactions is crucial for optimizing chlorination to ensure effective disinfection and prevent biofouling.","pH affects chlorination efficiency because the rate at which chlorine reacts with contaminants in water is influenced by the pH level. Under alkaline (high pH) conditions, chlorine reacts more rapidly with organic matter and other substances in the water, leading to more effective disinfection. Conversely, at neutral or acidic pH levels, the reaction rate is slower, which can result in less effective chlorination and potentially inadequate disinfection. Therefore, maintaining an optimal pH level is crucial for maximizing the efficiency of chlorination in water treatment processes.","The pH affects chlorination efficiency because the form and reactivity of chlorine in water change with pH levels. At different pH levels, chlorine exists in various forms, such as hypochlorous acid (HOCI), hypochlorite ion (OCl-), and combined chlorine species (monochloramine, dichloramine, and trichloramine). Hypochlorous acid is the most effective disinfectant form of chlorine, as it is more reactive and has a stronger germicidal effect. Under alkaline conditions, the concentration of hypochlorous acid decreases, and the concentration of hypochlorite ion increases, which is less effective at killing microorganisms. Therefore, maintaining an acidic pH is preferred for better biocidal effects during chlorination. Additionally, the presence of certain metals and organic matter can catalyze chlorine reactions, further influencing its efficiency.","pH affects chlorination efficiency because the rate at which chlorine reacts with contaminants in water is influenced by the acidity or alkalinity of the water. Under alkaline conditions, chlorine reacts more quickly with organic matter and other substances, leading to faster disinfection. However, in acidic conditions, the biocidal effect of free residual chlorine is enhanced, making it more effective at killing microorganisms. The optimal pH for chlorination is typically slightly acidic, as it balances the need for rapid reaction with contaminants and strong biocidal activity. Additionally, the presence of reducing agents in the water can further impact the effectiveness of chlorination, as they can deactivate chlorine compounds, necessitating higher concentrations to achieve the desired disinfection levels. Therefore, maintaining an appropriate pH is crucial for maximizing the efficiency of chlorination in water treatment processes.",0.8263369798660278,0.8910344839096069,0.8574670553207397
63.0,free available chlorine includes both HOCl and OCl⁻; only HOCl has strong germicidal properties,What species make up free available chlorine and which is more effective?,"Free chlorine includes HOCl and OCl⁻, but HOCl is significantly more effective in killing microorganisms.","Free available chlorine is made up of hypochlorous acid (HOCI) and the hypochlorite ion (OCL-). At a pH of 7.5, 40 milligrams per liter (mgl) of total chlorine demand (TDS) results in only 50% of the free residual chlorine being present as hypochlorous acid (HOCI), while at a pH of 6.5, 90% of the free residual chlorine is present as HOCI. Hypochlorous acid (HOCI) is more effective as a disinfectant compared to the hypochlorite ion (OCL-).","Free available chlorine, also known as free residual chlorine (FRC), is made up of several species, including hypochlorous acid (HOC1), hypochlorite ion (OCL-), chloramines (such as monochloramine, dichloramine, and trichloramine), and combined chlorine (which includes both free chlorine and chloramines). Among these species, hypochlorous acid (HOC1) is the most effective as a disinfectant. It is more potent than the hypochlorite ion (OCL-) and chloramines, making it the primary active species in free available chlorine.","Free available chlorine is composed of hypochlorous acid (HOCI) and hypochlorite ions (OCl-). Hypochlorous acid is more effective as a disinfectant. Hypochlorous acid is a stronger oxidizing agent and is more effective at killing bacteria and other pathogens compared to hypochlorite ions. Hypochlorous acid is also more soluble in water, which allows it to penetrate microbial cell walls more easily and exert its disinfectant action. Hypochlorite ions, on the other hand, are less effective as a disinfectant and are more likely to be converted to hypochlorous acid in water. Therefore, hypochlorous acid is the more effective species in free available chlorine.","Free available chlorine, also known as free residual chlorine (FRC), is made up of several species, including hypochlorous acid (HOC1), hypochlorite ions (OCL-), chloramines (such as monochloramine, NH2Cl, dichloramine, NHCl2, and trichloramine, NCl3), and combined chlorine (which includes both free chlorine and chloramines). Among these species, hypochlorous acid (HOC1) is the most effective disinfectant form of chlorine. It is more effective than hypochlorite ions and chloramines because it has a stronger oxidizing ability, which allows it to inactivate microorganisms more efficiently. However, the effectiveness of these chlorine species can be influenced by factors such as pH, temperature, and the presence of other substances that can interfere with chlorine's disinfecting action.","Free available chlorine is composed of hypochlorous acid (HOCI) and hypochlorite ions (OCl-). At a pH of 7.5, hypochlorous acid is the more effective species, as it accounts for 90% of the free residual chlorine, while hypochlorite ions make up the remaining 10%. Hypochlorous acid is a stronger disinfectant and more effective at killing bacteria and other pathogens compared to hypochlorite ions.","Free available chlorine, also known as free residual chlorine, is made up of several species, including hypochlorous acid (HOC1), hypochlorite ions (OCl-), chloramines, and potentially other chlorine species. Among these, hypochlorous acid (HOC1) is the most effective species at disinfecting and inactivating pathogens. This is because HOC1 is a stronger oxidizing agent compared to hypochlorite ions and chloramines, making it more effective in killing bacteria, viruses, and other microorganisms. The effectiveness of chlorine as a disinfectant is influenced by factors such as chlorine concentration, contact time, and the pH of the water. At a pH of around 7.5, a higher proportion of chlorine exists as hypochlorous acid, which is more effective than hypochlorite ions. However, as the pH decreases, the proportion of hypochlorite ions increases, which are less effective as disinfectants compared to hypochlorous acid. Chloramines, formed by the reaction of chlorine with ammonia, are also less effective as disinfectants compared to hypochlorous acid. Over time, exposure to free chlorine can lead to the formation of chloramines and other by-products, which may reduce the overall effectiveness of chlorine as a disinfectant. To maintain the effectiveness of chlorine, it is important to monitor and adjust the chlorine concentration, contact time, and pH of the water. Additionally, activated carbon","Free available chlorine is made up of hypochlorous acid (HOCI) and hypochlorite ion (OCL-). At a pH of 7.5, 40 milligrams per liter (mgl) of total dissolved solids (TDS) results in only 50 mgl of free residual chlorine as HOCI, but at a pH of 6.5, 90 mgl of free residual chlorine is present as HOCI. Therefore, hypochlorous acid (HOCI) is more effective as free available chlorine.","Free available chlorine, also known as free residual chlorine (FRC), is made up of several species, including hypochlorous acid (HOCl) and the hypochlorite ion (OCl-). At a pH of 7.5, 40 milligrams per liter (mg/L) of total chlorine demand (TDS) results in only 50% of the free residual chlorine being present as hypochlorous acid (HOCl), which is the more effective species. At a lower pH of 6.5, 90% of the free residual chlorine is present as HOCl, making it more effective compared to the hypochlorite ion (OCl-).","Free available chlorine is composed of hypochlorous acid (HOCl) and hypochlorite ions (OCl^-). Hypochlorous acid is more effective as a disinfectant. The effectiveness of hypochlorous acid over hypochlorite ions is due to its stronger oxidizing properties, which make it more efficient at killing bacteria and other pathogens. Hypochlorous acid is the dominant species at lower pH levels, and its concentration decreases as the pH rises, leading to the formation of hypochlorite ions. Therefore, maintaining a lower pH is beneficial for maximizing the disinfecting power of free available chlorine.","Free available chlorine, also known as free residual chlorine, is composed of several species, including hypochlorous acid (HOCI) and hypochlorite ions (OCL-). At a pH of 7.5, 40 mg/L of total chlorine demand (TDS) results in only 50% of the free residual chlorine being present as hypochlorous acid (HOCI), while at a pH of 6.5, 90% of the free residual chlorine is present as HOCI. Hypochlorous acid (HOCI) is more effective as a disinfectant compared to hypochlorite ions (OCL-). Hypochlorous acid is a stronger oxidizing agent and is more effective at killing bacteria and other pathogens. Therefore, the more effective species in free available chlorine is hypochlorous acid (HOCI).","Free available chlorine is composed of hypochlorous acid (HOCI) and hypochlorite ions (OCl-). At a pH of 7.5, hypochlorous acid is the more effective species, as it accounts for 90% of the free residual chlorine, while hypochlorite ions make up the remaining 10%. Hypochlorous acid is a stronger disinfectant and more effective at killing microorganisms compared to hypochlorite ions.","Free available chlorine, also known as free residual chlorine, is made up of several species, including hypochlorous acid (HOC1), hypochlorite ions (OCl-), chloramines, and potentially other chlorine-containing compounds. Among these, hypochlorous acid (HOC1) is the most effective disinfectant. It is a stronger oxidizing agent compared to hypochlorite ions and is more effective at neutralizing pathogens in water. The effectiveness of chlorine, including free available chlorine, is influenced by factors such as chlorine concentration, contact time, pH of the water, and the presence of other substances that may interfere with its activity. Chloramines, which are formed by adding ammonia to chlorine, can also be present and may affect the overall effectiveness of free available chlorine. Over time, exposure to chlorine can lead to degradation, reducing its effectiveness. Filmtec membrane, for example, can withstand short-term exposure to free chlorine hypochlorite but has limited resistance. Free residual chlorine can be reduced to harmless chlorides by activated carbon or chemical reducing agents. The presence of hypobromous acid and hypobromite ions can interfere with free residual chlorine measurements and are included in the free residual chlorine value.",0.7996572256088257,0.8726139664649963,0.8345441222190857
64.0,combined chlorine formed when chlorine reacts with ammonia or nitrogen compounds; less effective but more stable than free chlorine,How is combined chlorine formed and how does it compare to free chlorine?,Combined chlorine results from chlorine reacting with ammonia or nitrogen compounds; it is less effective as a disinfectant but remains active longer in distribution systems.,"Combined chlorine, also known as total residual chlorine (TRC), is formed when chlorine reacts with ammonia compounds present in the water. This reaction occurs through a series of stepwise reactions, resulting in the formation of various chloramines, such as monochloramine (NH2Cl), dichloramine (NHCl2), and trichloramine (NCl3). These reactions are primarily influenced by the pH level and the chlorine-to-nitrogen weight ratio.

In contrast, free chlorine refers to the chlorine that is not chemically combined with other substances in the water. It exists in two forms: free available chlorine (FAC) and combined available chlorine (CAC). Free available chlorine includes hypochlorous acid (HOCl) and hypochlorite ions (OCl-), which are the active forms of chlorine that can disinfect water.

The key difference between combined chlorine and free chlorine is that combined chlorine is chemically bound to nitrogen compounds, while free chlorine is not. This means that combined chlorine is less effective as a disinfectant compared to free chlorine. Additionally, both hypobromous acid and hypobromite ions can interfere with free residual chlorine measurements and are included in the free residual chlorine value.","Combined chlorine is formed through a series of stepwise reactions where chlorine reacts with ammonia nitrogen in the water. These reactions produce various chloramines, including monochloramine (NH2Cl), dichloramine (NHCl2), and trichloramine (NCl3). The formation of combined chlorine is governed primarily by the pH of the water and the chlorine-to-nitrogen weight ratio. In contrast, free chlorine refers to the chlorine that exists in its elemental form (Cl2), hypochlorous acid (HOCl), or hypochlorite ion (OCl-), which are not bound to nitrogen. Free chlorine is more effective at disinfecting and is measured separately from combined chlorine. Both hypobromous acid and hypobromite ions can interfere with free residual chlorine measurements and are included in the free residual chlorine value.","Combined chlorine, also known as chloramines, is formed through a reaction between chlorine and ammonia compounds present in the water. This reaction occurs in a series of stepwise reactions, which are primarily governed by the pH level and the chlorine-to-nitrogen weight ratio. As the pH decreases, the proportion of combined chlorine increases. For example, at a pH of 7.5, only 50% of the residual chlorine is present as hypochlorous acid (HOCI), while at a pH of 6.5, 90% is present as combined chlorine.

In contrast, free chlorine refers to the chlorine that is available in its active form, such as hypochlorous acid (HOCI) and hypochlorite ions (OCl-). Free chlorine is more effective at disinfecting and is typically used in higher concentrations. However, it is more susceptible to being neutralized by ammonia in the water, leading to the formation of combined chlorine.

Combined chlorine is less effective as a disinfectant compared to free chlorine, but it provides longer-lasting residual disinfection in the water distribution system. This is because combined chlorine is more stable and less likely to be decomposed by organic matter or other substances in the water. However, the presence of combined chlorine can interfere with free residual chlorine measurements, as both hypobromous acid and hypobromite ions are included in the free residual chlorine value. Therefore, maintaining a free residual chlorine concentration of 0","Combined chlorine is formed through a series of stepwise reactions when chlorine reacts with ammonia nitrogen in the water. These reactions produce various chloramines, including monochloramine (NH2Cl), dichloramine (NHCl2), and trichloramine (NCl3). The formation of combined chlorine is governed primarily by the pH of the water and the chlorine-to-nitrogen weight ratio. 

In contrast, free chlorine refers to the chlorine that is available to disinfect water without reacting with other substances. It includes both hypochlorous acid (HOCl) and hypochlorite ions (OCl-). Free chlorine is more effective at killing bacteria and other pathogens compared to combined chlorine. However, combined chlorine, while less effective as a disinfectant, serves as a residual disinfectant that continues to provide protection as the water moves through the distribution system.

To maintain water quality, a free residual chlorine concentration of 0.51.0 mg/L should be maintained throughout the entire pretreatment line. This ensures that there is enough free chlorine available to disinfect the water effectively.","Combined chlorine, also known as chloramines, is formed through a reaction between chlorine and ammonia compounds present in the water. This reaction occurs in a series of stepwise reactions, which are primarily governed by the pH of the water and the chlorine-to-nitrogen weight ratio. The reactions can be summarized as follows:

1. Chlorine reacts with ammonia to form monochloramine (NH2Cl).
2. Monochloramine can further react to form dichloramine (NHCl2).
3. Dichloramine can react to form trichloramine (NCl3).

These reactions result in the formation of combined chlorine, which includes monochloramine, dichloramine, and trichloramine. In contrast, free chlorine refers to the unreacted chlorine that is available to disinfect water. Free chlorine exists in two forms: hypochlorous acid (HOCl) and hypochlorite ion (OCl-). The presence of hypobromous acid and hypobromite ions can interfere with free residual chlorine measurements and are included in the free residual chlorine value.

In summary, combined chlorine is formed through the reaction of chlorine with ammonia, resulting in a series of chloramines, while free chlorine refers to the unreacted chlorine available for disinfection. Combined chlorine is generally not recommended for sanitization due to its reduced effectiveness compared to free chlorine.","Combined chlorine is formed through a series of stepwise reactions where chlorine reacts with ammonia nitrogen in the water. These reactions produce various chloramines, such as monochloramine (NH2Cl), dichloramine (NHCl2), and trichloramine (NCl3). The formation of combined chlorine is governed primarily by the pH of the water and the chlorine-to-nitrogen weight ratio. 

In contrast, free chlorine refers to the chlorine that is available to disinfect water without reacting with other substances. It exists in the form of hypochlorous acid (HOCl) and hypochlorite ions (OCl-). Free chlorine is more effective at lower pH levels, where it predominantly exists as hypochlorous acid, which is a stronger disinfectant.

While free chlorine is directly available for disinfection, combined chlorine (chloramines) is less effective as a disinfectant but serves as a residual disinfectant, providing longer-lasting protection against pathogens as it slowly decomposes back into free chlorine over time. However, the presence of combined chlorine can interfere with the measurement of free residual chlorine, as both hypobromous acid and hypobromite ions, which are similar to hypochlorous acid and hypochlorite ions, are included in the free residual chlorine value. 

Maintaining a balance between free and combined chlorine is crucial for effective water treatment, as too much combined chlorine can lead to reduced disinfection efficiency, while too little free chlorine may not","Combined chlorine, also known as total residual chlorine, is formed when chlorine reacts with ammonia compounds present in the water. This reaction occurs in a series of stepwise reactions, resulting in the formation of various chloramines, such as monochloramine (NH2Cl), dichloramine (NHCl2), and trichloramine (NCl3). These reactions are influenced by the pH level and the chlorine-to-nitrogen weight ratio in the water.

In contrast, free chlorine refers to the chlorine that is not chemically combined with other substances in the water. It includes both free available chlorine (FAC) and free combined chlorine (FCC). Free available chlorine is the chlorine that is not yet reacted with ammonia, while free combined chlorine is the chlorine that has reacted with ammonia but has not yet formed chloramines.

At a pH of 7.5 and a total dissolved solids (TDS) level of 40 mg/L, only 50% of the residual chlorine is present as free available chlorine (HOCI), while 90% is present as combined chlorine (chloramines). This indicates that as the pH decreases, more chlorine reacts with ammonia to form combined chlorine, reducing the proportion of free available chlorine.

In summary, combined chlorine is formed through the reaction of chlorine with ammonia compounds in the water, resulting in the formation of various chloramines. Free chlorine, on the other hand, refers to the chlorine that is not chemically combined with other substances and includes both free available","Combined chlorine is formed through a series of stepwise reactions where chlorine reacts with ammonia nitrogen in the water. These reactions produce various chloramines, including monochloramine (NH2Cl), dichloramine (NHCl2), and trichloramine (NCl3). The formation of combined chlorine is governed primarily by the pH of the water and the chlorine-to-nitrogen weight ratio.

Free chlorine, on the other hand, refers to the chlorine that is not chemically combined with other substances and is available to disinfect water. It includes both hypochlorous acid (HOCl) and hypochlorite ions (OCl-), which are the active forms of chlorine that can effectively kill pathogens.

In summary, combined chlorine is formed through the reaction of chlorine with ammonia nitrogen, resulting in chloramines, while free chlorine is the unreacted chlorine that is available for disinfection. Combined chlorine is not as effective as free chlorine in killing pathogens, but it can still provide some level of disinfection.","Combined chlorine, also known as chloramines, is formed through the reaction of chlorine with ammonia compounds present in the water. This reaction occurs in a series of stepwise reactions, which are primarily governed by the pH level and the chlorine-to-nitrogen weight ratio. The reactions can be represented as follows:

1. HOCl + NH3 → NH2Cl + H2O (Monochloramine)
2. NH2Cl + HOCl → NHCl2 + H2O (Dichloramine)
3. NHCl2 + HOCl → NCl3 + H2O (Trichloramine)

In these reactions, hypobromous acid and hypobromite ions can also interfere with free residual chlorine measurements and are included in the free residual chlorine value. 

Free chlorine refers to the chlorine that is present in its elemental form (Cl2) or as hypochlorous acid (HOCl) in water. It is a powerful disinfectant that reacts quickly with contaminants. In contrast, combined chlorine (chloramines) is less reactive and provides a longer-lasting disinfectant effect. However, it is less effective against certain pathogens compared to free chlorine.

The presence of both free and combined chlorine in water can complicate the measurement of residual chlorine levels. It is generally recommended to maintain a free residual chlorine concentration of 0.5-1.0 mg/L throughout the entire pretreatment line to ensure effective disinfection. Combined chlorine sanitization with agents containing","Combined chlorine is formed through a series of stepwise reactions when chlorine reacts with ammonia nitrogen. Initially, chlorine reacts with ammonia to form monochloramine (NH2Cl). This process continues, forming dichloramine (NHCl2) and then trichloramine (NCl3). These reactions are primarily influenced by the pH and the chlorine-to-nitrogen weight ratio. 

In comparison, free chlorine refers to the chlorine that exists in its elemental form (Cl2) or as hypochlorous acid (HOCl) in water. Free chlorine is more effective at disinfecting because it can easily penetrate and destroy pathogens. However, when chlorine is added to water containing ammonia, it reacts to form combined chlorine, which is less effective as a disinfectant but still provides some level of disinfection. Free residual chlorine concentration should be maintained between 0.5 to 1.0 mg/L through the entire pretreatment line to ensure proper disinfection. Combined chlorine, on the other hand, is not as effective as free chlorine and can interfere with the measurement of free residual chlorine.","Combined chlorine is formed when chlorine reacts with ammonia compounds present in the water. This reaction occurs in a series of stepwise reactions, primarily governed by the pH and chlorine-to-nitrogen weight ratio. The reactions lead to the formation of various chloramines, such as monochloramine, dichloramine, and trichloramine, as well as the hypobromous acid and hypobromite ions.

In comparison to free chlorine, which is the sum of free and combined available residual chlorine (total residual chlorine), combined chlorine (chloramines) is less effective as a disinfectant. Free chlorine is a stronger disinfectant and is more effective at killing bacteria and other pathogens. However, combined chlorine, while still providing some level of disinfection, is not as potent as free chlorine. This is why the use of combined chlorine as a sanitization agent is generally not recommended, as it may not provide the necessary level of disinfection required for certain applications. Additionally, the presence of combined chlorine can interfere with free residual chlorine measurements, as both hypobromous acid and hypobromite ions are included in the free residual chlorine value.","Combined chlorine is formed through a series of stepwise reactions where chlorine reacts with ammonia nitrogen in the water. These reactions produce various chloramines, such as monochloramine (NH2Cl), dichloramine (NHCl2), and trichloramine (NCl3). The formation of combined chlorine is primarily governed by the pH of the water and the chlorine-to-nitrogen weight ratio. In contrast, free chlorine refers to the chlorine that is not chemically combined with other substances and exists in its elemental form, such as hypochlorous acid (HOCl) and hypochlorite ions (OCl-). Free chlorine is more effective at disinfecting water but can be reduced to harmless chlorides by activated carbon or chemical reducing agents. Combined chlorine, on the other hand, is less effective as a disinfectant compared to free chlorine but can still contribute to the overall residual chlorine in the water.",0.8035804033279419,0.9028578996658325,0.8503313064575195
65.0,"combined residual chlorine (CRC) includes mono-, di-, and trichloramines; these are weaker disinfectants compared to free chlorine",What forms make up combined residual chlorine (CRC)?,"CRC includes chloramine species like mono-, di-, and trichloramines, which are weaker disinfectants than free chlorine.","Combined residual chlorine (CRC) is made up of free chlorine and combined chlorine. Free chlorine refers to chlorine that is not chemically combined with other substances and is available to disinfect water. Combined chlorine, on the other hand, refers to chlorine that has reacted with nitrogenous compounds in the water to form chloramines, which are also used for disinfection. Both forms contribute to the total residual chlorine in the water.","Combined residual chlorine (CRC) is made up of chloramines and other chlorine-containing compounds that are formed when free chlorine reacts with nitrogen-containing substances in the water, such as ammonia or organic matter. These reactions can produce various chloramines, including monochloramine (NH2Cl), dichloramine (NHCl2), and trichloramine (NCl3), as well as other chlorine species.","Combined residual chlorine (CRC) is made up of free chlorine and chloramines. Free chlorine includes hypochlorous acid (HOCl) and hypochlorite ions (OCl-), while chloramines are formed when chlorine reacts with ammonia in the water, resulting in compounds such as monochloramine (NH2Cl), dichloramine (NHCl2), and trichloramine (NCl3). These compounds together constitute the CRC in the water.",Combined residual chlorine (CRC) is made up of hypobromous acid (HOBr) and hypobromite ions (OBr⁻). These forms are created when free chlorine reacts with bromide ions in the water.,"Combined residual chlorine (CRC) is formed by the reaction of chlorine with ammonia, resulting in the creation of chloramines. These chloramines include monochloramine (NH2Cl), dichloramine (NHCl2), and trichloramine (NCl3). These compounds are collectively referred to as combined residual chlorine.","Combined residual chlorine (CRC) is made up of chloramines, which are formed when chlorine reacts with ammonia or organic nitrogen compounds present in the water. There are two main types of chloramines: monochloramine (NH2Cl) and dichloramine (NHCl2). Monochloramine is the most stable and commonly found form in water treatment processes. Dichloramine can also be present but is less stable and less common. These chloramines are used as a secondary disinfectant in water treatment to maintain a residual chlorine level for continued disinfection as the water travels through the distribution system.","Combined residual chlorine (CRC) is made up of free chlorine and combined chlorine. Free chlorine refers to chlorine that is not chemically combined with other substances and is available to disinfect water. Combined chlorine refers to chlorine that has reacted with nitrogen-containing compounds in the water, such as ammonia, to form chloramines. These chloramines are still effective disinfectants but are not as readily available for disinfection as free chlorine. The sum of free and combined chlorine in water is referred to as total residual chlorine (TRC).","Combined residual chlorine (CRC) is made up of two forms: free residual chlorine (FRC) and combined residual chlorine (CIC). Free residual chlorine is present as hypochlorous acid (HOCl) and hypochlorite ion (OCl-), while combined residual chlorine is formed when free residual chlorine reacts with ammonia or organic nitrogen compounds in the water, resulting in chloramines (NH2Cl, NHCl2, and NCl3) and other nitrogenous compounds.",Combined residual chlorine (CRC) is made up of free residual chlorine and total residual chlorine (TRC). The sum of free and combined available residual chlorine is referred to as total residual chlorine.,"Combined residual chlorine (CRC) is made up of hypobromous acid (HOBr) and hypobromite ions (OBr-). These forms are created when free chlorine reacts with bromide ions present in the water. Hypobromous acid is the active form of chlorine that contributes to the disinfection process, while hypobromite ions are a less active form. Both are included in the measurement of combined residual chlorine.","Combined residual chlorine (CRC) is formed by the reaction of chlorine with organic matter or ammonia in the water. The two main forms of combined chlorine are chloramines and nitrogen trichloride. Chloramines are formed by adding ammonia to chlorine, while nitrogen trichloride can form when chlorine reacts with nitrogen-containing compounds. Both of these forms are considered as combined residual chlorine because they are not available to disinfect and are not measured as free residual chlorine.","Combined residual chlorine (CRC) primarily consists of two forms: monochloramine (NH2Cl) and dichloramine (NHCl2). These forms are created when chlorine reacts with ammonia in the water. Monochloramine is the most stable and common form of combined chlorine, while dichloramine is less stable and usually present in lower concentrations. Both forms are used as disinfectants in water treatment processes, but they do not provide the same level of disinfection as free chlorine (HOCl).",0.844192624092102,0.8472830057144165,0.8457349538803101
66.0,total residual chlorine (TRC) is the sum of free and combined chlorine; critical for monitoring water disinfection in treatment systems,Why is total residual chlorine (TRC) important in water treatment?,"TRC provides a full picture of disinfectant levels (both free and combined), helping ensure effective and safe disinfection practices.","Total residual chlorine (TRC) is important in water treatment because it represents the sum of free and combined available chlorine, which together ensure the germicidal efficiency of the water treatment process. Free residual chlorine, specifically hypochlorous acid (HOCI), is highly effective at killing bacteria and other pathogens. Maintaining an adequate level of TRC helps prevent fouling in water treatment infrastructure, such as intake lines and filters, and ensures that the water remains safe for consumption by effectively managing the oxidation of organic compounds present in the water.","Total residual chlorine (TRC) is important in water treatment because it ensures the continued disinfection of the water as it travels through the distribution system. TRC represents the sum of free and combined chlorine available to kill or inactivate pathogens, such as bacteria, viruses, and protozoa, that may be present in the water. Maintaining an adequate level of TRC helps prevent the growth and spread of these microorganisms, ensuring the water remains safe for consumption and use. Additionally, TRC plays a role in preventing the fouling of water treatment equipment by keeping a disinfectant residual that can inhibit the growth of biofilms and other organic materials that could clog or damage the infrastructure.","Total residual chlorine (TRC) is important in water treatment because it represents the sum of free and combined available chlorine, which together ensure the continued disinfection of water as it travels through the distribution system. TRC is crucial for maintaining the germicidal efficiency of free residual chlorine, which is directly related to the concentration of undissociated hypochlorous acid (HOCI). HOCI is a more effective disinfectant than its counterpart, hypochlorite ion (OCL-), and its presence is essential for the destruction of pathogens. Additionally, maintaining a certain level of TRC helps prevent fouling of water treatment equipment and ensures that the water remains safe for consumption by providing a residual disinfectant that can continue to protect against microbial contamination as the water is distributed to consumers. This is especially important in areas where the water may be exposed to varying temperatures and pH levels, which can affect the proportion of free chlorine available for disinfection. Therefore, TRC is a key parameter in ensuring the safety and quality of potable water.","Total residual chlorine (TRC) is important in water treatment because it represents the sum of free and combined available chlorine, which ensures that the water remains disinfected as it travels through the distribution system. Maintaining an adequate level of TRC helps prevent the growth of harmful microorganisms, such as bacteria and viruses, which can cause waterborne diseases. Additionally, TRC helps protect against the fouling of water treatment equipment, such as intake lines and filters, by keeping the water free of organic compounds that could otherwise lead to the formation of scale and other deposits. Overall, TRC is crucial for ensuring the safety, quality, and longevity of the water treatment process.","Total residual chlorine (TRC) is important in water treatment because it represents the sum of free and combined available chlorine, which is crucial for maintaining the germicidal efficiency of the water treatment process. TRC ensures that there is enough chlorine present to effectively disinfect the water, kill harmful microorganisms, and prevent the growth of biofilms and other contaminants. Maintaining an appropriate level of TRC helps in preserving the quality and safety of the treated water, making it suitable for consumption or further use. Additionally, TRC plays a role in preventing fouling of water treatment equipment, such as intake lines and filters, by keeping a consistent level of chlorine that can neutralize organic matter and other potential contaminants.","Total residual chlorine (TRC) is important in water treatment because it represents the sum of free and combined available chlorine, which is crucial for maintaining water quality. TRC ensures that there is enough chlorine present to continue disinfecting the water as it travels through the distribution system, preventing the growth of harmful microorganisms. It also helps in the oxidation of organic compounds, which can contribute to water fouling and the development of biofilms on surfaces. By maintaining an appropriate level of TRC, water treatment facilities can effectively prevent fouling of equipment, ensure the safety of potable water, and reduce the need for frequent chlorine dosing, thereby optimizing the treatment process and protecting public health.","Total residual chlorine (TRC) is important in water treatment because it represents the sum of free and combined available residual chlorine, which includes both undissociated hypochlorous acid (HOCI) and hypochlorite ions (OCl-). HOCI is the more effective germicidal form of chlorine, and its concentration is directly related to the disinfecting power of the chlorine in the water. TRC is crucial for ensuring the disinfection process is effective, as it indicates the overall chlorine availability to kill or inactivate pathogens in the water. Maintaining an adequate level of TRC helps prevent fouling in water treatment infrastructure and ensures the safety and potability of the treated water.","Total residual chlorine (TRC) is important in water treatment because it ensures the continued disinfection of the water as it travels through the distribution system. TRC is the sum of free and combined chlorine, which together maintain a disinfecting effect against pathogens. Maintaining a certain level of TRC, such as 0.5 to 1 mg/L, helps prevent fouling of water treatment equipment and ensures that any organic compounds present in the water are oxidized, thus protecting public health by providing safe drinking water.","Total residual chlorine (TRC) is important in water treatment because it represents the sum of free and combined available chlorine, which together contribute to the germicidal efficiency of the water treatment process. TRC ensures that there is sufficient chlorine present to effectively disinfect the water, inactivating harmful microorganisms and preventing the spread of waterborne diseases. Maintaining an appropriate level of TRC is crucial for ensuring the safety and potability of the treated water. Additionally, TRC helps in preventing fouling of water treatment equipment by keeping a consistent level of chlorine that can act against organic and inorganic contaminants.","Total residual chlorine (TRC) is important in water treatment because it represents the sum of free and combined available chlorine, ensuring that there is sufficient chlorine present to maintain water quality. TRC is crucial for several reasons:

1. **Disinfection**: TRC helps to disinfect the water by killing or inactivating harmful microorganisms, such as bacteria, viruses, and protozoa, which can cause diseases.

2. **Prevention of Fouling**: Maintaining a free residual chlorine concentration of 0.5 mg/L or higher can prevent fouling of water intake lines, heat exchangers, sand filters, and other equipment, which is essential for the efficient operation of water treatment systems.

3. **Oxidation of Organic Compounds**: TRC aids in the oxidation of organic compounds present in the water, which helps to improve the taste, odor, and overall quality of the water.

4. **Formation of Chlorides**: TRC can be reduced to harmless chlorides by activated carbon or chemical reducing agents, ensuring that the water remains safe for consumption.

5. **Maintaining Water Quality**: A residual chlorine concentration near 0.5 mg/L is commonly used in potable water treatment to ensure that the water remains safe and free from harmful pathogens as it travels through the distribution system.

Overall, TRC is a critical parameter in water treatment processes to ensure that the water is safe, clean, and of high quality for human consumption.","Total residual chlorine (TRC) is important in water treatment because it represents the sum of free and combined available chlorine, which is crucial for maintaining the germicidal efficiency of the water. TRC ensures that there is enough chlorine present to effectively disinfect the water by killing harmful microorganisms. This is particularly important in preventing the growth of bacteria, viruses, and other pathogens that can cause waterborne diseases. Additionally, maintaining an appropriate level of TRC helps in preventing fouling of water treatment equipment, such as intake lines, heat exchangers, and sand filters, by controlling the organic content in the water. TRC also plays a role in the dechlorination process, where residual free chlorine can be reduced to harmless chlorides using activated carbon or chemical reducing agents, ensuring that the water is safe for consumption and does not harm the environment or the infrastructure of the water treatment system.","Total residual chlorine (TRC) is important in water treatment because it represents the sum of free and combined available chlorine, which ensures the continued disinfection of the water as it travels through the distribution system. TRC helps to prevent the growth of bacteria, viruses, and other pathogens, thereby maintaining the safety and potability of the water. It also helps to prevent fouling of water treatment equipment, such as intake lines, heat exchangers, and sand filters, by maintaining a free residual chlorine concentration of 0.51.0 mgl or higher, depending on the organic content of the incoming water. Additionally, TRC can be reduced to harmless chlorides by activated carbon or chemical reducing agents, ensuring that the water remains safe for consumption. Overall, TRC plays a crucial role in ensuring the effective and safe treatment of water.",0.8228327035903931,0.8715025782585144,0.8464686274528503
67.0,HOCl is most effective chlorine species for disinfection; its dominance depends on pH—optimal below 7.5,Why is HOCl considered the most effective chlorine species?,"HOCl penetrates microbial cells more efficiently, and its proportion is highest at lower pH levels, typically below 7.5.","HOCl, or hypochlorous acid, is considered the most effective chlorine species because its germicidal efficiency is directly related to its concentration. At a pH of 7.5, only 50% of the free residual chlorine is present as HOCl, but at a pH of 6.5, 90% is present as HOCl. This indicates that HOCl is more effective at lower pH levels. Additionally, in chlorinated seawater, the biocide is predominantly hypochlorous acid (HOBr) rather than hypochlorite ion (OCl-), further supporting the effectiveness of HOCl as a biocide. The effectiveness of HOCl is also influenced by the chlorine-to-nitrogen weight ratio, which affects the formation of various chlorine species through a series of reactions. Overall, the higher concentration of HOCl at lower pH levels and its predominant presence in chlorinated seawater make it the most effective chlorine species for disinfection purposes.","HOCl, or hypochlorous acid, is considered the most effective chlorine species because its germicidal efficiency is directly related to its concentration. At a pH of 7.5, only 50% of the free residual chlorine is present as HOCl, but at a pH of 6.5, 90% is present as HOCl. This indicates that HOCl is more effective at lower pH levels, where it is more prevalent. In chlorinated seawater, the biocide is predominantly hypochlorite (OCl-) rather than HOCl, suggesting that HOCl's germicidal properties are superior, making it the most effective chlorine species for disinfection purposes.","HOCl, or hypochlorous acid, is considered the most effective chlorine species for several reasons:

1. Germicidal Efficiency: HOCl has a high germicidal efficiency, which means it is very effective at killing or inactivating microorganisms. This is directly related to the concentration of undissociated HOCl in the solution.

2. pH Dependence: The concentration of HOCl in a solution is highly dependent on the pH level. At a pH of 7.5, only 50% of the free residual chlorine is present as HOCl, but at a pH of 6.5, 90% of it is present as HOCl. This indicates that maintaining a lower pH can increase the proportion of HOCl, enhancing its effectiveness.

3. Reaction with Ammonia: HOCl reacts with ammonia nitrogen in a series of stepwise reactions to form combined available chlorine species such as monochloramine, dichloramine, and trichloramine. HOCl is the initial reactant in these reactions, and its presence is crucial for the formation of these less effective chlorine species.

4. Temperature and Concentration Effects: The reactions involving HOCl, such as chlorine attack, are faster at higher temperatures and higher concentrations of heavy metals like iron. This suggests that HOCl is more reactive and effective under these conditions.

5. Dechlorination: HOCl can be reduced to harmless chlorides by activated carbon or chemical reducing agents. This","HOCl, or hypochlorous acid, is considered the most effective chlorine species for several reasons:

1. Germicidal Efficiency: HOCl has a high germicidal efficiency, which means it is very effective at killing bacteria, viruses, and other pathogens. This is due to its strong oxidative properties, which can disrupt the cellular structures and metabolic processes of microorganisms.

2. Concentration and Availability: At a pH of 7.5, only 50% of free residual chlorine is present as HOCl, but at a lower pH of 6.5, 90% of it is present as HOCl. This indicates that the concentration of HOCl is significantly higher at lower pH levels, making it more effective in environments where the pH can be controlled.

3. Predominance in Chlorinated Seawater: In chlorinated seawater, HOCl is the predominant species rather than HOCl. This suggests that HOCl is more stable and effective in such environments, which are common in water treatment processes.

4. Reactions with Organic Compounds: HOCl can react with organic compounds, which can be beneficial in water treatment processes where it can help in the degradation of organic contaminants.

5. Dechlorination: HOCl can be dechlorinated using activated carbon beds, which indicates that it can be effectively removed from water when necessary, allowing for controlled use in water treatment processes.

In summary, HOCl is considered the most effective chlorine species due","HOCl, or hypochlorous acid, is considered the most effective chlorine species because it is the predominant form of free available chlorine (FAC) in water at a pH range of 6.5 to 7.5. At this pH range, HOCl accounts for a significant majority of the free residual chlorine, with 90% present as HOCl at pH 6.5, compared to only 50% at pH 7.5. HOCl is a strong oxidizing agent and is highly effective at killing bacteria and other pathogens. Its germicidal efficiency is directly related to its concentration, and it is more effective than other chlorine species, such as combined available chlorine (CAC) and combined residual chlorine (CRC), in inactivating microorganisms. Additionally, HOCl is more reactive and faster at higher temperatures and in the presence of heavy metals, making it a potent biocide. However, it is important to note that HOCl can be reduced to less effective chlorides by activated carbon or chemical reducing agents, and its effectiveness can be influenced by factors such as pH and temperature. Therefore, while HOCl is the most effective chlorine species, its use must be carefully managed to ensure optimal disinfection and minimize potential negative impacts on water quality.","HOCl, or hypochlorous acid, is considered the most effective chlorine species because it is the predominant form of free residual chlorine at lower pH levels, such as pH 6.5. At this pH, a higher percentage of chlorine exists as HOCl, which is more effective at killing microorganisms. HOCl is a stronger disinfectant than its counterpart, OCl^-, and it is more effective at penetrating cell walls and disrupting the cellular processes of pathogens. The effectiveness of HOCl as a disinfectant is also influenced by factors such as chlorine concentration, contact time, and pH of the water. Under alkaline conditions, the proportion of HOCl decreases, and the less effective OCl^- becomes more prevalent, reducing the overall germicidal efficiency of chlorine. Therefore, maintaining a lower pH can enhance the effectiveness of chlorine disinfection by favoring the presence of HOCl.","HOCl, or hypochlorous acid, is considered the most effective chlorine species because its germicidal efficiency is directly related to its concentration. At a pH of 7.5, only 50% of the free residual chlorine is present as HOCl, but at a pH of 6.5, 90% is present as HOCl. This indicates that HOCl is more effective at lower pH levels. Additionally, in chlorinated seawater, the biocide is predominantly HOBr rather than HOCl, suggesting that HOCl's effectiveness can vary depending on the environment. However, the direct relationship between HOCl concentration and germicidal efficiency makes it the most potent chlorine species for disinfection purposes.","HOCl, or hypochlorous acid, is considered the most effective chlorine species because its germicidal efficiency is directly related to its concentration. At a pH of 7.5, only 50% of the free residual chlorine is present as HOCl, but at a lower pH of 6.5, 90% of the free residual chlorine is present as HOCl. This indicates that HOCl is more effective at lower pH levels, where it is more prevalent. In chlorinated seawater, HOBr is the predominant biocide rather than HOCl, but the effectiveness of HOCl in germicidal applications is due to its higher concentration and germicidal efficiency compared to other chlorine species.","HOCl, or hypochlorous acid, is considered the most effective chlorine species for several reasons:

1. Germicidal Efficiency: HOCl has a high germicidal efficiency, which means it is very effective at killing microorganisms. This is due to its strong oxidizing properties, which allow it to disrupt the cellular processes of bacteria, viruses, and other pathogens.

2. Concentration of Undissociated HOCl: The germicidal efficiency of free residual chlorine, which includes HOCl, is directly related to the concentration of undissociated HOCl. At a pH of 7.5, only 50% of the free residual chlorine is present as HOCl, but at a lower pH of 6.5, 90% is present as HOCl. This indicates that HOCl is more prevalent and effective at lower pH levels.

3. Reaction with Ammonia Nitrogen: HOCl reacts with ammonia nitrogen in a series of stepwise reactions to form combined available chlorine species, such as monochloramine, dichloramine, and trichloramine. These reactions are influenced by pH and the ratio of chlorine to nitrogen. HOCl is the initial reactant in these reactions and is essential for the formation of the subsequent chlorine species.

4. Chlorinated Seawater: In chlorinated seawater, the biocide is predominantly hypochlorous acid (HOCl) rather than hypochlorite ion (OCl-). This","HOCl, or hypochlorous acid, is considered the most effective chlorine species because it is a stronger disinfectant than its counterpart, OCl-. At a pH of around 7.5, which is typical for chlorinated seawater, only about 50% of the free residual chlorine exists as HOCl, while at a lower pH of 6.5, 90% of it is present as HOCl. This indicates that HOCl is more prevalent and thus more effective at lower pH levels. HOCl is a potent germicide and is more effective at penetrating microbial cell walls and disrupting their functions, leading to the inactivation of pathogens. Its higher concentration in chlorinated seawater, where it is predominantly present, further supports its role as the most effective chlorine species for disinfection purposes.","HOCl, or hypochlorous acid, is considered the most effective chlorine species because it is the predominant form of free residual chlorine at lower pH levels, which are typically more favorable for disinfection. At a pH of 7.5, only 50% of the free residual chlorine is present as HOCl, but at a lower pH of 6.5, 90% of the free residual chlorine is in the form of HOCl. HOCl is a stronger oxidizing agent compared to its other forms, such as OCl⁻ (hypochlorite ion), and it has a higher germicidal efficiency, which is directly related to the concentration of undissociated HOCl. This makes HOCl more effective in inactivating microorganisms and breaking down organic matter in water, contributing to its role as a powerful disinfectant.","HOCl, or hypochlorous acid, is considered the most effective chlorine species because its germicidal efficiency is directly related to its concentration. At a pH of 7.5, only 50% of free residual chlorine is present as HOCl, but this increases to 90% at a pH of 6.5. HOCl is more effective at lower pH levels because it is the predominant form of chlorine in chlorinated seawater and reacts more rapidly under alkaline conditions compared to neutral or acidic conditions. Additionally, HOCl is believed to react with organic matter in the water, breaking it down into more biodegradable fragments, which enhances its biocidal properties. These factors combined make HOCl the most potent and effective chlorine species for disinfection purposes.",0.8185006976127625,0.8932645916938782,0.8542499542236328
68.0,presence of iron or other transition metals can accelerate degradation of RO membranes when chlorine is present,How do transition metals like iron impact membrane durability in chlorinated systems?,"They catalyze oxidative reactions, accelerating degradation of RO membranes exposed to chlorine.","Transition metals such as iron can significantly impact the durability of membranes in chlorinated systems. When present in the water or on the membrane surface, these metals can catalyze the degradation of the membrane material. This catalytic effect accelerates the chlorine attack, leading to faster membrane deterioration. Additionally, the presence of iron increases the membrane's susceptibility to oxidation damage, which further compromises its integrity and longevity. As a result, membranes are not recommended for intentional sanitization in systems where chlorine is used, due to the heightened risk of damage. However, membranes can still be used in systems where they are only exposed to chlorine temporarily during upsets, as long as the exposure is not intentional and the system is designed to handle such events.","Transition metals such as iron have a detrimental impact on membrane durability in chlorinated systems. They catalyze the degradation of the membrane, making the process of chlorine attack faster. This catalytic effect leads to a quicker breakdown of the membrane material. Additionally, the presence of iron increases the membrane's vulnerability to oxidation damage, which further compromises its integrity and longevity. Despite these negative effects, membranes can still be used in systems where they are only temporarily exposed to free chlorine, as they can be employed successfully in such installations. However, for long-term durability, it is crucial to minimize the presence of transition metals like iron in chlorinated systems.","Transition metals such as iron can significantly impact membrane durability in chlorinated systems. When iron or other transition metals are present in the water or on the membrane surface, they can catalyze the degradation of the membrane. This catalytic effect accelerates the chlorine attack, leading to faster membrane degradation. Additionally, the presence of iron increases the membrane's susceptibility to oxidation damage. Iron can also react with chlorine, leading to the formation of insoluble colloidal hydroxide particles that may foul the membrane. As a result, the overall durability and lifespan of the membrane are compromised in systems where these transition metals are present. Chlorine is not recommended for intentionally sanitizing membrane systems due to these risks. Instead, membranes can be used in installations where temporary exposure to free chlorine is expected, as long as the system is designed to minimize the impact of these transition metals.","Transition metals such as iron have a detrimental impact on membrane durability in chlorinated systems. They catalyze the degradation of the membrane, making it more susceptible to damage. Specifically, iron can accelerate the chlorine attack on the membrane, leading to faster degradation. Additionally, the presence of iron increases the membrane's vulnerability to oxidation damage. When water containing iron or manganese is exposed to free chlorine or has absorbed more than 5 milligrams of oxygen, iron is converted from its ferrous (Fe2+) form to its ferric (Fe3+) form, which then forms insoluble colloidal hydroxide particles. These particles can foul the membranes, further compromising their integrity and performance. Overall, the presence of transition metals like iron in chlorinated systems can significantly reduce the lifespan and effectiveness of the membranes.","Transition metals such as iron can significantly impact membrane durability in chlorinated systems. When iron or other transition metals are present in the water or on the membrane surface, they catalyze the degradation of the membrane. This catalytic effect accelerates the chlorine attack, leading to faster membrane degradation. Additionally, the presence of iron increases the membrane's susceptibility to oxidation damage. Iron can also react with chlorine to form ferric iron, which then converts to insoluble colloidal hydroxide particles that can foul the membrane. Therefore, the presence of transition metals like iron in chlorinated systems can compromise the integrity and longevity of the membranes.","Transition metals such as iron significantly impact membrane durability in chlorinated systems in several detrimental ways. Firstly, they catalyze the degradation of the membrane, making the chlorine attack faster. This means that the presence of iron or other transition metals in the water or on the membrane surface accelerates the breakdown of the membrane material. Additionally, iron increases the membrane's susceptibility to oxidation damage, which further compromises its integrity and longevity. When water containing iron or manganese is chlorinated, it can lead to the formation of insoluble colloidal hydroxide particles, which can foul the membrane, causing operational issues and reducing its effectiveness. Iron also catalyzes membrane oxidation when exposed to chloramines, another form of chlorine used in water treatment. To maintain membrane durability, it is crucial to prevent the water from being exposed to air, which contains oxygen and other oxidizing agents, until it exits the membrane system. This helps to minimize the adverse effects of transition metals on the membrane.","Transition metals such as iron can significantly impact the durability of membranes in chlorinated systems. When iron or other transition metals are present in the water or on the membrane surface, they catalyze the degradation of the membrane. This catalytic effect leads to a faster chlorine attack, which can cause membrane oxidation. As a result, the presence of iron makes the membrane more susceptible to oxidation damage, reducing its overall durability and lifespan. Therefore, chlorine is not recommended for intentionally sanitizing membrane systems due to the risk of accelerated membrane degradation. However, membranes can still be used successfully in installations where they are only temporarily exposed to free chlorine, as the risk of damage is limited to those specific instances.","Transition metals such as iron can significantly impact membrane durability in chlorinated systems. When these metals are present in the water or on the membrane surface, they catalyze the degradation of the membrane, making the chlorine attack faster. This catalytic effect leads to a quicker breakdown of the membrane material. Additionally, the presence of iron increases the membrane's susceptibility to oxidation damage, further compromising its integrity and longevity. Despite these challenges, the membrane can still be used effectively in systems where it is only temporarily exposed to free chlorine, as the damage may not be permanent in such cases. However, for long-term durability, it is crucial to minimize the presence of transition metals in chlorinated systems to prevent accelerated membrane degradation.","Transition metals such as iron can significantly impact the durability of membranes in chlorinated systems. When iron or other transition metals are present in the water or on the membrane surface, they can catalyze membrane degradation, making the chlorine attack faster. This catalyzed degradation leads to membrane oxidation, which is why chlorine is not recommended for intentionally sanitizing membrane systems. Additionally, the presence of iron increases the membrane's susceptibility to oxidation damage. Iron can also react with chlorine to form ferric iron, which then converts into insoluble colloidal hydroxide particles. These particles can foul the membranes, further compromising their integrity and functionality. Therefore, the presence of transition metals like iron in chlorinated systems can lead to reduced membrane durability and increased risk of fouling and damage.","Transition metals such as iron have a detrimental impact on membrane durability in chlorinated systems. They accelerate the chlorine attack on the membrane, leading to faster degradation. Iron and other transition metals can catalyze the breakdown of the membrane material. Additionally, the presence of iron increases the membrane's vulnerability to oxidation damage. This can result in the formation of insoluble colloidal hydroxide particles when water containing iron or manganese is chlorinated, which can foul the membranes. Overall, the presence of transition metals like iron compromises the integrity and longevity of the membranes in chlorinated water systems.","Transition metals such as iron significantly impact membrane durability in chlorinated systems by catalyzing membrane degradation and oxidation. When iron or other transition metals are present in the water or on the membrane surface, they accelerate the chlorine attack, leading to faster membrane degradation. This is because these metals facilitate the oxidation process, making the membrane more susceptible to damage. Additionally, in the presence of iron, the membrane becomes more prone to oxidation damage. Iron can also lead to the formation of insoluble colloidal hydroxide particles when water containing iron or manganese is chlorinated, which can foul the membrane surfaces. Therefore, the presence of transition metals like iron in chlorinated systems is detrimental to membrane durability.","Transition metals such as iron have a detrimental impact on membrane durability in chlorinated systems. When iron or other transition metals are present in the water or on the membrane surface, they catalyze the degradation of the membrane. This catalytic action accelerates the chlorine attack on the membrane, leading to faster degradation. Additionally, the presence of iron increases the membrane's susceptibility to oxidation damage. Iron can also convert from ferrous (Fe2+) to ferric (Fe3+) when the water contains iron or manganese and has taken up more than 5 milligrams of oxygen, or has been chlorinated. The ferric iron then forms insoluble colloidal hydroxide particles that can foul the membranes. Furthermore, iron catalyzes membrane oxidation by chloramine, which further compromises the integrity of the membrane. To maintain membrane durability, it is crucial to prevent the water from being exposed to air, oxygen, chlorine, or any other oxidizing agents until it exits from the membrane system.",0.8394595384597778,0.8952622413635254,0.8664633631706238
69.0,"membrane degradation risk increases with exposure time, chlorine concentration, high pH, and catalytic metals",What factors increase the risk of membrane damage due to chlorine?,"Longer exposure time, higher chlorine concentration, alkaline pH, and presence of catalytic metals all raise the risk of membrane degradation.","The factors that increase the risk of membrane damage due to chlorine include the presence of iron or other transition metals in the water or on the membrane surface, as these metals catalyze membrane degradation. Additionally, the presence of chlorine and other oxidizing agents can cause premature membrane failure, especially under certain conditions. Membrane systems are also at risk when there are system upsets that result in temporary exposure to free chlorine. Chlorine is not recommended for intentionally sanitizing membrane systems due to the risk of membrane oxidation.","The factors that increase the risk of membrane damage due to chlorine, as indicated in the provided context, include:

1. The risk of membrane oxidation: Chlorine can react with the membrane material, leading to oxidation and potential damage.

2. Temporary exposure to free chlorine: Even if chlorine is not intentionally used for sanitization, accidental or temporary exposure can still harm the membrane.

3. The presence of chlorine and other oxidizing agents: These substances can cause premature membrane failure, especially under certain conditions that may be outlined in section 2.7, prevention of fouling by organics target 5 target 1. 

These factors suggest that chlorine, whether intentionally used or not, can be detrimental to membrane integrity and should be managed carefully to prevent damage.","The factors that increase the risk of membrane damage due to chlorine include the presence of iron or other transition metals in the water or on the membrane surface, as these metals catalyze membrane degradation. Additionally, the use of other oxidizing agents such as chlorine dioxide, hydrogen peroxide, ozone, and permanganate can also cause damage if not used properly. The presence of chlorine and other oxidizing agents can lead to premature membrane failure, especially under certain conditions. FilmTec membranes have some chlorine tolerance, but the first sign of chlorine attack is a loss of membrane flux, followed by an increase in membrane flux and salt passage.","The factors that increase the risk of membrane damage due to chlorine include:

1. The presence of chlorine and other oxidizing agents, which can cause premature membrane failure.
2. Improper use of other oxidizing agents such as chlorine dioxide, hydrogen peroxide, ozone, and permanganate, which are also capable of damaging the membrane.
3. System upsets that result in temporary exposure to free chlorine, which can be tolerated by the membrane under certain conditions.
4. The risk of membrane oxidation, which is why chlorine is not recommended for intentionally sanitizing membrane systems.
5. The first sign of chlorine attack on the membrane is a loss of membrane flux, followed by an increase in membrane flux and salt passage, indicating damage to the membrane.","The factors that increase the risk of membrane damage due to chlorine include the presence of iron or other transition metals in the water or on the membrane surface, as these metals catalyze membrane degradation. Additionally, the presence of other oxidizing agents such as chlorine dioxide, hydrogen peroxide, ozone, and permanganate can also cause damage if not used properly. The equilibrium with small amounts of free chlorine from these compounds can slowly damage the membrane, making dechlorination a consideration. The presence of iron, in particular, makes the membrane more susceptible to oxidation damage. Chloramine, while having a germicidal effect, also contributes to chlorine demand due to its reaction with reducing agents like nitrite, cyanide, sulfide, ferrous iron, and manganese.","Factors that increase the risk of membrane damage due to chlorine include:

1. The presence of oxidizing agents such as chlorine dioxide, hydrogen peroxide, ozone, and permanganate, which can damage the membrane if not used properly.
2. The presence of iron, which makes the membrane more susceptible to oxidation damage.
3. The reaction of chlorine with reducing agents like nitrite, cyanide, sulfide, ferrous iron, and manganese, which contributes to the chlorine demand and can lead to membrane damage.","Factors that increase the risk of membrane damage due to chlorine include the presence of iron or other transition metals in the water or on the membrane surface, as these metals catalyze membrane degradation. Additionally, the presence of chlorine and other oxidizing agents can cause premature membrane failure under certain conditions. Chlorine attack is also faster when these metals are present, leading to increased membrane oxidation and degradation. Chlorine is not recommended for intentionally sanitizing membrane systems due to this risk. Membranes can still be used successfully in installations where system upsets result in temporary exposure to free chlorine, but the risk of damage is higher in such scenarios.","The factors that increase the risk of membrane damage due to chlorine include the presence of chlorine and other oxidizing agents, which can cause premature membrane failure, especially under certain conditions that lead to fouling by organics. Additionally, the risk of membrane oxidation itself is a concern, which further justifies why chlorine is not recommended for intentionally sanitizing membrane systems. Temporary exposure to free chlorine in systems that experience upsets may still allow for successful membrane use, but the risk of damage is heightened in the presence of these oxidizing agents.","The factors that increase the risk of membrane damage due to chlorine include the presence of iron or other transition metals in the water or on the membrane surface, which catalyze membrane degradation. Additionally, the use of other oxidizing agents such as chlorine dioxide, hydrogen peroxide, ozone, and permanganate can also cause damage if not used properly. Temporary exposure to free chlorine, as well as the presence of chlorine and other oxidizing agents, can lead to premature membrane failure. The first sign of chlorine attack on a membrane is typically a loss of membrane flux, followed by an increase in membrane flux and salt passage. Filmtec membranes, while having some chlorine tolerance, can still experience noticeable loss of salt rejection under these conditions.","The factors that increase the risk of membrane damage due to chlorine include:

1. The presence of chlorine and other oxidizing agents, which can cause premature membrane failure.
2. Improper use of other oxidizing agents such as chlorine dioxide, hydrogen peroxide, ozone, and permanganate, which are also capable of damaging membranes.
3. System upsets that result in temporary exposure to free chlorine, which can be tolerated in installations where the membrane can be used successfully.
4. The first sign of chlorine attack on a membrane is a loss of membrane flux, followed by an increase in membrane flux and salt passage, indicating damage to the membrane.","The factors that increase the risk of membrane damage due to chlorine include the presence of iron or other transition metals in the water or on the membrane surface, as these metals catalyze membrane degradation. Additionally, the presence of other oxidizing agents such as chlorine dioxide, hydrogen peroxide, ozone, and permanganate can also cause damage if not used properly. The equilibrium with small amounts of free chlorine, which can be damaging to the membrane, and the presence of reducing agents like nitrite, cyanide, sulfide, ferrous iron, and manganese, which cause a chlorine demand, also contribute to the risk of membrane damage.","The factors that increase the risk of membrane damage due to chlorine include:

1. The presence of oxidizing agents other than chlorine, such as chlorine dioxide, hydrogen peroxide, ozone, and permanganate, which can also damage the membrane if not used properly.

2. The presence of reducing agents such as nitrite, cyanide, sulfide, ferrous iron, and manganese, which react with chlorine to create a chlorine demand, leading to potential membrane damage.

3. Iron in the system, which makes the membrane more susceptible to oxidation damage from chlorine.

4. Temporary exposure to free chlorine in systems where upsets occur, as the membrane can be used successfully in such installations, but this still poses a risk of damage.

5. The equilibrium between these compounds and small amounts of free chlorine, which can slowly damage the membrane over time.

6. The first sign of chlorine attack on the membrane is a loss of membrane flux, followed by an increase in membrane flux and salt passage, indicating damage to the membrane structure.",0.8637704253196716,0.8813118934631348,0.872452974319458
70.0,chlorine-resistant membranes exist but have limited tolerance; not immune to long-term exposure to free chlorine,Can chlorine-resistant membranes tolerate long-term exposure to chlorine?,"No, even chlorine-resistant membranes can degrade over time with prolonged exposure to free chlorine and should still be protected.","No, chlorine-resistant membranes cannot tolerate long-term exposure to chlorine. While they can withstand short-term exposure, their resistance is limited, and prolonged exposure can lead to membrane oxidation and damage. Chlorine is not recommended for intentionally sanitizing membrane systems due to the risk of microorganism growth and membrane damage. Other oxidizing agents can also damage the membranes if not used properly. Residual free chlorine can be reduced to harmless chlorides by activated carbon or chemical reducing agents.","No, chlorine-resistant membranes cannot tolerate long-term exposure to chlorine. While they may withstand short-term exposure, their resistance is limited, and prolonged contact with chlorine can lead to membrane oxidation and damage. Therefore, chlorine is not recommended for intentionally sanitizing membrane systems. Other oxidizing agents can also damage the membranes if not used properly.","No, chlorine-resistant membranes cannot tolerate long-term exposure to chlorine. While they may withstand short-term exposure, their resistance is limited, and eventual degradation may occur after approximately 200,000 hours of exposure to 1 mgl of free chlorine.","No, chlorine-resistant membranes cannot tolerate long-term exposure to chlorine. While they may withstand short-term exposure, their resistance is limited, and prolonged contact with chlorine can lead to membrane oxidation and damage. It is recommended to avoid intentionally sanitizing membrane systems with chlorine to prevent such issues. Other oxidizing agents should also be used with caution to avoid damaging the membranes. Monitoring the absence of chlorine with an oxidation-reduction potential electrode is advised to ensure the integrity of the membranes. Filmtec membranes, in particular, have some chlorine tolerance before noticeable loss of salt rejection is observed, but this does not imply long-term tolerance.","No, chlorine-resistant membranes cannot tolerate long-term exposure to chlorine. While they may withstand short-term exposure, their resistance is limited, and eventual degradation may occur after approximately 200,000 hours of exposure to 1 mgl of free chlorine (200 ppm). Therefore, it is recommended to remove residual free chlorine by pretreatment prior to membrane exposure to avoid damage.","No, chlorine-resistant membranes cannot tolerate long-term exposure to chlorine. While they may withstand short-term exposure, their resistance is limited, and prolonged exposure can lead to damage and loss of salt rejection. Filmtec recommends removing residual free chlorine by pretreatment prior to membrane exposure to avoid oxidation, which is not covered under warranty.","No, chlorine-resistant membranes cannot tolerate long-term exposure to chlorine. While they may withstand short-term exposure, their resistance is limited, and prolonged exposure can lead to membrane oxidation and damage.","No, chlorine-resistant membranes cannot tolerate long-term exposure to chlorine. While they can withstand short-term exposure, their resistance is limited, and there is a risk of membrane oxidation, which is why chlorine is not recommended for intentionally sanitizing membrane systems. Other oxidizing agents can also damage the membranes if not used properly.","No, chlorine-resistant membranes cannot tolerate long-term exposure to chlorine. Although they can withstand short-term exposure, their resistance is limited, and eventual degradation may occur after approximately 200,000 hours of exposure to 1 mgl of free chlorine (200 ppm). It is recommended to avoid using chlorine for intentionally sanitizing membrane systems due to the risk of membrane oxidation and the potential for microorganisms to grow. Residual free chlorine can be reduced to harmless chlorides using activated carbon or chemical reducing agents.","No, chlorine-resistant membranes cannot tolerate long-term exposure to chlorine. While they may withstand short-term exposure, their resistance is limited, and prolonged exposure can lead to membrane oxidation and damage. It is recommended to avoid using chlorine for intentional sanitization of membrane systems. Other oxidizing agents should be used with caution, and the absence of chlorine should be monitored using an oxidation-reduction potential electrode downstream of the FilmTec membranes. FilmTec membranes have some chlorine tolerance before noticeable loss of salt rejection is observed, but this is not indicative of long-term tolerance.","No, chlorine-resistant membranes like Filmtec membranes cannot tolerate long-term exposure to chlorine. While they can withstand short-term exposure, their resistance is limited, and prolonged exposure can lead to eventual degradation, with noticeable loss of salt rejection after approximately 200,000 hours of exposure to 1 mgl of free chlorine. It is recommended to remove residual free chlorine by pretreatment prior to membrane exposure to avoid damage.","No, chlorine-resistant membranes cannot tolerate long-term exposure to chlorine. While they may withstand short-term exposure, their resistance is limited, and prolonged exposure can lead to oxidation and damage, which is not covered under warranty. Filmtec recommends removing residual free chlorine by pretreatment prior to membrane exposure to prevent such damage.",0.863337516784668,0.9027659893035889,0.8826116323471069
71.0,system upsets causing accidental chlorine exposure can degrade membranes; monitoring and alarms recommended,Why is monitoring for chlorine exposure essential in RO systems?,"Because accidental chlorine exposure can rapidly degrade membranes, real-time monitoring and alarm systems are essential for protection.","Monitoring for chlorine exposure is essential in RO (Reverse Osmosis) systems because chlorine can be harmful to the membrane, causing damage and reducing its effectiveness. The context mentions that the membrane can be used successfully in installations where system upsets result in temporary exposure to free chlorine, indicating that such exposure can occur and needs to be managed. Additionally, residual free chlorine can be reduced to harmless chlorides using activated carbon or chemical reducing agents, and an activated carbon bed is effective in dechlorinating RO feed water. This highlights the importance of monitoring chlorine levels to ensure the longevity and proper functioning of the RO system.","Monitoring for chlorine exposure is essential in RO (Reverse Osmosis) systems because chlorine can be harmful to the membrane used in these systems. As indicated in the context, the membrane can be used successfully in installations where system upsets result in temporary exposure to free chlorine. However, prolonged exposure to chlorine can damage the membrane, reducing its effectiveness and lifespan. Additionally, chlorine can also lead to the formation of harmful disinfection by-products, which can contaminate the purified water. Therefore, monitoring for chlorine exposure helps in ensuring the integrity and performance of the RO system, as well as the safety of the treated water.","Monitoring for chlorine exposure is essential in RO systems because chlorine can cause damage to the membrane, leading to system upsets and reduced efficiency. Chlorine can also react with the feed water, forming harmful by-products that may affect the quality of the treated water. Additionally, chlorine can reduce the effectiveness of the RO process by reacting with the membrane material, which can lead to increased maintenance and replacement costs. By monitoring chlorine levels, operators can ensure that the water is properly pretreated to remove or neutralize chlorine before it reaches the RO membrane, thereby protecting the system and maintaining the quality of the treated water.","Monitoring for chlorine exposure is essential in RO (Reverse Osmosis) systems because chlorine can be harmful to the membrane, potentially causing system upsets and damage. Chlorine exposure can lead to the degradation of the membrane, reducing its effectiveness and lifespan. Additionally, chlorine can react with other components in the water, forming harmful by-products. By monitoring chlorine levels, operators can ensure that the water is adequately treated to prevent membrane damage and maintain the efficiency and longevity of the RO system. This is particularly important in installations where temporary exposure to free chlorine is a risk, as well as in systems where the effectiveness of chlorine as a disinfectant is dependent on its concentration, exposure time, and the pH of the water. Preventing the exposure of water to chlorine or other oxidizing agents throughout the RO process is crucial to protect the system and ensure safe, clean water output.","Monitoring for chlorine exposure is essential in RO systems because chlorine can cause membrane oxidation, which damages the membrane and reduces the system's efficiency. Chlorine is not recommended for intentionally sanitizing membrane systems due to this risk. Before the system can be restarted, all chlorine-containing feed water must be thoroughly rinsed out, and the absence of chlorine must be verified to prevent any potential harm to the membrane. Additionally, even low levels of hydrogen sulfide (H2S) can adversely affect the performance of RO or NF systems, making it crucial to monitor for chlorine and other contaminants to ensure optimal operation and longevity of the RO system.","Monitoring for chlorine exposure is essential in RO systems because chlorine can cause membrane oxidation, which can damage the membrane and reduce the system's effectiveness. Chlorine exposure can also lead to the formation of harmful by-products like chloramines, which can adversely affect the performance of RO or NF systems. Additionally, chlorine can react with other substances in the water, potentially leading to the formation of compounds that may be harmful or reduce the efficiency of the RO process. Therefore, it is crucial to monitor chlorine levels to ensure the longevity and proper functioning of the RO system.","Monitoring for chlorine exposure is essential in RO (Reverse Osmosis) systems because chlorine can cause damage to the RO membrane, leading to reduced efficiency and potential system failure. Chlorine can react with the membrane material, causing it to become brittle and less effective at filtering out contaminants. Additionally, chlorine can lead to the formation of harmful disinfection byproducts that can contaminate the purified water. By monitoring chlorine levels, operators can ensure that the RO system is protected and that the water produced is safe for consumption. Pre-treatment methods, such as activated carbon or chemical reducing agents, are used to remove chlorine and prevent damage to the RO membrane, highlighting the importance of monitoring chlorine exposure to maintain system performance and water quality.","Monitoring for chlorine exposure in RO (Reverse Osmosis) systems is essential because chlorine can be harmful to the membranes used in these systems. Chlorine can cause damage to the RO membranes, leading to reduced efficiency and potential failure of the system. By monitoring chlorine levels, it is possible to ensure that the chlorine concentration remains below the threshold that could cause damage, thus protecting the integrity and longevity of the RO system. Additionally, as mentioned in the context, an activated carbon bed can be used to dechlorinate the RO feed water, further emphasizing the importance of controlling chlorine levels to maintain system performance and prevent membrane degradation.","Monitoring for chlorine exposure is essential in RO systems because chlorine can be harmful to the membrane, leading to system upsets and potential damage. Chlorine exposure can cause degradation of the membrane material, reducing its effectiveness and lifespan. Additionally, chlorine can react with other substances in the water, forming harmful by-products like trihalomethanes (THMs) and haloacetic acids (HAAs), which are undesirable in the final water product. By monitoring chlorine levels, operators can ensure that the water is adequately treated to remove or neutralize chlorine before it reaches the RO system, thereby protecting the membrane and ensuring the production of safe, high-quality water.","Monitoring for chlorine exposure is essential in RO systems because chlorine can be harmful to the membrane, potentially causing system upsets and damage. The effectiveness of chlorine as a disinfectant is dependent on its concentration, exposure time, and the pH of the water. To ensure the longevity and proper functioning of the RO system, it is crucial to prevent the water from being exposed to chlorine or any oxidizing agents throughout the RO process. Additionally, activated carbon beds are used to dechlorinate the RO feed water, indicating the importance of controlling chlorine levels to maintain system integrity and prevent contamination.","Monitoring for chlorine exposure is essential in RO (Reverse Osmosis) systems because chlorine can cause membrane oxidation, which can damage the RO membrane and reduce its effectiveness. Chlorine exposure can also lead to the need for more frequent and harsh cleaning, increase the risk of contamination from waste water effluent, and adversely affect the performance of the RO system. Therefore, it is crucial to ensure that all chlorine-containing feed water is rinsed out before the system goes into operation again and to verify the absence of chlorine to maintain the integrity and efficiency of the RO system.","Monitoring for chlorine exposure is essential in RO systems because chlorine can cause membrane oxidation, which can damage the membranes and reduce the effectiveness of the RO system. Chlorine can also adversely affect the performance of RO or NF systems, especially at low levels as low as 0.1 mg/L. Additionally, chlorine can react with other substances in the water, potentially leading to the formation of harmful byproducts. Therefore, it is crucial to prevent chlorine exposure throughout the RO process to maintain the integrity and efficiency of the system.",0.8484380841255188,0.8935191035270691,0.8703952431678772
72.0,alkaline conditions accelerate chlorine attack on membranes; maintaining neutral or slightly acidic pH recommended,Why should pH be controlled in RO systems during chlorination?,"Alkaline pH speeds up membrane oxidation by chlorine, so maintaining a neutral to slightly acidic pH helps protect the membranes.","pH should be controlled in RO systems during chlorination because under alkaline (high pH) conditions, chlorine attack is faster than at neutral or acidic pH levels. This increased reactivity can lead to the oxidation of the membrane, which can damage the system. Additionally, the exposure of water to air or oxidizing agents like chlorine throughout the RO process must be prevented to avoid such damage. Therefore, maintaining an appropriate pH level is crucial to protect the integrity of the RO membranes and ensure the system's proper functioning.","pH should be controlled in RO systems during chlorination because under alkaline pH conditions, chlorine attack is faster than at neutral or acidic pH levels. This increased reactivity can lead to the degradation of the RO membranes and other system components. Additionally, maintaining a controlled pH helps to prevent the exposure of the water to air or oxidizing agents, which can further damage the system. Therefore, controlling pH is crucial to ensure the longevity and efficiency of the RO system during chlorination.","pH should be controlled in RO systems during chlorination because under alkaline pH conditions, chlorine attack is faster than at neutral or acidic pH. This can lead to faster oxidation of the membrane, which is undesirable. Additionally, an acidic pH is preferred for better biocidal effect during chlorination. Controlling the pH helps to prevent membrane oxidation and ensures effective sanitization of the system.","pH should be controlled in RO systems during chlorination because the rate of chlorine attack on contaminants is faster under alkaline conditions compared to neutral or acidic conditions. Additionally, an acidic pH is preferred for a better biocidal effect during chlorination. Controlling the pH ensures that chlorine is more effective in disinfecting the water and protecting the RO system from biofouling and other contaminants. It also helps in preventing the formation of harmful by-products and maintaining the integrity of the RO membranes.","pH should be controlled in RO systems during chlorination because under alkaline pH conditions, chlorine attack is faster than at neutral or acidic pH. An acidic pH is preferred for better biocidal effect during chlorination. Additionally, controlling pH helps prevent membrane oxidation, which is a risk when chlorine is used for sanitizing membrane systems. Proper pH control ensures the effectiveness of chlorine as a disinfectant and helps maintain the integrity of the RO membranes.","pH should be controlled in RO systems during chlorination because the rate of chlorine attack on contaminants is faster under alkaline conditions compared to neutral or acidic conditions. Additionally, an acidic pH is preferred for better biocidal effects during chlorination. Controlling the pH ensures that chlorine is effectively used to disinfect the water without causing excessive corrosion or damage to the RO membranes. It also helps in managing chlorine demand and preventing the formation of harmful by-products.","The pH should be controlled in RO systems during chlorination because under alkaline pH conditions, chlorine attack is faster than at neutral or acidic pH levels. This increased reaction rate can lead to the rapid oxidation of the membrane, which can damage the membrane and reduce the efficiency of the RO system. Additionally, to prevent the exposure of the water to air or any oxidizing agents, such as chlorine, throughout the RO process, it is crucial to manage the pH levels to minimize the risk of membrane oxidation. Chlorine is not recommended for intentionally sanitizing membrane systems due to this risk, and during off-line chlorination, the feedwater must be drained before reaching the membranes to avoid any potential damage.","The pH should be controlled in RO systems during chlorination because under alkaline pH conditions, chlorine attack is faster than at neutral or acidic pH levels. This rapid reaction can lead to the formation of harmful by-products and potentially damage the RO membranes. Additionally, maintaining the pH within the desired range helps to ensure the effectiveness of the chlorination process in disinfecting the water without causing undue harm to the system components. Controlling the pH also helps to prevent the exposure of the water to air or oxidizing agents throughout the RO process, which could otherwise compromise the integrity of the membranes. Therefore, pH control is crucial for the safe and efficient operation of RO systems during chlorination.","The pH should be controlled in RO systems during chlorination because under alkaline pH conditions, chlorine attack is faster than at neutral or acidic pH. This can lead to membrane oxidation, which is why chlorine is not recommended for intentionally sanitizing membrane systems. Additionally, at a pH of 7.5-7.7, only a small percentage of free residual chlorine is present as hypochlorous acid (HOCl), which is the most effective form of chlorine for disinfection. In contrast, at a lower pH of 6.5, a higher percentage of free residual chlorine is present as HOCl. Controlling the pH ensures that the chlorine is present in its most effective form for disinfection while minimizing the risk of damaging the RO membranes.","pH should be controlled in RO systems during chlorination because the rate of chlorine attack and the effectiveness of disinfection are influenced by the pH level. Under alkaline conditions, chlorine reacts faster, which can lead to the formation of disinfection by-products and potentially damage the RO membranes. Additionally, an acidic pH is preferred for better biocidal effects during chlorination. Controlling the pH ensures that chlorine is used effectively to disinfect without causing harm to the RO system or creating harmful by-products. It also helps in preventing the exposure of water to air or oxidizing agents, which could interfere with the chlorination process and the integrity of the RO membranes.","The pH should be controlled in RO systems during chlorination because under alkaline pH conditions, chlorine attack is faster than at neutral or acidic pH. An acidic pH is preferred for better biocidal effect during chlorination. Controlling the pH helps to optimize the effectiveness of chlorine as a disinfectant and to prevent potential damage to the RO system, such as membrane oxidation. Additionally, maintaining an acidic pH can help reduce the risk of corrosion and contamination issues within the RO plant.","pH should be controlled in RO systems during chlorination because an acidic pH is preferred for a better biocidal effect. Under alkaline conditions, chlorine attack is faster, which can lead to the formation of harmful by-products. By maintaining an acidic pH, the effectiveness of chlorine as a disinfectant is enhanced, and the risk of biofouling and the formation of undesirable by-products is reduced. Additionally, controlling pH helps in the proper functioning of the RO system and ensures the safety and quality of the treated water.",0.8586917519569397,0.88852459192276,0.8733534812927246
73.0,iron and other transition metals present in feedwater or membrane surface catalyze membrane degradation during chlorination,What role do transition metals play in membrane degradation?,They act as catalysts that speed up the oxidative damage to membranes when chlorine is present in the feedwater.,"Transition metals, such as iron, play a catalytic role in membrane degradation. They accelerate the chlorine attack on the membranes, leading to faster degradation. Additionally, the presence of these metals makes the membranes more susceptible to oxidation damage. Transition metals can also catalyze the damage caused by other oxidizing agents like chlorine dioxide, hydrogen peroxide, ozone, and permanganate if they are not used properly.","Transition metals, such as iron, play a catalytic role in membrane degradation. They accelerate the chlorine attack on the membrane, leading to faster degradation. Additionally, the presence of these metals makes the membrane more prone to oxidation damage. Transition metals can also catalyze the damage caused by other oxidizing agents like chlorine dioxide, hydrogen peroxide, ozone, and permanganate if they are not used properly.","Transition metals, such as iron, play a catalytic role in membrane degradation. They accelerate the degradation process when present in the water or on the membrane surface. This catalytic effect leads to faster chlorine attacks and makes the membrane more susceptible to oxidation damage. Transition metals can also contribute to the formation of precipitates and cause immediate degradation in membrane performance, which can eventually lead to a decrease in efficiency and specific flux.","Transition metals, such as iron, play a significant role in accelerating membrane degradation. They catalyze the degradation of the membrane, making it more susceptible to damage. This catalytic action can lead to a faster chlorine attack on the membrane, which can cause immediate degradation in performance. Over time, the presence of transition metals can result in a gradual increase in feed pressure and a decrease in the net driving force, eventually leading to a severe loss of efficiency and a decrease in specific flux. Additionally, transition metals can make the membrane more prone to oxidation damage, further contributing to its deterioration.","Transition metals, such as iron, catalyze membrane degradation when present in water or on the membrane surface. They accelerate the chlorine attack, making the membrane more susceptible to oxidation damage. These metals can also catalyze the degradation of the membrane when exposed to oxidizing agents like chlorine dioxide, hydrogen peroxide, ozone, and permanganate if not used properly. Additionally, transition metals can cause immediate degradation in performance and, over time, lead to a gradual increase in feed pressure, which can eventually result in severe loss of efficiency and a decrease in specific flux. Dechlorination is necessary when using RO or NF membranes in the RO process to prevent oxidation of the membrane by transition metals. Transition metals can also catalyze membrane degradation, as indicated by the reference to 609000710705 250, which can catalyze membrane degradation.","Transition metals, such as iron, play a significant role in membrane degradation. They catalyze the degradation of the membrane, making it more susceptible to damage. This catalytic effect accelerates the chlorine attack on the membrane, leading to faster degradation. Additionally, the presence of these metals increases the membrane's vulnerability to oxidation damage. Transition metals can also contribute to the formation of precipitates and other chemical reactions that compromise the integrity and efficiency of the membrane. Overall, transition metals are detrimental to the longevity and performance of membrane systems.","Transition metals, such as iron, play a catalytic role in membrane degradation. They accelerate the degradation process when present in the water or on the membrane surface. This catalytic effect is particularly pronounced during chlorine attack, which is a common method for disinfection. Transition metals not only speed up the degradation caused by chlorine but also make the membrane more vulnerable to oxidation damage. Additionally, other oxidizing agents like chlorine dioxide, hydrogen peroxide, ozone, and permanganate can also damage RO membranes if they are not used correctly. Transition metals are thus a significant factor in the deterioration of membrane integrity.","Transition metals, such as iron, play a catalytic role in membrane degradation. They accelerate the chlorine attack on membranes, making the degradation process faster. Additionally, the presence of these metals increases the susceptibility of the membrane to oxidation damage. Transition metals can also catalyze the damage caused by other oxidizing agents like chlorine dioxide, hydrogen peroxide, ozone, and permanganate if they are not used properly.","Transition metals, such as iron, play a significant role in accelerating membrane degradation. They catalyze the degradation of the membrane when present in the water or on the membrane surface. This catalytic effect leads to a faster chlorine attack on the membrane, which can result in immediate degradation in performance and, over time, a gradual increase in feed pressure and a decrease in the membrane's efficiency and specific flux. Additionally, the presence of iron makes the membrane more susceptible to oxidation damage, further contributing to its deterioration. Other oxidizing agents can also damage the membrane if not used properly, but the presence of transition metals specifically accelerates the degradation process.","Transition metals, such as iron, play a catalytic role in membrane degradation. They accelerate the degradation process when present in water or on the membrane surface. Additionally, the presence of these metals makes the membrane more prone to oxidation damage, further contributing to its deterioration.","Transition metals, such as iron, catalyze membrane degradation when present in water or on the membrane surface. They accelerate the chlorine attack, making the membrane more susceptible to damage. Additionally, these metals can cause immediate degradation in performance and, over time, lead to a gradual increase in feed pressure, which can eventually result in a severe loss of efficiency and a decrease in specific flux. Transition metals also make the membrane more prone to oxidation damage.","Transition metals, such as iron, play a significant role in accelerating membrane degradation. They catalyze the degradation of the membrane when present in water or on the membrane surface. Additionally, the presence of these metals makes the membrane more prone to oxidation damage. Transition metals can also catalyze the degradation of RO (reverse osmosis) membranes, leading to a decrease in the efficiency and specific flux of the membrane system.",0.8558883666992188,0.8980485200881958,0.8764616847038269
74.0,"to avoid damage, feedwater should be dechlorinated upstream of membranes using chemical reducers like sodium bisulfite",How can RO membranes be protected from chlorine damage?,By removing residual chlorine with dechlorination agents like sodium bisulfite before water reaches the membrane.,"RO membranes can be protected from chlorine damage by using an activated carbon bed for dechlorination of feed water. This process involves the reaction of chlorine with other chemicals such as sodium metabisulfite (SMBS) to remove free chlorine. Additionally, ensuring that iron or other transition metals are not present in the water or on the membrane surface can help prevent catalyzed membrane degradation. It is also important to avoid intentionally using chlorine for sanitizing membrane systems due to the risk of oxidation.","To protect RO membranes from chlorine damage, it is essential to avoid using chlorine as a sanitizing agent due to its potential to cause membrane oxidation. Instead, alternative oxidizing agents that are less damaging to RO membranes, such as chlorine dioxide, hydrogen peroxide, ozone, or permanganate, should be used with proper handling and concentration control. Additionally, implementing proper pretreatment processes, regular maintenance, and monitoring of water quality can help minimize the risk of membrane damage. It is also crucial to follow the manufacturer's guidelines for the use and maintenance of RO membranes to ensure their longevity and performance.","RO membranes can be protected from chlorine damage by using an activated carbon bed for dechlorination of feed water, which helps remove free chlorine. Additionally, pretreating the water to remove residual free chlorine before it comes into contact with the membrane is recommended, as oxidation is not covered under warranty and can lead to membrane degradation. It is also important to avoid the presence of iron or other transition metals in the water or on the membrane surface, as they can catalyze membrane degradation. Using other oxidizing agents like chlorine dioxide, hydrogen peroxide, ozone, and permanganate should be done properly to prevent damage to the RO membranes. Filmtec membranes have some chlorine tolerance, but to maintain their performance and longevity, it is crucial to manage chlorine exposure effectively.","RO membranes can be protected from chlorine damage by pretreating the water to remove residual free chlorine before it comes into contact with the membranes. This pretreatment step helps to prevent the oxidation of the membrane material, which is not covered under warranty and can lead to a loss of salt rejection capabilities. Additionally, using other oxidizing agents such as chlorine dioxide, hydrogen peroxide, ozone, and permanganate requires careful handling to avoid damaging the membranes. Filmtec membranes have some tolerance to chlorine, but to ensure longevity and optimal performance, it is best to minimize chlorine exposure.","RO membranes can be protected from chlorine damage by pretreating the feed water to remove residual free chlorine before it comes into contact with the membranes. This can be achieved by using an activated carbon bed, which is effective in the dechlorination of RO feed water. Additionally, using chlorine-resistant membrane materials such as polysulfone or ceramic membranes can also help retard biological fouling and reduce the need for frequent cleaning. Proper prefiltration can further minimize the cleaning requirements for RO membranes. It is important to note that chlorine and other oxidizing agents should be removed from the water to prevent damage to the membranes.","RO membranes can be protected from chlorine damage by using chlorine-resistant materials such as polysulfone or ceramic membranes. Additionally, pretreatment to remove residual free chlorine before membrane exposure can prevent oxidation. If chlorine must be used, it can be added to the wash water to retard biological fouling, but it should be done with caution to avoid damaging the membrane.","RO membranes can be protected from chlorine damage by using an activated carbon bed for dechlorination of feed water, which helps remove free chlorine. Additionally, avoiding the intentional use of chlorine for sanitization and ensuring that iron or other transition metals are not present in the water or on the membrane surface can help prevent catalyzed membrane degradation. Using alternative oxidizing agents like sodium metabisulfite (SMBS) can also be effective in removing free chlorine without damaging the membranes.","To protect RO (reverse osmosis) membranes from chlorine damage, it is essential to avoid using chlorine as a sanitizing agent due to its potential to oxidize and damage the membranes. Instead, alternative oxidizing agents that are less harmful to RO membranes, such as chlorine dioxide, hydrogen peroxide, ozone, and permanganate, should be used properly. Additionally, implementing proper water treatment practices, such as pre-treatment to remove oxidizing agents before they reach the RO membranes, and regular maintenance and monitoring of the system can help ensure the longevity and effectiveness of the RO membranes. It is also crucial to follow the manufacturer's guidelines for the use and maintenance of RO membranes to prevent damage from oxidizing agents.","RO membranes can be protected from chlorine damage by using an activated carbon bed for dechlorination of feed water, which effectively removes free chlorine. Additionally, pretreating the water to remove residual free chlorine before it comes into contact with the membranes can prevent oxidation and damage. It's also important to avoid the presence of iron or other transition metals in the water or on the membrane surface, as they can catalyze membrane degradation. Filmtec recommends these measures to maintain membrane integrity and performance.","RO membranes can be protected from chlorine damage by pretreating the water to remove residual free chlorine before it comes into contact with the membranes. This pretreatment process helps to prevent the oxidation of the membranes, which is not covered under warranty and can lead to a loss of salt rejection. Additionally, it is important to use other oxidizing agents like chlorine dioxide, hydrogen peroxide, ozone, and permanganate with caution, as they can also damage RO membranes if not used properly. Filmtec membranes have some tolerance to chlorine, but to ensure their longevity and performance, it is best to minimize chlorine exposure.","RO membranes can be protected from chlorine damage by pretreating the feed water to remove residual free chlorine before it comes into contact with the membrane. This can be achieved by using an activated carbon bed, which is effective in the dechlorination of RO feed water. Additionally, using chlorine-resistant membrane materials such as polysulfone or ceramic membranes can also help retard biological fouling and reduce the need for frequent cleaning. Proper prefiltration can also minimize the cleaning requirements for RO membranes. It is important to avoid intentionally adding chlorine for sanitization purposes, as it can catalyze membrane degradation. If chlorine is present, it should be removed carefully to protect the membranes from oxidation, which is not covered under warranty.","RO membranes can be protected from chlorine damage by using chlorine-resistant membrane materials such as polysulfone or ceramic membranes. Additionally, it is important to remove residual free chlorine by pretreatment prior to membrane exposure. If chlorine is used for sanitizing, it should be done with caution and in accordance with the guidelines to prevent oxidation, which is not covered under warranty.",0.8560366630554199,0.9021918773651123,0.878508448600769
75.0,membrane systems should include ORP monitoring to verify complete dechlorination before membrane contact,Why is ORP monitoring important in RO systems?,"It verifies that chlorine has been fully removed from feedwater before it reaches the membranes, preventing oxidation damage.","ORP (Oxidation-Reduction Potential) monitoring is important in RO (Reverse Osmosis) systems because it helps in assessing the water quality and the effectiveness of the water treatment process. ORP values indicate the water's ability to oxidize or reduce contaminants, which is crucial for ensuring that the water being treated is free from harmful substances and that the RO membranes are not being damaged by oxidizing or reducing agents. By monitoring ORP, operators can make informed decisions about the need for pretreatment, adjust chemical dosing, and maintain the overall efficiency and longevity of the RO system. This is especially important in the context of water scarcity and environmental concerns, where maximizing recovery and maintaining high water quality are essential.","ORP (Oxidation-Reduction Potential) monitoring is important in RO (Reverse Osmosis) systems because it helps in assessing the water quality and the effectiveness of the treatment process. ORP values indicate the water's ability to break down contaminants, including organic and inorganic compounds. By monitoring ORP, operators can ensure that the water is adequately treated to prevent contamination, which is crucial for maintaining the integrity of the RO system and the quality of the purified water. Additionally, ORP monitoring can help in detecting any potential issues with the system, such as the presence of harmful substances that could damage the RO membranes or affect the overall performance of the system. This is particularly important in the context of water scarcity and environmental concerns, where the efficiency and reliability of water treatment processes are critical.","ORP (Oxidation-Reduction Potential) monitoring is important in RO (Reverse Osmosis) systems because it helps in assessing the water quality and detecting any contamination that may affect the performance of the system. ORP values can indicate the presence of oxidizing or reducing agents in the water, which can influence the efficiency of the RO process. For example, low levels of hydrogen sulfide (H2S) can adversely affect the performance of RO or NF (Nanofiltration) systems. By monitoring ORP, operators can identify and correct issues that may cause a loss in specific flux, ensuring the system operates effectively and maintains water quality. Additionally, ORP monitoring can help in detecting the presence of waste water effluent, which is crucial for preventing contamination of the raw water intake and maintaining the integrity of the RO plant.","ORP (Oxidation-Reduction Potential) monitoring is important in RO (Reverse Osmosis) systems because it helps in detecting the presence of contaminants such as hydrogen sulfide (H2S) and other reducing agents that can adversely affect the performance of the system. Low levels of H2S, as low as 0.1 mg/L, can significantly impact the efficiency of RO or NF (Nanofiltration) systems. By monitoring ORP, operators can identify and correct issues related to water contamination, ensuring the system operates effectively and maintaining the desired water quality. Additionally, ORP monitoring can help in assessing the overall water quality and detecting any changes that may indicate fouling or other problems, allowing for timely interventions to restore system performance.","ORP (Oxidation-Reduction Potential) monitoring is important in RO (Reverse Osmosis) systems because it helps to detect the absence of chlorine, which is a disinfectant used to prevent microbial growth and biofouling in the system. Without chlorine, there is an increased risk of microbial contamination, which can lead to system failure, reduced efficiency, and potential health hazards. By monitoring ORP, operators can ensure that the appropriate levels of chlorine are maintained, thereby protecting the integrity and performance of the RO system. Additionally, ORP monitoring can help in assessing the overall water quality and ensuring that the water being treated meets the required standards.","ORP (oxidation-reduction potential) monitoring is important in RO (reverse osmosis) systems because it helps to detect the absence of chlorine, which is often used as a disinfectant in water treatment processes. Chlorine is necessary to prevent microbial growth and maintain water quality. By monitoring ORP, operators can ensure that the water being treated has the appropriate level of oxidation, which is crucial for the effective operation of the RO system and to avoid potential problems such as biofouling or corrosion. Additionally, ORP monitoring can help in maintaining the overall health of the RO system by ensuring that the water chemistry is conducive to optimal performance and longevity of the system components.","ORP (Oxidation-Reduction Potential) monitoring is important in RO (Reverse Osmosis) systems because it helps in assessing the water quality and the effectiveness of the RO process. ORP values indicate the water's ability to break down contaminants, including organic and inorganic substances. By monitoring ORP, operators can ensure that the water being treated is within the optimal range for the RO membranes to function effectively, preventing membrane fouling and degradation. Additionally, ORP monitoring can help in detecting the presence of harmful substances that could compromise the safety and quality of the treated water. Therefore, accurate ORP measurements are crucial for maintaining the efficiency and longevity of RO systems, as well as ensuring the production of safe and clean water.","ORP (Oxidation-Reduction Potential) monitoring is important in RO (Reverse Osmosis) systems because it helps to assess the water's ability to break down contaminants and prevent biofouling. ORP levels indicate the water's oxidative or reductive state, which can influence the efficiency of the RO process and the quality of the treated water. By monitoring ORP, operators can ensure that the water chemistry is optimized for the RO system, leading to better performance, reduced membrane fouling, and longer membrane life. Additionally, ORP monitoring can help in identifying any potential issues with water quality that could affect the RO system's operation, such as the presence of harmful bacteria or other microorganisms that could cause contamination or damage to the system. Therefore, accurate ORP monitoring is crucial for maintaining the efficiency and effectiveness of RO systems, especially in the context of water scarcity and environmental concerns.","ORP (Oxidation-Reduction Potential) monitoring is important in RO (Reverse Osmosis) systems because it helps in assessing the water quality and the effectiveness of the treatment process. ORP values indicate the water's ability to oxidize or reduce contaminants, which is crucial for maintaining the performance of the RO system. Low ORP levels, as low as 0.1 mgl, can adversely affect the performance of RO or NF (Nanofiltration) systems. By monitoring ORP, operators can detect and correct issues related to water contamination, such as waste water effluent, which can cause serious problems in the RO plant. Additionally, ORP monitoring helps in identifying and addressing aggressive permeate, which can lead to a loss in specific flux. Proper ORP control ensures that the RO system operates efficiently and effectively, minimizing fouling problems and maintaining optimal water quality.","ORP (Oxidation-Reduction Potential) monitoring is important in RO (Reverse Osmosis) systems because it helps in detecting the presence of contaminants that can adversely affect the performance of the system. For instance, low levels of H2S (hydrogen sulfide) can significantly impact the efficiency of RO or NF (Nanofiltration) systems. By monitoring ORP, operators can identify and correct issues related to water quality, ensuring that the system operates optimally and maintains its specific flux. This proactive approach helps in preventing serious fouling problems and maintaining the overall health and efficiency of the RO system.","ORP (Oxidation-Reduction Potential) monitoring is important in RO (Reverse Osmosis) systems because it helps to detect the absence of chlorine, which is a disinfectant used to prevent microbial growth and biofouling in the system. Without chlorine, microorganisms can proliferate, leading to biofouling, which can clog the RO membranes and reduce the system's efficiency. By monitoring ORP, operators can ensure that the disinfectant levels are adequate to maintain water quality and system performance, thereby preventing potential damage to the RO system and ensuring safe drinking water.","ORP monitoring is important in RO systems because it helps in detecting the absence of chlorine, which is a critical factor in maintaining the system's performance and preventing microbial growth. Chlorine is often used as a disinfectant to control biofouling and ensure the water quality. By monitoring the oxidation-reduction potential (ORP), operators can ensure that the disinfectant levels are adequate, thus protecting the system from contamination and maintaining its efficiency. This is crucial for preventing serious problems that could arise from microbial contamination, which can adversely affect the performance of the RO or NF systems.",0.825087308883667,0.8768352270126343,0.8501745462417603
76.0,chlorine reacts instantly with water to form HOCl and HCl; this fast reaction supports immediate disinfection,"How fast does chlorine react with water, and what does it form?","Chlorine reacts almost instantly with water to form hypochlorous acid (HOCl) and hydrochloric acid (HCl), enabling rapid disinfection.","Chlorine reacts with water to form hypochlorous acid (HOCl) and hydrochloric acid (HCl). The reaction is relatively fast, occurring almost instantaneously when chlorine gas is added to water. The formation of these acids is crucial for the disinfection process, as hypochlorous acid is the primary active disinfectant species. The reaction can be represented by the following chemical equation:

Cl2 + H2O → HOCl + HCl","Chlorine reacts with water to form chloramines, which are compounds created from the reaction of chlorine with ammonia compounds present in the water. Additionally, chlorine is consumed by the oxidation of organic compounds present in the water. The reaction time allowed for these processes is 2030 minutes.",Chlorine reacts rapidly with water to form hypochlorous acid (HOCl). The reaction is faster under alkaline pH conditions compared to neutral or acidic pH conditions. Hypochlorous acid is a strong disinfectant and is the primary active form of chlorine that contributes to its effectiveness in water treatment processes.,"Chlorine reacts with water relatively quickly, especially under alkaline pH conditions where the reaction is faster than at neutral or acidic pH. When chlorine reacts with water, it forms hypochlorous acid (HOCl) and hydrochloric acid (HCl). This reaction is part of the process that leads to the formation of chloramines when chlorine reacts with ammonia compounds present in the water. Additionally, chlorine can also react with bromide ions to form hypobromous acid (HOBr) and bromine (Br2). The reaction time for chlorine to effectively disinfect water is typically around 2030 minutes, after which it is continuously added to maintain the desired level of disinfection.","Chlorine reacts rapidly with water to form hypochlorous acid (HOCl). The reaction is as follows:

Cl2 + H2O → HOCl + HCl

This reaction is quite fast and is one of the reasons why chlorine is an effective disinfectant for water treatment. The formation of hypochlorous acid is crucial because it is a strong oxidizing agent that can inactivate most pathogenic microorganisms quickly.",Chlorine reacts rapidly with water to form hypochlorous acid (HOCl) and hydrochloric acid (HCl). The reaction is faster under alkaline pH conditions compared to neutral or acidic pH levels. Hypochlorous acid is a strong disinfectant and is responsible for the antimicrobial properties of chlorine in water treatment processes.,"Chlorine reacts with water at a rate that is typically rapid, forming a mixture of hydrochloric acid (HCl) and hypochlorous acid (HOCl). The reaction can be represented by the following chemical equation:

Cl2 + H2O → HCl + HOCl

This reaction is important in water treatment because hypochlorous acid is a strong disinfectant that helps to kill bacteria and other pathogens in the water. The rate of reaction can be influenced by factors such as temperature, pH, and the presence of other substances in the water.","Chlorine reacts with water at a rate that necessitates a reaction time of 2030 minutes to allow for the formation of chloramines, which are compounds created from the reaction of chlorine with ammonia compounds present in the water. Additionally, chlorine reacts with organic compounds in the water, leading to its consumption. Chlorine is added continuously at the water's intake to ensure disinfection.",Chlorine reacts rapidly with water to form hypochlorous acid (HOCl). This reaction is faster under alkaline pH conditions compared to neutral or acidic pH conditions. Hypochlorous acid is a strong disinfectant and is responsible for the germicidal properties of chlorine in water treatment processes.,"Chlorine reacts quickly with water, forming hypochlorous acid (HOCl) and hydrochloric acid (HCl). The reaction is faster under alkaline pH conditions compared to neutral or acidic pH levels. Chlorine is also consumed in the oxidation of organic compounds present in the water. Additionally, chlorine reacts with ammonia compounds to form chloramines. Chlorine is continuously added at the intake, and a reaction time of 2030 minutes is recommended. Bromide in the water reacts rapidly with hypochlorous acid to form hypobromous acid (HOBr).",Chlorine reacts rapidly with water to form hypochlorous acid (HClO). This reaction is faster under alkaline pH conditions compared to neutral or acidic pH. Hypochlorous acid is a strong disinfectant and is responsible for the germicidal properties of chlorine in water treatment.,Chlorine reacts rapidly with water to form hypochlorous acid (HOCl) and hydrochloric acid (HCl). The reaction is faster under alkaline pH conditions compared to neutral or acidic pH levels. Hypochlorous acid is a strong disinfectant and is responsible for the oxidation of organic compounds and the inactivation of pathogenic microorganisms in water treatment processes.,0.8905635476112366,0.9539279937744141,0.9211574196815491
77.0,hypochlorous acid (HOCl) is weak acid that dissociates into hydrogen ion (H⁺) and hypochlorite ion (OCl⁻); equilibrium depends on pH,How does HOCl behave in water and what affects its equilibrium?,"HOCl dissociates into H⁺ and OCl⁻, with the equilibrium and disinfecting power shifting based on pH—lower pH favors HOCl, the stronger disinfectant.","In water, hypochlorous acid (HOCl) behaves as a weak acid and hydrolyzes instantaneously to form hypochlorous acid (HOCl) and hydrogen ions (H+), as well as hypochlorite ions (OCl-). The equilibrium of HOCl in water is affected by the pH level and temperature. As the pH decreases (becomes more acidic), the fraction of undissociated HOCl increases, while the fraction of dissociated HOCl (which forms H+ and OCl-) also increases. Conversely, as the temperature decreases, the fraction of undissociated HOCl increases as well. This means that in more acidic conditions or at lower temperatures, there is a higher concentration of undissociated HOCl in the solution.","HOCl, or hypochlorous acid, behaves as a weak acid when it is dissolved in water. It dissociates to form hydrogen ions (H+) and hypochlorite ions (OCl-). The equilibrium of this dissociation is affected by several factors, including the pH of the solution and the temperature. At a pH of 8, where 72% of HOCl is dissociated, the dissociation is significant, indicating that the solution is slightly basic. The fraction of dissociated HOCl also increases as the temperature decreases, suggesting that the dissociation process is exothermic. Therefore, lower temperatures favor the formation of hypochlorite ions from HOCl in water.","In water, HOCl (hypochlorous acid) behaves as a weak acid and hydrolyzes instantaneously to form hypochlorous acid (HOCl) and hypochlorite ions (OCl-). The equilibrium of HOCl in water is affected by the pH level; as the pH decreases (becomes more acidic), the fraction of undissociated HOCl increases, while the fraction of dissociated hypochlorite ions increases. Additionally, the solubility of calcium carbonate (CaCO3) in water, which can affect the equilibrium, is dependent on the pH, as adding an acid shifts the equilibrium to the left, keeping calcium carbonate dissolved. The rate of chlorine attack, which involves HOCl, also depends on various feed water characteristics.","HOCl, or hypochlorous acid, behaves as a weak acid when dissolved in water. It dissociates to form hydrogen ions (H+) and hypochlorite ions (OCl-). The equilibrium of this dissociation is affected by the pH of the solution. At a higher pH, the equilibrium shifts to the left, favoring the undissociated HOCl, while at a lower pH, the equilibrium shifts to the right, favoring the formation of H+ and OCl- ions. Additionally, the solubility of calcium carbonate (CaCO3) can be influenced by the pH, as adding acid (H+) can shift the equilibrium to keep calcium carbonate dissolved. This is relevant because the presence of calcium ions (Ca2+) can also affect the dissociation of HOCl, as seen in the reactions involving calcium hypochlorite (Ca(OCl)2). Overall, the behavior of HOCl in water is pH-dependent, and its equilibrium can be influenced by the presence of other ions and the solubility of compounds like calcium carbonate.","HOCl, or hypochlorous acid, behaves in water by hydrolyzing instantaneously to form hypochlorous acid (Cl2 H2O) and hydrochloric acid (HCl). It also dissociates to form hypochlorite ions (OCl-) and hydrogen ions (H+). The equilibrium of HOCl in water is affected by the pH level. As the pH decreases (becomes more acidic), the fraction of undissociated HOCl increases, while the fraction of dissociated HOCl also increases. This means that in more acidic conditions, there is a higher concentration of undissociated HOCl, which is a stronger disinfectant. Conversely, in more alkaline conditions (higher pH), there is a higher concentration of dissociated HOCl, which is less effective as a disinfectant. Additionally, the solubility of calcium carbonate (CaCO3) in water is influenced by pH, as adding acid can shift the equilibrium to keep calcium carbonate dissolved, which indirectly affects the concentration of HOCl in the water. The rate of chlorine attack, which includes the reactions of HOCl, also depends on various feed water characteristics, such as temperature, which affects the fraction of undissociated and dissociated HOCl.","HOCl, or hypochlorous acid, behaves as a weak acid when it dissolves in water. It dissociates to form hydrogen ions (H+) and hypochlorite ions (OCl-). The equilibrium of this dissociation is affected by the pH of the water. At a pH of 8, where 72% of HOCl is dissociated, about 17% of another compound, HBr, is dissociated. The solubility of calcium carbonate (CaCO3) is also pH-dependent, and by adding an acid, the equilibrium can be shifted to the left, keeping calcium carbonate dissolved. This indicates that the presence of acids can influence the dissociation equilibrium of HOCl in water. Additionally, the fraction of HOCl increases with decreasing temperature, suggesting that temperature is another factor affecting its equilibrium. The reactions of HOCl are also influenced by the salinity of the water, as indicated by the mention of seawater and brackish waters with total dissolved solids (TDS) of 10,000 mg/L in the concentrate stream. The stiff Davis stability is another factor that can affect the behavior of HOCl in water.","In water, hypochlorous acid (HOCl) behaves as a weak acid and hydrolyzes instantaneously to form hypochlorite ions (ClO⁻) and hydrogen ions (H⁺). The equilibrium of HOCl in water is affected by the pH and temperature. As the pH decreases (becomes more acidic), the fraction of undissociated HOCl increases, and as the temperature decreases, the fraction of undissociated HOCl also increases. This means that at lower pH levels and lower temperatures, more HOCl remains undissociated in the solution. Conversely, at higher pH levels and higher temperatures, more HOCl dissociates into hypochlorite ions and hydrogen ions.","HOCl behaves in water by dissociating into hydrogen ions (H+) and hypochlorite ions (OCl-). This dissociation process results in the formation of hypochlorous acid (HOCl), which is a weak acid and partially dissociates in water. The equilibrium of HOCl in water is affected by several factors, including temperature and pH. As the temperature decreases, the fraction of dissociated HOCl increases, indicating that the dissociation reaction is exothermic. Additionally, at a pH of 8, where 72% of HOCl is dissociated, about 17% of hypochlorite (OCl-) is dissociated, showing that the degree of dissociation is also influenced by the pH level of the solution.","In water, HOCl (hypochlorous acid) behaves as a weak acid and dissociates into hydrogen ions (H+) and hypochlorite ions (OCl-). The equilibrium of HOCl in water is affected by the pH level; a lower pH (more acidic conditions) increases the fraction of undissociated HOCl, while a higher pH (more alkaline conditions) increases the fraction of dissociated ions (H+ and OCl-). Additionally, temperature can influence the fraction of undissociated HOCl, with lower temperatures favoring more undissociated HOCl. The solubility of calcium carbonate (CaCO3) in water is also pH-dependent, as adding acid (H+) shifts the equilibrium to keep calcium carbonate dissolved. The rate of chlorine attack, which involves HOCl, depends on various characteristics of the feed water.","HOCl, or hypochlorous acid, behaves as a weak acid when dissolved in water, dissociating into hydrogen ions (H+) and hypochlorite ions (OCl-). This dissociation is influenced by the pH of the solution; at a pH of 8, a significant portion of HOCl is dissociated, with 72% of it dissociating into its ions. The equilibrium of HOCl in water can be affected by changes in temperature, as the fraction of dissociated HOCl increases with decreasing temperature. Additionally, the solubility of calcium carbonate (CaCO3) can be influenced by the pH, as adding an acid shifts the equilibrium to keep calcium carbonate dissolved, which indirectly affects the concentration of HOCl in the solution.","HOCl, or hypochlorous acid, behaves in water by hydrolyzing instantaneously to form hypochlorous acid (Cl2 H2O) and hydrochloric acid (HCl). It also dissociates to form hypochlorite ions (OCl-) and hydrogen ions (H+). The equilibrium of HOCl in water is affected by the pH level; as the pH decreases (becomes more acidic), the fraction of undissociated HOCl increases, and the fraction of dissociated HOCl also increases. This means that in more acidic conditions, there is a higher concentration of undissociated HOCl. Additionally, the solubility of calcium carbonate (CaCO3) in water is influenced by pH, as adding acid (H+) can shift the equilibrium to keep calcium carbonate dissolved. The reactions of HOCl and the rate of chlorine attack in water are also dependent on various water characteristics, such as the presence of other ions and the overall composition of the water.","HOCl, or hypochlorous acid, behaves as a weak acid when it dissolves in water. It dissociates to form hydrogen ions (H+) and hypochlorite ions (OCl-). The equilibrium of this dissociation is affected by the pH of the water. At a pH of 8, where 72% of HOCl is dissociated, about 17% of another compound, HOBR, is also dissociated. The solubility of calcium carbonate (CaCO3) is also pH-dependent; by adding an acid, the equilibrium can be shifted to the left, keeping calcium carbonate dissolved. This indicates that the presence of acids can influence the dissociation of HOCl by altering the pH of the solution. Additionally, the fraction of HOCl that is dissociated increases with decreasing temperature, suggesting that temperature is another factor that affects its equilibrium in water.",0.8220377564430237,0.8605306148529053,0.840843915939331
78.0,free available chlorine includes HOCl and OCl⁻; combined chlorine includes chloramine compounds formed with ammonia,What is the difference between free and combined chlorine in water?,"Free chlorine consists of HOCl and OCl⁻, effective disinfectants, while combined chlorine includes chloramines formed from chlorine reacting with ammonia.","Free chlorine refers to the sum of combined chlorine (such as chloramines, represented by NaOCl, Ca(OCl)2, and HOC1) and free available chlorine (Cl2). Combined chlorine is chlorine that has reacted with nitrogen-containing compounds in the water, forming chloramines, which are used as a disinfectant but are less effective than free chlorine. Free available chlorine, on the other hand, is chlorine that has not yet reacted with other substances and is available to disinfect the water. Total residual chlorine is the sum of free and combined chlorine, representing the overall chlorine content in the water that contributes to disinfection. In seawater, the presence of bromide ions can also affect the chlorine chemistry, leading to the formation of brominated compounds. The effectiveness of chlorine as a disinfectant can be influenced by the pH of the water, with different proportions of free and combined chlorine present at different pH levels. Chlorine is also consumed by the oxidation of organic compounds in the water, which can reduce the amount of free chlorine available for disinfection.","The difference between free and combined chlorine in water is that free chlorine refers to the chlorine that is not chemically combined with other substances and is available to disinfect, while combined chlorine refers to chlorine that has reacted with nitrogenous compounds in the water, forming chloramines, which are less effective as disinfectants. Free chlorine is typically measured as hypochlorous acid (HOCl) or hypochlorite ion (OCl-), and it is more potent in killing bacteria and viruses. Combined chlorine, on the other hand, is present as chloramines and is used to maintain a residual disinfectant level in the water distribution system to prevent microbial growth. The effectiveness of chlorine as a disinfectant decreases as the pH of the water increases, with more chlorine being present as combined chlorine at higher pH levels.","The difference between free and combined chlorine in water is that free chlorine refers to the sum of hypochlorous acid (HOCI) and the hypochlorite ion (OCL), which are the active forms of chlorine that are available to disinfect water. Combined chlorine, on the other hand, refers to chlorine that has reacted with nitrogenous compounds in the water to form chloramines (such as monochloramine, dichloramine, and nitrogen trichloride). Free chlorine is more effective at killing bacteria and viruses, while combined chlorine is less effective as a disinfectant but is used to control odors and tastes in water. Free chlorine is expressed as free available chlorine (FAC) or free residual chlorine (FRC), while combined chlorine is part of the total residual chlorine (TRC) when both free and combined chlorine are present.","The difference between free and combined chlorine in water is that free chlorine refers to the chlorine that is not chemically combined with other substances and is available to disinfect, while combined chlorine refers to chlorine that has reacted with organic matter or other substances in the water to form chloramines or other chlorinated compounds, which are less effective as disinfectants. Free chlorine is typically measured as free available chlorine (FAC) or free residual chlorine (FRC), whereas combined chlorine is often referred to as combined available chlorine (CAC) or combined residual chlorine (CRC). Free chlorine is more potent in killing bacteria and other pathogens, whereas combined chlorine is more stable and persistent in the water distribution system.","Free chlorine refers to chlorine that is available to disinfect water, including both hypochlorous acid (HOCI) and hypochlorite ion (OCL-). It is the sum of these two forms and is effective at killing bacteria and other pathogens. Free chlorine is measured as free available chlorine (FAC) or free residual chlorine (FRC) and is expressed in milligrams per liter (mgl) of chlorine gas (Cl2).

Combined chlorine, on the other hand, is chlorine that has reacted with nitrogen-containing compounds, such as ammonia, in the water to form chloramines. There are two types of chloramines: monochloramine (NH2Cl) and dichloramine (NHCl2). Combined chlorine is not as effective as free chlorine at killing bacteria and is generally not recommended for sanitization purposes. It is measured as combined available chlorine (CAC) or combined residual chlorine (CRC).

In summary, the difference between free and combined chlorine in water is that free chlorine is available for disinfection, while combined chlorine has reacted with other compounds and is less effective as a disinfectant. Free chlorine is expressed as FAC or FRC, and combined chlorine is expressed as CAC or CRC.","Free chlorine refers to the chlorine that is not chemically combined with other substances in the water and is available to disinfect and kill bacteria. It exists in two forms: hypochlorous acid (HOCl) and the hypochlorite ion (OCl-). Free chlorine is most effective at lower pH levels, where it predominantly exists as HOCl.

Combined chlorine, on the other hand, is chlorine that has reacted with nitrogen-containing compounds, such as ammonia, in the water to form chloramines (monochloramine, dichloramine, and trichloramine). Combined chlorine is not as effective as free chlorine in killing bacteria and viruses, but it is more stable and provides longer-lasting disinfection. It is commonly used in water treatment to maintain a residual disinfectant level in the distribution system, ensuring that the water remains safe as it travels through pipes to consumers.","Free chlorine refers to the sum of combined chlorine (such as chloramines) and free available chlorine (such as hypochlorous acid, HOCI, and hypochlorite ion, OCL), which is expressed as milligrams per liter of chlorine gas (mgl Cl2). Combined chlorine, on the other hand, is chlorine that has reacted with nitrogen-containing compounds in the water to form chloramines (NH2Cl, NHCl2, and NCl3) and other chloramines. While free chlorine is available to disinfect and is more effective at killing bacteria and viruses, combined chlorine is less effective as a disinfectant but can provide a longer-lasting residual effect in the water. Free chlorine is present in higher concentrations at higher pH levels, while combined chlorine is more stable at lower pH levels.","The difference between free and combined chlorine in water is that free chlorine refers to the chlorine that is not chemically combined with other substances and is available to disinfect, while combined chlorine refers to chlorine that has reacted with nitrogen-containing compounds in the water to form chloramines, which are less effective as disinfectants. Free chlorine is typically measured as free available chlorine (FAC) or free residual chlorine (FRC), and combined chlorine is measured as total residual chlorine (TRO). In seawater, the presence of bromide can affect the proportion of free versus combined chlorine, as bromide can react with chlorine to form bromamines. The pH and total dissolved solids (TDS) of the water can also influence the balance between free and combined chlorine. For example, at a pH of 7.5, only a small percentage of the chlorine is present as free hypochlorous acid (HOCI), which is the more effective disinfectant form, while at a lower pH of 6.5, a higher percentage is present as free HOCI.","The difference between free and combined chlorine in water is that free chlorine refers to the sum of hypochlorous acid (HOC1) and the hypochlorite ion (OCl-), which are the active forms of chlorine that are available to disinfect water. Combined chlorine, on the other hand, refers to the chlorine that has reacted with nitrogen-containing compounds in the water to form chloramines (NH2Cl, NHCl2, and NCl3). Free chlorine is more effective at killing bacteria and viruses, while combined chlorine is less effective as a disinfectant but is used to control odors and tastes in water. Free available chlorine (FAC) or free residual chlorine (FRC) is the total concentration of free chlorine in the water, and total residual chlorine (TRC) is the sum of free and combined chlorine. In seawater, the presence of bromide can also affect the chlorine chemistry, leading to the formation of bromamines. Free chlorine can be reduced to harmless chlorides by activated carbon or chemical reducing agents, such as sodium metabisulfite.","The difference between free and combined chlorine in water is that free chlorine exists as hypochlorous acid (HOCl) or hypochlorite ion (OCl-) and is available to react with and inactivate contaminants. Combined chlorine, on the other hand, refers to chlorine that has reacted with organic matter, ammonia, or other substances in the water to form chloramines (such as monochloramine, dichloramine, or trichloramine) or other chlorinated compounds. Free chlorine is more effective at disinfecting water, while combined chlorine is less effective but provides longer-lasting residual protection against contaminants.","Free chlorine refers to the sum of chlorine species that are not chemically combined with other substances in the water, such as hypochlorous acid (HOCI) and the hypochlorite ion (OCL-). It is available to disinfect and sanitize water. Combined chlorine, on the other hand, refers to chlorine that has reacted with nitrogen-containing compounds, such as ammonia, to form chloramines (e.g., monochloramine, dichloramine, and nitrogen trichloride). Combined chlorine is less effective as a disinfectant compared to free chlorine and is not typically used for water disinfection. The presence of combined chlorine indicates that chlorine has been consumed in the formation of these compounds, reducing the overall disinfecting power of the chlorine in the water.","The difference between free and combined chlorine in water is that free chlorine refers to the unreacted chlorine that is available to disinfect and is present in the water at concentrations typically above 0.5 mg/L, while combined chlorine refers to chlorine that has reacted with other substances in the water, such as ammonia, to form chloramines or other disinfection byproducts. Free chlorine is more effective at killing bacteria and viruses, but combined chlorine is less effective as a disinfectant and can contribute to the formation of potentially harmful byproducts.",0.8312113285064697,0.8896138072013855,0.8594214916229248
79.0,total residual chlorine (TRC) = free chlorine + combined chlorine; essential metric for verifying adequate disinfection and membrane safety,Why is measuring total residual chlorine important in RO pretreatment?,It ensures proper disinfection levels while verifying that chlorine levels are low enough to prevent membrane damage.,"Measuring total residual chlorine (TRC) is important in RO pretreatment because it ensures that there is an adequate concentration of chlorine, both free and combined, to maintain the germicidal efficiency throughout the pretreatment line. This is crucial for effectively disinfecting the water and preventing microbial contamination, which can compromise the performance and longevity of the RO system. Additionally, monitoring TRC helps in managing the balance between disinfection and the potential for fouling, as excessive chlorine can lead to the formation of harmful by-products or contribute to the accumulation of unwanted substances on the RO membranes. Therefore, maintaining the appropriate TRC level is essential for the optimal operation and maintenance of the RO pretreatment process.","Measuring total residual chlorine is important in RO (Reverse Osmosis) pretreatment because it ensures that the combined concentration of free and combined available residual chlorine is maintained at an optimal level throughout the entire pretreatment line. This is crucial for effectively disinfecting the water and preventing microbial contamination. Additionally, it helps in preventing the formation of harmful disinfection by-products and ensures that the pretreatment chemicals are properly incorporated into the agglomerates, reducing the risk of fouling and maintaining the efficiency and longevity of the RO system. Maintaining the appropriate total residual chlorine concentration also helps in achieving the desired water quality and safety standards.","Measuring total residual chlorine is important in RO pretreatment because it ensures that the combined concentration of free and combined available residual chlorine (TRC) is maintained at an effective level for disinfection. This is crucial for the germicidal efficiency of free residual chlorine, which is directly related to the concentration of undissociated hypochlorous acid (HOCI). Maintaining the appropriate TRC level helps prevent microbial contamination and fouling, which can compromise the performance and longevity of the RO system. Additionally, since oxidation is not covered under warranty, it is recommended to remove residual free chlorine by pretreatment prior to membrane exposure to avoid potential damage to the membranes. Therefore, monitoring TRC helps in achieving optimal water quality and system efficiency.","Measuring total residual chlorine is important in RO pretreatment because it ensures that the combined concentration of free and combined available residual chlorine is maintained at an optimal level to effectively disinfect the water while preventing potential fouling of the RO membranes. This balance is crucial for the longevity and efficiency of the RO system, as excessive chlorine can lead to membrane damage and reduced performance, whereas insufficient chlorine may not adequately protect against microbial contamination. By monitoring total residual chlorine, operators can adjust the pretreatment process to maintain water quality and system integrity.","Measuring total residual chlorine is important in RO pretreatment because it provides a comprehensive understanding of the chlorine levels present, including both free and combined forms. This is crucial for ensuring the germicidal efficiency of free residual chlorine, which is directly related to the concentration of undissociated hypochlorous acid (HOCI). Maintaining an appropriate total residual chlorine concentration helps in effectively disinfecting the water, preventing microbial contamination, and ensuring the overall safety and quality of the treated water. Additionally, it helps in monitoring and managing the chlorine levels to avoid potential fouling and to comply with recommended practices for potable water treatment.","Measuring total residual chlorine is important in RO pretreatment because it provides a comprehensive understanding of the chlorine present in the water, both as free chlorine and combined chlorine (hypobromous acid and hypobromite ions). This is crucial for ensuring that the pretreatment chemicals are effectively incorporated into the agglomerates to prevent fouling, and for maintaining the appropriate chlorine levels to ensure water quality and safety. Additionally, since oxidation is not covered under warranty, it is essential to remove residual free chlorine before membrane exposure to protect the RO system. Total residual chlorine measurement helps in achieving the desired chlorine concentration, typically around 0.5 mgl, which is commonly used for treating potable water.","Measuring total residual chlorine (TRC) is important in RO pretreatment because it ensures that there is an adequate concentration of chlorine available to maintain the germicidal efficiency throughout the pretreatment line. The TRC is the sum of free and combined available residual chlorine, which is crucial for the disinfection process. If the TRC is too low, the chlorine may not be effective in killing microorganisms, leading to potential contamination. Additionally, it's important to ensure that the chlorine is incorporated into the agglomerates to prevent fouling, as undissociated chlorine could become a source of fouling if not properly managed. Therefore, monitoring TRC helps in maintaining the effectiveness of the pretreatment process and the overall quality of the water being treated.","Measuring total residual chlorine (TRC) is important in RO pretreatment because it ensures that the combined amount of free and combined available residual chlorine is maintained at an optimal level throughout the pretreatment line. This is crucial for effectively disinfecting the water and preventing microbial contamination. Additionally, it helps in ensuring that the pretreatment chemicals are incorporated into the agglomerates, reducing the risk of fouling and maintaining the efficiency of the RO system. Maintaining the appropriate TRC concentration, such as the specified 0.51.0 mgl, helps in achieving the desired water quality and protecting the RO membranes from potential damage.","Measuring total residual chlorine is important in RO pretreatment because it ensures that the combined concentration of free and combined residual chlorine is sufficient to maintain the desired germicidal efficiency throughout the pretreatment line. This is crucial for effectively disinfecting the water and preventing microbial contamination before it reaches the RO membrane. Additionally, by monitoring total residual chlorine, operators can ensure that the chlorine levels are within the recommended range (around 0.5 mg/L) to avoid potential fouling and damage to the RO system, as well as to comply with health and safety standards for potable water treatment.","Measuring total residual chlorine is important in RO pretreatment because it ensures that the combined concentration of free and combined residual chlorine is maintained at an optimal level to effectively disinfect the water without causing fouling or damage to the RO system. This balance is crucial for the longevity and efficiency of the membrane, as well as for ensuring the water remains safe for consumption. Filmtec recommends removing residual free chlorine before membrane exposure to prevent potential fouling, as oxidation is not covered under warranty. Therefore, monitoring total residual chlorine helps in maintaining the proper balance needed for effective pretreatment.","Measuring total residual chlorine is important in RO pretreatment because it provides a comprehensive understanding of the chlorine's effectiveness in maintaining water quality. Total residual chlorine, which includes both free and combined chlorine, is crucial for assessing the overall germicidal efficiency of the chlorine used in the pretreatment process. This measurement ensures that there is an adequate concentration of undissociated hypochlorous acid (HOCI), which is the most effective form of chlorine for disinfection. By monitoring total residual chlorine, operators can ensure that the chlorine is properly incorporated into the water, preventing potential fouling and ensuring that the chlorine remains effective throughout the entire pretreatment line. Additionally, since oxidation processes are not covered under warranty, measuring total residual chlorine helps in determining the need for pretreatment to remove residual free chlorine before the water reaches the membrane, thereby protecting the membrane from damage and ensuring the longevity and efficiency of the RO system.","Measuring total residual chlorine is important in RO pretreatment because it provides a comprehensive understanding of the chlorine content in the water, including both free and combined forms. This is crucial for ensuring that the pretreatment chemicals are effectively incorporated into the agglomerates, preventing potential fouling, and maintaining the desired chlorine concentration throughout the pretreatment line. Additionally, since oxidation is not covered under warranty, it is essential to remove residual free chlorine before membrane exposure to protect the RO system. Total residual chlorine measurement helps in achieving the target chlorine levels, typically around 0.5 mgl, which is commonly used for treating potable water, and ensures the effectiveness of the pretreatment process.",0.8386245965957642,0.8892768621444702,0.8632082939147949
80.0,free chlorine most effective at low pH as HOCl predominates; higher pH shifts equilibrium to less effective OCl⁻,How does pH affect the effectiveness of free chlorine?,"At low pH, HOCl is the dominant species and more effective; at high pH, more OCl⁻ forms, which is a weaker disinfectant.","The pH level significantly affects the effectiveness of free chlorine. At a pH of 7.5, only 50% of the residual chlorine is present as hypochlorous acid (HOCI), which is the more effective form for disinfection. However, at a lower pH of 6.5, 90% of the residual chlorine is present as HOCI. Hypochlorous acid is a stronger disinfectant than hypochlorite ion (OCl-), which predominates at higher pH levels. Therefore, the germicidal efficiency of free residual chlorine is directly related to the concentration of undissociated HOCI, which is higher at lower pH levels. This means that maintaining a lower pH can enhance the effectiveness of free chlorine in disinfection processes.","The pH level significantly affects the effectiveness of free chlorine. At a pH of 7.5, only 50% of the free residual chlorine is present as hypochlorous acid (HOCI), which is the more effective form for disinfection. However, when the pH drops to 6.5, 90% of the free residual chlorine is in the form of HOCI. This indicates that under alkaline conditions (higher pH), the chlorine is less effective because a smaller proportion of it is in the more active form (HOCI). Conversely, under acidic or neutral conditions (lower pH), chlorine is more effective because a higher proportion of it is in the form of HOCI, which is a stronger germicide. Therefore, maintaining a lower pH can enhance the germicidal efficiency of free residual chlorine.","The pH level significantly affects the effectiveness of free chlorine. At a pH of 7.5, only 50% of the residual chlorine is present as hypochlorous acid (HOCI), which is the more effective form of chlorine for disinfection. However, when the pH drops to 6.5, 90% of the residual chlorine is in the form of HOCI. Hypochlorous acid is a stronger disinfectant than hypochlorite ions (OCl-), which become more prevalent at higher pH levels. Therefore, maintaining a lower pH can enhance the germicidal efficiency of free residual chlorine, as it increases the concentration of the more effective HOCI. Additionally, alkaline conditions slow down the chlorine attack compared to neutral or acidic conditions, further influencing the effectiveness of free chlorine.","pH affects the effectiveness of free chlorine significantly. At a pH of 7.5, only 50% of the free residual chlorine is present as hypochlorous acid (HOCI), which is the more effective form of chlorine for disinfection. However, when the pH drops to 6.5, the concentration of HOCI increases to 90%. This indicates that under alkaline conditions (higher pH), chlorine attack is slower, and the germicidal efficiency of free residual chlorine is lower compared to neutral or slightly acidic conditions (lower pH). Therefore, maintaining a lower pH can enhance the effectiveness of free chlorine as a disinfectant.","The effectiveness of free chlorine is significantly influenced by the pH level of the solution. At a pH of 7.5, only 50% of the residual chlorine is present as hypochlorous acid (HOCI), which is the more effective form for disinfection. However, when the pH drops to 6.5, the concentration of free HOCI increases to 90%. This is because hypochlorous acid is more effective as a disinfectant than hypochlorite ions (OCl-), which predominate at higher pH levels. Therefore, maintaining an acidic pH is preferred for better biocidal effects during chlorination, as it ensures a higher concentration of the more effective free HOCI. Additionally, under alkaline conditions, chlorine reacts faster, which can reduce the amount of free HOCI available for disinfection.","pH significantly affects the effectiveness of free chlorine. Under alkaline pH conditions, chlorine attack is faster than at neutral or acidic pH levels. This increased reactivity at higher pH levels can enhance the germicidal efficiency of free residual chlorine, as the concentration of undissociated hypochlorous acid (HOCI) is directly related to this efficiency. However, it's important to note that both hypobromous acid and hypobromite ions, which can interfere with free residual chlorine measurements, are included in the free residual chlorine value. Therefore, while alkaline conditions can increase the effectiveness of chlorine, the presence of these interfering ions must also be considered. Additionally, residual free chlorine can be reduced to harmless chlorides by activated carbon or chemical reducing agents, which is an important consideration for maintaining effective chlorine levels in water treatment processes.","The pH level significantly affects the effectiveness of free chlorine. At a pH of 7.5, only 50% of the residual chlorine is present as hypochlorous acid (HOCI), which is the more effective form of chlorine for disinfection. However, at a lower pH of 6.5, 90% of the residual chlorine is present as HOCI. This is because HOCI is more prevalent in acidic conditions, and its germicidal efficiency is directly related to its concentration. Therefore, maintaining a lower pH can enhance the effectiveness of free chlorine by increasing the proportion of HOCI, which is more potent as a disinfectant. Additionally, under alkaline conditions, chlorine attack is faster, which can also influence the overall disinfection process. The total residual chlorine (TRC) is the sum of free available chlorine (FAC) and combined available chlorine (CAC), which includes various chlorine species formed through reactions with ammonia nitrogen. The balance between these forms of chlorine and their effectiveness is governed by the pH and the chlorine-to-nitrogen weight ratio.","The effectiveness of free chlorine is influenced by the pH level of the water. At a pH of 7.5, only 50% of the free residual chlorine is present as hypochlorous acid (HOCI), which is the more effective form for disinfection. However, when the pH is lowered to 6.5, the concentration of undissociated HOCI increases to 90%, enhancing the germicidal efficiency of free residual chlorine. Therefore, under alkaline (higher pH) conditions, chlorine attack is slower compared to neutral or slightly acidic (lower pH) conditions, where more undissociated HOCI is available to act as a disinfectant.","The pH level significantly affects the effectiveness of free chlorine. At a pH of 7.5, only 50% of the residual chlorine is present as hypochlorous acid (HOCI), which is the more effective form of chlorine for disinfection. However, when the pH drops to 6.5, 90% of the residual chlorine is in the form of HOCI. Free chlorine is more effective in its undissociated form, HOCI, which is prevalent at lower pH levels. As the pH increases, more chlorine is converted into hypochlorite ions (OCl-), which are less effective as disinfectants. Therefore, maintaining a lower pH can enhance the germicidal efficiency of free residual chlorine. Additionally, alkaline conditions can lead to faster chlorine reactions, which may reduce the availability of free chlorine for disinfection.","The effectiveness of free chlorine is affected by pH in that chlorine attack is faster under alkaline pH conditions compared to neutral or acidic conditions. This means that the germicidal efficiency of free residual chlorine is higher at alkaline pH levels, as indicated by the presence of more undissociated hypochlorous acid (HOCI), which is the more effective form of chlorine for disinfection. However, it's important to note that both hypobromous acid and hypobromite ions can interfere with free residual chlorine measurements, and these are included in the free residual chlorine value. Additionally, residual free chlorine can be reduced to harmless chlorides by activated carbon or chemical reducing agents.","The effectiveness of free chlorine is significantly influenced by the pH level of the solution. At a pH of 7.5, only 50% of the residual chlorine is present as hypochlorous acid (HOCI), which is the more effective form for disinfection. However, when the pH drops to 6.5, the concentration of HOCI increases to 90%. This is because hypochlorous acid is more effective as a disinfectant than its conjugate base, hypochlorite ion (OCl-), which predominates at higher pH levels.

Under alkaline conditions, the formation of hypochlorite ions is favored, which are less effective as disinfectants compared to hypochlorous acid. Therefore, maintaining an acidic pH is preferred for better biocidal effects during chlorination, as it ensures a higher concentration of the more effective HOCI. Additionally, the presence of free carbon dioxide in the feed solution can also affect the pH and, consequently, the effectiveness of free chlorine. An acidic pH is generally more conducive to the formation of HOCI, enhancing the germicidal efficiency of free residual chlorine.","pH has a significant impact on the effectiveness of free chlorine. Under alkaline pH conditions, chlorine attack is faster than at neutral or acidic pH levels. This means that the germicidal efficiency of free residual chlorine is higher in alkaline conditions. Additionally, the concentration of undissociated hypochlorous acid (HOCI), which is the more effective form of chlorine for disinfection, is directly related to the pH level. At a pH of 7.5, there is a lower concentration of free residual chlorine as undissociated HOCI, but at a pH of 6.5, the concentration of free residual chlorine is higher, indicating more effective disinfection. Therefore, maintaining an alkaline pH can enhance the effectiveness of free chlorine as a disinfectant.",0.8407061100006104,0.8901887536048889,0.8647401332855225
81.0,presence of organic matter in water consumes chlorine and can lead to formation of harmful disinfection by-products,Why is organic matter a concern during chlorination?,"It reacts with chlorine, reducing disinfection efficiency and forming disinfection by-products that may pose health risks.","Organic matter is a concern during chlorination because it reacts with chlorine, which is used to maintain a free residual chlorine concentration to prevent fouling. This reaction breaks down the organic matter into more biodegradable fragments, which is beneficial for water treatment. However, the presence of chlorine and other oxidizing agents, as mentioned in the context, can lead to premature membrane failure, indicating that while organic matter breakdown is a desired effect, the chemicals used to achieve this can also have detrimental effects on the water treatment system's components, such as membranes. Therefore, managing the balance between preventing fouling and avoiding damage to the system is crucial.","Organic matter is a concern during chlorination because it reacts with chlorine, which can lead to the breakdown of organic matter into more biodegradable fragments. However, this reaction can also cause premature membrane failure in water treatment systems if chlorine and other oxidizing agents are present under certain conditions. Maintaining a free residual chlorine concentration is necessary to prevent fouling of water treatment components, but it must be carefully managed to avoid damaging the membranes.","Organic matter is a concern during chlorination because it reacts with chlorine, which is used to prevent fouling in water treatment processes. When chlorine comes into contact with organic matter in the water, it breaks down the organic compounds into more biodegradable fragments. However, this reaction also consumes chlorine, leading to a chlorine demand. If the chlorine demand is not met, there may not be enough residual chlorine to effectively prevent fouling. Additionally, the presence of chlorine and other oxidizing agents can cause premature membrane failure if not properly managed. Therefore, controlling the organic content in the water is crucial to ensure the effectiveness of chlorination and the longevity of the water treatment system.","Organic matter is a concern during chlorination because it reacts with chlorine, which is used to maintain a free residual chlorine concentration to prevent fouling. This reaction breaks down the organic matter into more biodegradable fragments. However, this process also consumes chlorine, reducing its availability to maintain the desired concentration for preventing fouling. Additionally, the presence of chlorine and other oxidizing agents can cause premature membrane failure in water treatment systems. Therefore, managing the organic content in the water is crucial to ensure effective chlorination and prevent potential damage to the treatment infrastructure.","Organic matter is a concern during chlorination because it reacts with chlorine, which is used as a disinfectant, to form more biodegradable fragments. This reaction helps in breaking down the organic matter, which can otherwise contribute to fouling of water treatment systems. However, the presence of chlorine and other oxidizing agents can also cause premature membrane failure if not managed properly. Additionally, organic matter can provide carbon sources for the development of biofilms on membrane surfaces, further complicating the treatment process. Therefore, maintaining an appropriate chlorine concentration is crucial to effectively manage and prevent fouling caused by organic matter.","Organic matter in water is a concern during chlorination because chlorine reacts with the organic compounds, breaking them down into more biodegradable fragments. This reaction is beneficial as it helps in the degradation of organic pollutants. However, the presence of chlorine and other oxidizing agents can lead to premature membrane failure in water treatment systems, as they can cause damage to the membranes. Additionally, chlorine is consumed in the oxidation of organic compounds, which can reduce the effectiveness of chlorination over time. Organic scale inhibitors are also mentioned, which suggests that organic matter can contribute to scaling issues in the water treatment process. Overall, while chlorine helps in treating organic matter, it also poses risks to the equipment and requires careful management to prevent damage and maintain efficiency.","Organic matter is a concern during chlorination because it reacts with chlorine, which is used to prevent fouling in water treatment processes. The reaction between chlorine and organic matter breaks down the organic compounds into more biodegradable fragments. However, this process can lead to the formation of disinfection by-products and may also cause premature failure of membranes if not managed properly. Additionally, the presence of chlorine and other oxidizing agents can lead to membrane failure under certain conditions, making the management of organic content crucial in chlorination processes.","Organic matter is a concern during chlorination because it reacts with chlorine, which is used to maintain a free residual chlorine concentration to prevent fouling in water treatment processes. When chlorine reacts with the organic matter in the water, it breaks it down into more biodegradable fragments. However, under certain conditions, the presence of chlorine and other oxidizing agents can lead to premature membrane failure, indicating that the reaction between chlorine and organic matter can be problematic for the integrity of water treatment equipment.","Organic matter is a concern during chlorination because it reacts with chlorine, which is used to prevent fouling in water treatment processes. When chlorine reacts with the organic matter in the water, it breaks it down into more biodegradable fragments. However, this reaction also consumes chlorine, leading to a chlorine demand. If the chlorine demand is not met, it can result in insufficient chlorine levels to effectively prevent fouling. Additionally, the presence of chlorine and other oxidizing agents, as mentioned in the context, can cause premature membrane failure under certain conditions. Therefore, managing the organic content in the water is crucial to maintain the effectiveness of chlorination and prevent fouling.","Organic matter is a concern during chlorination because it reacts with chlorine, which is used to maintain a free residual chlorine concentration to prevent fouling. This reaction breaks down the organic matter into more biodegradable fragments, which is beneficial for water treatment. However, the presence of chlorine and other oxidizing agents can also cause premature membrane failure and consume chlorine through the oxidation of organic compounds present in the water. Therefore, managing the levels of organic matter is crucial to ensure the effectiveness of chlorination and the longevity of water treatment equipment.","Organic matter is a concern during chlorination because it reacts with chlorine, which is used as a disinfectant, to form more biodegradable fragments. This reaction helps break down the organic matter, reducing the potential for fouling in water treatment systems. However, the presence of chlorine and other oxidizing agents can also cause premature membrane failure if not managed properly, as they can react with reducing agents and organic compounds in the water, leading to the consumption of chlorine and potential damage to the membranes. Additionally, organic matter can contribute to the formation of biofilms on membrane surfaces, which can further complicate the treatment process and reduce the efficiency of the system.","Organic matter in water is a concern during chlorination because it reacts with chlorine, which is used as a disinfectant. When chlorine comes into contact with organic matter, it breaks down the organic compounds into smaller, more biodegradable fragments. This reaction is beneficial for reducing the organic content in the water, making it safer for industrial use and consumption. However, the presence of chlorine and other oxidizing agents can also lead to the premature failure of membranes used in water treatment processes, as they can cause damage to these components. Additionally, the oxidation of organic compounds by chlorine consumes the chlorine itself, which can reduce the effectiveness of the chlorination process. In some cases, residual free chlorine can be converted into harmless chlorides by activated carbon or chemical reducing agents, but these compounds can also slowly damage the membrane due to their equilibrium with small amounts of free chlorine. Therefore, managing the organic content in water is crucial to maintaining the efficiency and longevity of water treatment systems that utilize chlorination.",0.8310445547103882,0.8772739171981812,0.8535337448120117
82.0,dechlorination removes chlorine using chemicals like sodium bisulfite to protect RO membranes from oxidation damage,How is chlorine removed before RO membrane filtration?,By adding dechlorination agents like sodium bisulfite to neutralize chlorine and prevent membrane degradation.,"Chlorine is removed from the water before RO membrane filtration using an activated carbon bed, which is effective in dechlorinating the water. Additionally, sodium metabisulfite is commonly used for the removal of free chlorine. In some cases, a chlorine-resistant membrane material, such as polysulfone or a ceramic membrane, may be used, and chlorine can be added to the wash water to retard biological fouling. Better prefiltration also reduces the need for RO membrane cleaning.","Chlorine is removed from water before reverse osmosis (RO) membrane filtration using an activated carbon bed. This process involves a chemical reaction where chlorine reacts with the activated carbon, along with other substances like hydrogen, water, and sodium metabisulfite, to form hydrochloric acid, carbon dioxide, and other byproducts, effectively dechlorinating the water. Additionally, chlorine-resistant membranes made of materials like polysulfone or ceramic can be used, and chlorine can be added to the wash water to prevent biological fouling. However, the primary method mentioned in the context is the use of an activated carbon bed for dechlorination.","Chlorine is removed from the feedwater before RO membrane filtration through a process called dechlorination. This can be achieved by using an activated carbon bed, which effectively removes chlorine through a chemical reaction. Additionally, sodium metabisulfite is commonly used to remove free chlorine from the water. In cases where a chlorination-resistant membrane material is used, chlorine can also be added to the wash water to prevent biological fouling. Before the system resumes operation, all chlorine-containing feedwater must be thoroughly rinsed out, and the absence of chlorine must be verified to ensure the membrane is not exposed to chlorine.","Chlorine is removed from the RO feed water before membrane filtration through a process called dechlorination. This can be achieved by using an activated carbon bed, which effectively removes chlorine through a chemical reaction. Additionally, chlorine-resistant membrane materials, such as polysulfone or ceramic membranes, can be used, and chlorine can be added to the wash water to prevent biological fouling. During off-line chlorination, the feedwater is drained prior to reaching the membranes to ensure that chlorine is not present when the water is filtered.","Chlorine is removed from the feedwater before RO membrane filtration by using an activated carbon bed for dechlorination, which involves a chemical reaction with sodium metabisulfite (SNa2S2O5). Additionally, chlorine-resistant membrane materials like polysulfone or ceramic membranes can be used, and chlorine can be added to the wash water to retard biological fouling. During off-line chlorination, the feedwater is drained and then thoroughly rinsed to ensure the absence of chlorine before the system is restarted. Birm filtration is also employed for the removal of free chlorine from the RO feedwater. These methods help to prevent membrane degradation and reduce fouling, thereby extending the life of the filter cartridges and the membrane elements. Posttreatment steps are necessary to remove objectionable gases like H2S from the permeate, which involves media filtration and pH adjustment before the RO elements. The systems typically operate at low recovery rates and the membrane elements are replaced after 12 years.","Chlorine is removed from the feedwater before RO membrane filtration through a process called dechlorination. This can be achieved using an activated carbon bed, which is effective in removing chlorine. Additionally, sodium metabisulfite (SMP) and sodium metabisulfite (SMLS) are commonly used for the removal of free chlorine. During off-line chlorination, the feedwater is sent to drain prior to reaching the membranes to ensure that chlorine is not present when the water is introduced to the RO system. These methods help to prevent membrane degradation and ensure the longevity and effectiveness of the RO membrane filtration process.","Chlorine is removed from the water before reverse osmosis (RO) membrane filtration using an activated carbon bed, which is effective in dechlorination. Additionally, sodium metabisulfite is commonly used to remove free chlorine. In some cases, a chlorine-resistant membrane material, such as polysulfone or a ceramic membrane, may be used, and chlorine can be added to the wash water to retard biological fouling. Good prefiltration also reduces the need for membrane cleaning.","Chlorine is removed from water before reverse osmosis (RO) membrane filtration using an activated carbon bed. The activated carbon adsorbs chlorine, effectively reducing its concentration in the water. This process is particularly effective for dechlorinating feed water for RO systems. Additionally, sodium metabisulfite (SMP), sodium metasilicate (SMBS), and chlorine-resistant materials like polysulfone or ceramic membranes can also be used to manage chlorine levels and prevent biological fouling in the RO system.","Chlorine is removed before RO membrane filtration by using an activated carbon bed, which is effective in the dechlorination of feed water. Additionally, sodium metabisulfite is commonly used to remove free chlorine, with a typical ratio of 3.0 mg of sodium metabisulfite to remove 1.0 mg of chlorine. If a chlorineresistant membrane material is used, chlorine can also be added to the wash water to retard biological fouling. Before the system goes back into operation, all chlorine-containing feed water must be thoroughly rinsed out, and the absence of chlorine must be verified. During off-line chlorination, the feedwater is sent to drain prior to reaching the membranes.","Chlorine is removed from the RO feed water before membrane filtration through a process called dechlorination. This can be achieved by using an activated carbon bed, which is effective in removing chlorine through a chemical reaction. Sodium metabisulfite (SMPB) and sodium metasilicate (SMBS) are commonly used chemicals for this purpose. These substances react with chlorine to form non-harmful byproducts, such as hydrochloric acid (HCl) and carbon dioxide (CO2), thereby reducing the chlorine levels in the water. Additionally, if a chlorination-resistant membrane material is used, such as polysulfone or a ceramic membrane, chlorine can be added to the wash water to prevent biological fouling, which is another method to manage chlorine levels indirectly. During off-line chlorination, the feedwater must be drained before it reaches the membranes to ensure that the chlorine concentration is low enough to not damage the membrane during the filtration process.","Chlorine is removed from the feedwater before RO membrane filtration by using an activated carbon bed, which effectively dechlorinates the water through a chemical reaction. Additionally, sodium metabisulfite is commonly used to remove free chlorine, with a typical ratio of 3.0 mg of sodium metabisulfite to remove 1.0 mg of chlorine. If a chlorine-resistant membrane material is used, chlorine can also be added to the wash water to retard biological fouling. During off-line chlorination, the feedwater must be drained before reaching the membranes, and all chlorine-containing feedwater must be rinsed out carefully before the system is restarted. The absence of chlorine must be verified before resuming operation. Birm filtration is another method used effectively for the removal of free chlorine from RO feedwater, which helps extend the life of the filter cartridges and reduce membrane fouling. Posttreatment steps are also necessary to remove objectionable gases, including H2S, from the permeate, which typically involves media filtration and pH adjustment prior to the RO elements.","Chlorine is removed from the feedwater prior to RO membrane filtration through a process called dechlorination. This can be achieved by using an activated carbon bed, which is effective in removing chlorine according to the reaction: Cl2 + 2H2O → 4HCl + CO2 + Sodium metabisulfite (SMPB). Additionally, if a chlorineresistant membrane material is used, chlorine can be added to the wash water to retard biological fouling. During off-line chlorination, the feedwater must be drained before reaching the membranes to prevent damage to the RO system. Birm filtration is also an effective method for removing chlorine from RO feedwater. After dechlorination, the effluent may require media filtration and pH adjustment before it is passed through the RO elements.",0.8512442708015442,0.8938920497894287,0.8720470666885376
83.0,oxidation-reduction potential (ORP) measurement used to ensure dechlorination before water enters RO membranes,What is the role of ORP in RO system protection?,"ORP measures the oxidizing power of water; low ORP confirms chlorine has been removed, protecting membranes from oxidation.","The role of ORP (Oxidation-Reduction Potential) in RO (Reverse Osmosis) system protection is to monitor and indicate the level of oxidizing or reducing conditions in the water being treated. In the context provided, ORP is used to detect the presence of free chlorine, which can be harmful to RO membranes. By measuring the ORP response, operators can determine if there are conditions that could potentially damage the membrane, such as temporary exposure to free chlorine. This allows for timely interventions to protect the RO system from oxidative damage. Additionally, ORP can be used to assess the effectiveness of biofiltration processes in reducing organic constituents and preventing biofilm formation on membrane surfaces, which can also contribute to membrane fouling and degradation. Overall, ORP serves as a valuable tool for ensuring the longevity and efficiency of RO systems by providing real-time monitoring of water quality and potential threats to membrane integrity.","The role of ORP (Oxidation-Reduction Potential) in RO (Reverse Osmosis) system protection is to monitor the water's ability to oxidize or reduce contaminants. In the context provided, ORP is used to detect the presence of free chlorine, which can be harmful to the RO membrane. By measuring the ORP response, the system can identify when the membrane is exposed to free chlorine, even if the concentration is within a nonoxidizing range, as indicated by the DBNPA (2,6-Di-tert-butyl-4-methylphenol) response. This allows for timely interventions to protect the membrane from damage and maintain the integrity of the RO system.","The role of ORP (Oxidation-Reduction Potential) in RO (Reverse Osmosis) system protection is to provide an indication of the water's ability to oxidize or reduce contaminants. In the context provided, ORP is used to monitor the water quality and ensure that it is within a safe range for the RO membrane. An ORP response in the 400 mV range at concentrations between 0.5 and 3 mgl indicates the presence of oxidizing agents that can help in the degradation of organic contaminants, thus protecting the RO membrane from fouling and biofilm development. By monitoring ORP, operators can take corrective actions if the water quality deviates from the desired range, thereby maintaining the efficiency and longevity of the RO system. Additionally, ORP can be used to assess the effectiveness of sanitization processes and to ensure that the water is free from harmful oxidizing or reducing agents that could damage the RO membrane.","The role of ORP (Oxidation-Reduction Potential) in RO (Reverse Osmosis) system protection is to monitor and control the oxidative state within the system. ORP measurement can indicate the presence of free chlorine or other oxidizing agents, which can be harmful to the RO membrane. By keeping an eye on the ORP levels, particularly in the 400 mV range where DBNPA (a nonoxidizing compound) gives a response, operators can ensure that the membrane is not exposed to conditions that could lead to oxidation and potential damage. This is especially important in installations where system upsets might temporarily expose the membrane to free chlorine. Controlling the ORP helps in maintaining the integrity and longevity of the RO membrane, as well as ensuring the overall effectiveness of the RO system. Additionally, ORP control is part of the broader system design considerations, including the control of microbiological activity, system operation, sanitization, and preservation of RO and NF (Nanofiltration) systems.","The role of ORP (Oxidation-Reduction Potential) in RO (Reverse Osmosis) system protection is to monitor the absence of chlorine. An ORP electrode can be used downstream of the RO system to ensure that there is no chlorine present, which could potentially damage the membrane or affect the system's performance. By monitoring ORP, operators can take necessary actions to maintain the integrity and efficiency of the RO system.","The role of ORP (Oxidation-Reduction Potential) in RO (Reverse Osmosis) system protection is to monitor the absence of chlorine. This is done using an ORP electrode placed downstream of the RO system. By monitoring the ORP, it is possible to ensure that the system is not exposed to free chlorine, which can be harmful to the RO membrane and reduce its effectiveness. This helps in maintaining the integrity and longevity of the RO system.","The role of ORP (Oxidation-Reduction Potential) in RO (Reverse Osmosis) system protection is to provide a measure of the water's ability to either release or accept electrons, which is indicative of its oxidative or reductive state. In the context provided, ORP is used as a protective measure against free chlorine exposure. When the ORP is within a certain range (approximately 400 mV), it can indicate that the water is in a state that is less likely to cause damage to the RO membrane. This is because ORP can help in detecting the presence of oxidizing agents like free chlorine, which can be harmful to the membrane. By monitoring ORP, operators can ensure that the water conditions are suitable for the RO system and take necessary actions to prevent membrane damage due to oxidative stress.","The role of ORP (Oxidation-Reduction Potential) in RO (Reverse Osmosis) system protection is to monitor the level of oxidizing agents, such as free chlorine, that can potentially damage the RO membrane. By measuring the ORP, the system can detect when the membrane is exposed to harmful oxidizing conditions, even if the exposure is temporary. This allows for timely intervention to protect the membrane from oxidation damage, ensuring the longevity and effectiveness of the RO system. In the given context, the membrane's ability to give an ORP response in the 400 mV range at certain concentrations of DBNPA (2,2-dibromo-3-nitrilopropionamide) indicates its sensitivity to oxidizing conditions, which is crucial for system protection.","ORP, or Oxidation-Reduction Potential, plays a crucial role in protecting reverse osmosis (RO) systems by indicating the water's ability to either donate or accept electrons, which is a measure of its oxidizing or reducing power. In the context of RO system protection, ORP is used to monitor and control the water chemistry to prevent membrane fouling and degradation.

When the ORP is within a certain range, it can help in the management of chlorine levels, which are used for sanitization purposes. A positive ORP indicates oxidizing conditions, which can be beneficial for breaking down organic contaminants and preventing biofilm formation on the membrane surfaces. Conversely, a negative ORP indicates reducing conditions, which can be harmful as it may lead to the growth of microorganisms and the formation of biofilms.

In the provided context, it is mentioned that despite DBNPA (N,N-diethyl-p-phenylenediamine) being nonoxidizing, it can still give an ORP response in the 400 mV range at certain concentrations. This response can be used to monitor the effectiveness of DBNPA as a biocide in the RO system, ensuring that the water chemistry is maintained in a way that protects the membranes from fouling and microbial activity.

Overall, ORP is a valuable parameter for the control of water chemistry in RO systems, helping to ensure the longevity and efficiency of the membranes by preventing conditions that could lead to fouling, scaling, or microbial growth.","The role of ORP (Oxidation-Reduction Potential) in RO (Reverse Osmosis) system protection is to provide an early warning of potential membrane damage due to oxidation. ORP sensors can detect changes in the oxidation-reduction environment, which can indicate the presence of oxidizing agents like chlorine. By monitoring ORP levels, operators can take corrective actions to prevent membrane oxidation, even if the chlorine concentration is below the threshold that would cause immediate damage. This helps in maintaining the integrity and longevity of the RO membrane by protecting it from temporary exposure to free chlorine and other oxidizing conditions.","The role of ORP (Oxidation-Reduction Potential) in RO (Reverse Osmosis) system protection is to monitor the absence of chlorine, which can be harmful to the system. An ORP electrode is used downstream of the RO system to detect the presence or absence of oxidizing agents like chlorine. This monitoring helps in ensuring that the RO membrane and other components are not exposed to conditions that could lead to damage or reduced efficiency due to chlorine or other oxidizing agents. By keeping track of the ORP levels, operators can take necessary actions to protect the system and maintain its proper functioning.","The role of ORP (Oxidation-Reduction Potential) in RO (Reverse Osmosis) system protection is to monitor the absence of chlorine. An ORP electrode is used downstream of the RO system to ensure that there is no residual chlorine, which could be harmful to the system and the quality of the purified water. This monitoring helps in maintaining the integrity of the RO system and preventing potential damage or contamination.",0.8321718573570251,0.8816287517547607,0.8561866879463196
84.0,monitoring chlorine species and ORP helps prevent membrane fouling and ensures compliance with disinfection standards,Why is it important to monitor chlorine species and ORP in RO pretreatment?,"It helps maintain proper disinfection while ensuring chlorine is removed before membranes, avoiding fouling and meeting safety standards.","Monitoring chlorine species and ORP (Oxidation-Reduction Potential) in RO (Reverse Osmosis) pretreatment is important for several reasons:

1. **Chlorine Species Control**: Different chlorine species, such as hypochlorous acid (HOCl) and hypochlorite ion (OCl-), have varying levels of effectiveness in disinfecting and controlling biological fouling. Hypochlorous acid is more effective as a disinfectant, but it can also be more corrosive to RO membranes. Monitoring ensures that the chlorine species present are at optimal levels for disinfection without causing damage to the membranes.

2. **ORP Measurement**: ORP is a measure of the water's ability to oxidize or reduce substances. It provides a quick and indirect measure of the chlorine species present in the water. By monitoring ORP, operators can adjust the chlorine dosing to maintain the desired level of disinfection and prevent excessive chlorine that could harm the RO membranes.

3. **Membrane Protection**: As mentioned in the context, oxidation is not covered under warranty, and Filmtec recommends removing residual free chlorine by pretreatment prior to membrane exposure. Monitoring chlorine species and ORP helps ensure that the chlorine levels are reduced to a safe level before the water contacts the RO membranes, thus protecting the investment in the RO system.

4. **Prevention of Biological Fouling**: Chlorination is typically used for biological fouling prevention in surface waters. By monitoring chlorine species and ORP","Monitoring chlorine species and ORP (Oxidation-Reduction Potential) in RO (Reverse Osmosis) pretreatment is important for several reasons:

1. **Chlorine Species Control**: Chlorine is used for disinfection and to prevent biological fouling in water treatment processes. However, certain chlorine species, such as free chlorine, can be harmful to RO membranes. Free chlorine can cause membrane degradation, leading to reduced efficiency and shorter membrane lifespan. By monitoring chlorine species, operators can ensure that the concentration of free chlorine is kept within safe limits to protect the RO membranes.

2. **ORP Measurement**: ORP is a measure of the water's ability to oxidize or reduce substances. It provides an indication of the overall chemical condition of the water and the effectiveness of the disinfection process. Monitoring ORP helps in maintaining the appropriate balance of oxidizing and reducing agents in the water, which is crucial for effective pretreatment and to prevent membrane fouling.

3. **Membrane Protection**: As mentioned in the context, oxidation is not covered under warranty, and Filmtec recommends removing residual free chlorine by pretreatment prior to membrane exposure. This implies that the presence of chlorine can damage the RO membranes, and monitoring ORP helps in ensuring that the water chemistry is suitable for membrane exposure, thereby protecting the investment in the RO system.

4. **System Efficiency**: Proper monitoring and control of chlorine species and ORP contribute to the overall efficiency of the RO system. By maintaining","Monitoring chlorine species and ORP (Oxidation-Reduction Potential) in RO (Reverse Osmosis) pretreatment is important for several reasons:

1. **Chlorine Residuals**: Chlorine species, such as free chlorine, can be harmful to RO membranes. If not properly removed, they can cause membrane degradation, leading to reduced efficiency and shorter membrane lifespan. Monitoring ensures that chlorine levels are within acceptable limits to prevent damage.

2. **ORP Measurement**: ORP is a measure of the water's ability to oxidize or reduce substances. In RO pretreatment, maintaining the correct ORP levels is crucial for effective disinfection and fouling control. It helps in ensuring that the water chemistry is conducive for the RO process, preventing biofouling and scaling.

3. **Membrane Protection**: Proper monitoring of chlorine species and ORP helps in protecting the RO membranes from oxidative and reductive damage. This is particularly important since oxidation is not covered under warranty, and Filmtec recommends removing residual free chlorine to prevent membrane damage.

4. **Prevention of Fouling**: Ensuring that pretreatment chemicals are incorporated into agglomerates and not left as free agents helps in preventing fouling. Monitoring chlorine species and ORP helps in maintaining the right conditions for these chemicals to work effectively without becoming a source of fouling.

5. **System Efficiency**: Effective pretreatment, including the control of chlorine species and ORP, leads to better prefiltration","Monitoring chlorine species and ORP (Oxidation-Reduction Potential) in RO (Reverse Osmosis) pretreatment is important for several reasons:

1. **Chlorine Species Control**: Chlorine is commonly used for disinfection and to prevent biological fouling in water treatment processes. However, chlorine can be corrosive and may damage the RO membranes if not properly managed. Monitoring ensures that the chlorine levels are within the acceptable range to effectively disinfect without harming the system.

2. **ORP Monitoring**: ORP is a measure of the water's ability to oxidize or reduce substances. It is an indicator of the water's overall chemical condition. In RO pretreatment, maintaining the correct ORP level is crucial because it helps in controlling the oxidation state of contaminants. This can prevent the formation of harmful by-products and ensure that the water is adequately treated before it reaches the RO membranes.

3. **Prevention of Membrane Fouling**: Both chlorine species and ORP levels need to be monitored to prevent fouling of the RO membranes. If chlorine is not properly removed or if the ORP is not balanced, it can lead to the accumulation of organic and inorganic materials on the membrane surface, reducing the efficiency of the RO system and potentially causing damage.

4. **System Longevity**: Proper monitoring and control of chlorine species and ORP contribute to the longevity of the RO system. By ensuring that the pretreatment conditions are optimal, the membranes and other components of the system","Monitoring chlorine species and ORP (Oxidation-Reduction Potential) in RO (Reverse Osmosis) pretreatment is important for several reasons:

1. **Prevention of Membrane Fouling**: Chlorine species, such as residual free chlorine, can cause membrane fouling if not properly managed. By monitoring and controlling chlorine levels, the risk of fouling can be minimized, ensuring the longevity and efficiency of the RO membranes.

2. **Ensuring Membrane Integrity**: Exposure to oxidizing agents like chlorine can degrade the RO membranes over time. Monitoring ORP helps in maintaining conditions that are less likely to damage the membranes, thus preserving their integrity and performance.

3. **Compliance with Warranty Terms**: Filmtec, for instance, recommends removing residual free chlorine by pretreatment prior to membrane exposure to avoid voiding warranties. Monitoring ensures that the system operates within the parameters that warranty conditions stipulate.

4. **Effective Pretreatment**: Proper pretreatment, including the reduction of chlorine to harmless chlorides using activated carbon or chemical reducing agents, is crucial. Monitoring ensures that the pretreatment process is effective and that the chlorine levels are reduced to safe levels before the water reaches the RO membranes.

5. **Maintaining System Performance**: High levels of chlorine or improper ORP conditions can negatively impact the RO system's performance, leading to reduced permeate flux and increased cleaning requirements. Monitoring helps in maintaining optimal system performance and reducing maintenance needs.

6. **Safety and Environmental Compliance**","Monitoring chlorine species and ORP (Oxidation-Reduction Potential) in RO (Reverse Osmosis) pretreatment is crucial for several reasons:

1. **Prevention of Membrane Fouling**: Chlorine species, such as free chlorine, can cause membrane fouling if not properly managed. This fouling can reduce the efficiency of the RO system and lead to increased maintenance costs and downtime. By monitoring chlorine levels, operators can ensure that they are within safe limits to prevent fouling.

2. **Protection of RO Membranes**: RO membranes are sensitive to oxidation. Exposure to oxidizing agents like chlorine can damage the membrane material, leading to reduced performance or even failure. Monitoring ORP helps in maintaining conditions that are less likely to harm the membranes.

3. **Compliance with Standards**: Many water treatment standards and regulations specify acceptable levels of chlorine and ORP. Monitoring these parameters ensures that the water treatment process complies with these standards, which is essential for the safety and quality of the treated water.

4. **Optimization of Pretreatment**: By understanding the chlorine species present and the ORP, operators can optimize the pretreatment process. This may involve adjusting the dosage of dechlorination agents or modifying the treatment sequence to ensure that the water entering the RO system is in the best possible condition for filtration.

5. **Health and Safety**: Chlorine can be harmful to both the environment and human health if not properly managed. Monitoring chlorine species and ORP helps in ensuring","Monitoring chlorine species and ORP (Oxidation-Reduction Potential) in RO (Reverse Osmosis) pretreatment is important for several reasons:

1. **Biological Fouling Prevention**: Chlorination is a common method used to prevent biological fouling in RO systems, especially in surface waters. By monitoring chlorine species, operators can ensure that there is sufficient chlorine present to effectively control microbial growth without causing damage to the RO membranes.

2. **Membrane Protection**: The presence of residual free chlorine can be harmful to RO membranes. Filmtec recommends removing residual free chlorine by pretreatment to prevent membrane degradation. Monitoring ORP helps in assessing the oxidative state of the water, which is crucial for determining the appropriate amount of chlorine needed to achieve the desired level of disinfection without exceeding safe limits.

3. **System Efficiency**: Proper chlorination and ORP control contribute to the overall efficiency of the RO system. By ensuring that the water is adequately pretreated, the need for frequent membrane cleaning is reduced, which in turn lowers operational costs and downtime.

4. **Compliance with Regulations**: Monitoring chlorine species and ORP ensures that the water treatment process complies with environmental and health regulations, which often have specific requirements for disinfection and residual chlorine levels.

5. **Process Optimization**: Continuous monitoring allows for real-time adjustments to the pretreatment process, ensuring optimal performance and longevity of the RO system.

In summary, monitoring chlorine species and ORP in RO pretreatment is crucial for preventing biological","Monitoring chlorine species and ORP (Oxidation-Reduction Potential) in RO (Reverse Osmosis) pretreatment is important for several reasons:

1. **Chlorine Species Control**: Chlorine is used for disinfection and to prevent biological fouling in water treatment processes. However, different chlorine species (such as hypochlorous acid and hypochlorite) have varying levels of reactivity and effectiveness. Monitoring ensures that the chlorine species present are at effective levels for disinfection without being too high, which could lead to corrosion or damage to the RO membranes.

2. **ORP Measurement**: ORP is a measure of the water's ability to oxidize or reduce substances. It is an indirect measure of the chlorine species present in the water. By monitoring ORP, operators can determine the effectiveness of the chlorine disinfection process and make necessary adjustments to maintain the desired level of disinfection.

3. **Membrane Protection**: Chlorine can be corrosive to RO membranes if not properly managed. Monitoring ensures that the chlorine levels are kept within a range that is effective for disinfection but not harmful to the membranes, thus extending the lifespan of the RO system.

4. **Compliance with Standards**: Regulatory standards may require specific chlorine levels and ORP readings to ensure water safety and quality. Monitoring helps in maintaining compliance with these standards.

5. **Prevention of Fouling**: Proper management of chlorine levels helps in preventing biological fouling, which can reduce the","Monitoring chlorine species and ORP (Oxidation-Reduction Potential) in RO (Reverse Osmosis) pretreatment is important because chlorine can be a source of fouling if not properly managed. Chlorine, used for biological fouling prevention, can become incorporated into the agglomerates in the system. If not removed, these chlorinated agglomerates could lead to fouling, which would decrease the efficiency of the RO system and increase the need for membrane cleaning. Additionally, since oxidation is not covered under warranty, it is crucial to ensure that any residual free chlorine is removed before the membrane is exposed to prevent damage and potential warranty issues. Monitoring ORP helps in understanding the redox conditions of the water, which is essential for optimizing the pretreatment process and ensuring that the chlorine is effectively neutralized or removed, thus protecting the RO membranes and maintaining system performance.","Monitoring chlorine species and ORP (Oxidation-Reduction Potential) in RO (Reverse Osmosis) pretreatment is important for several reasons:

1. Chlorine Species Control: Chlorine is commonly used for disinfection and to prevent biological fouling in RO systems. However, chlorine can also be corrosive and may damage the membrane if not properly managed. Monitoring chlorine species helps ensure that the concentration is sufficient to prevent fouling without causing harm to the system components.

2. ORP Monitoring: ORP is a measure of the water's ability to oxidize or reduce substances. In the context of RO pretreatment, monitoring ORP can help determine the effectiveness of the oxidation process. It can also indicate the presence of residual chlorine or other oxidizing agents that may need to be removed to prevent membrane damage.

3. Membrane Protection: As mentioned in the context, oxidation is not covered under warranty, and Filmtec recommends removing residual free chlorine by pretreatment prior to membrane exposure. Monitoring chlorine species and ORP ensures that the membrane is protected from potential damage caused by chlorine or other oxidizing agents.

4. Fouling Prevention: The context states that pretreatment is the best way to prevent H2S (hydrogen sulfide) fouling, which involves keeping the system under anaerobic conditions. Monitoring chlorine species and ORP can help maintain the right conditions to prevent the formation of H2S and other foulants that can clog the membrane.

5. Chemical Incorporation: It is","Monitoring chlorine species and ORP (Oxidation-Reduction Potential) in RO (Reverse Osmosis) pretreatment is important for several reasons:

1. **Prevention of Membrane Fouling**: Chlorine species, such as residual free chlorine, can cause membrane fouling if not properly managed. By monitoring and controlling chlorine levels, the risk of chlorine-induced fouling is minimized, ensuring the longevity and efficiency of the RO membranes.

2. **Ensuring Effective Pretreatment**: The ORP value indicates the water's oxidation state. Monitoring ORP helps in assessing the effectiveness of the pretreatment process, particularly in maintaining the desired conditions to prevent biological fouling and scaling.

3. **Compliance with Warranty Terms**: Filmtec, for example, recommends removing residual free chlorine by pretreatment prior to membrane exposure because oxidation is not covered under warranty. Monitoring ensures that the pretreatment process adheres to these guidelines, thereby avoiding potential warranty issues.

4. **Safety and Environmental Concerns**: Proper management of chlorine species is crucial to prevent the formation of harmful by-products, such as chlorinated organic compounds, which can be hazardous to both the environment and human health.

5. **Optimizing System Performance**: By ensuring that chlorine species are adequately removed and ORP is within the desired range, the overall performance of the RO system can be optimized. This leads to higher permeate flux and reduced cleaning requirements, as indicated in the context provided.

In summary, monitoring chlorine species and OR","Monitoring chlorine species and ORP (Oxidation-Reduction Potential) in RO (Reverse Osmosis) pretreatment is important because chlorine can be a source of fouling if not properly managed. Chlorine, used for disinfection, can form harmful by-products and increase the risk of biofouling, which can damage the RO membranes. By monitoring chlorine species, operators can ensure that the chlorine levels are within safe limits to prevent membrane damage and maintain system efficiency. ORP measurement helps in assessing the oxidative or reductive conditions of the water, which is crucial for controlling the oxidation state of chlorine and other potential contaminants. This ensures that the water chemistry is suitable for the RO process, minimizing the risk of membrane fouling and prolonging the lifespan of the RO system. Additionally, maintaining proper ORP levels can help in the effective removal of chlorine and other oxidizing agents, further protecting the RO membranes from oxidative damage.",0.7983582615852356,0.8752410411834717,0.8350337147712708
85.0,chlorine added during pretreatment must be carefully dosed and removed before RO to balance microbial control and membrane protection,Why must chlorine dosage be carefully managed in RO pretreatment?,Proper dosing ensures effective microbial control while avoiding membrane damage from residual chlorine.,"Chlorine dosage must be carefully managed in RO pretreatment because an incorrect concentration can lead to issues such as membrane damage or reduced efficiency. A free residual chlorine concentration of 0.51.0 mg/L should be maintained to ensure proper disinfection without harming the membrane. Additionally, since oxidation is not covered under warranty, Filmtec recommends removing residual free chlorine before membrane exposure to prevent damage. If a chlorineresistant membrane material is used, chlorine can still be added to the wash water to retard biological fouling, but the dosage must be carefully controlled to avoid any adverse effects on the membrane or the system's performance. Cartridge microfiltration is also a recommended pretreatment step to ensure that only particles smaller than 10 micrometers pass through, further protecting the membrane from potential damage caused by improper chlorine management.","Chlorine dosage must be carefully managed in RO pretreatment because a free residual chlorine concentration of 0.51.0 mgl should be maintained throughout the pretreatment line to ensure proper disinfection. However, since oxidation is not covered under warranty, Filmtec recommends removing residual free chlorine by pretreatment prior to membrane exposure to prevent damage to the RO membranes. Additionally, a cartridge filter with an absolute pore size of less than 10 m is the suggested minimum pretreatment required for every RO system, indicating that careful management of chlorine dosage is necessary to protect the system and ensure its efficiency.","Chlorine dosage must be carefully managed in RO pretreatment because the exposure of water to air or oxidizing agents like chlorine throughout the RO process must be prevented to avoid damaging the membrane. Additionally, since oxidation is not covered under warranty, it is recommended to remove residual free chlorine by pretreatment to protect the membrane. If a chlorineresistant membrane material is used, chlorine can be added to the wash water to retard biological fouling, but this must be done with caution to ensure the integrity of the membrane and the efficiency of the RO system. Proper management of chlorine dosage helps in maintaining the longevity and performance of the RO membranes.","Chlorine dosage must be carefully managed in RO pretreatment because a residual free chlorine concentration of 0.51.0 mgl should be maintained throughout the pretreatment line to ensure water quality. However, since oxidation is not covered under warranty, Filmtec recommends removing residual free chlorine by pretreatment prior to membrane exposure to prevent damage to the RO system. Additionally, a cartridge filter with an absolute pore size of less than 10 m is suggested as the minimum pretreatment, and exposure to air or oxidizing agents like chlorine must be prevented to minimize pretreatment effort and improve feed water quality. Therefore, careful management of chlorine dosage is crucial to protect the RO system and maintain its efficiency.","Chlorine dosage must be carefully managed in RO pretreatment because it can react with ammonia nitrogen in the water to form combined available chlorine through a series of stepwise reactions. These reactions are influenced by pH and the chlorine-to-nitrogen weight ratio. Additionally, chlorine can be consumed by the oxidation of organic compounds present in the water. Improper management of chlorine dosage can lead to the formation of chloramines, which can be harmful to the RO system and reduce its efficiency. Filmtec RO and NF membranes are resistant to low concentrations of mild chlorinating agents, but care must still be taken when using chloramine as a sanitization agent to avoid damaging the membranes. Therefore, maintaining the correct chlorine dosage is crucial to ensure the longevity and effectiveness of the RO system.","Chlorine dosage must be carefully managed in RO pretreatment because it can lead to the consumption of chlorine by the oxidation of organic compounds present in the water, which can reduce the effectiveness of the chlorine as a sanitization agent. Additionally, chlorine can be consumed during the oxidation process, and if not properly managed, it can lead to a free residual chlorine concentration that may not be maintained throughout the pretreatment line. This can result in inadequate disinfection and potential damage to the RO system. Filmtec recommends removing residual free chlorine by pretreatment prior to membrane exposure to prevent such issues. Moreover, the exposure of water to air or oxidizing agents like chlorine throughout the RO process must be prevented to avoid these complications. Therefore, careful management of chlorine dosage is essential to ensure the longevity and efficiency of the RO system.","Chlorine dosage must be carefully managed in RO pretreatment to maintain an effective residual chlorine concentration of 0.51.0 mgl throughout the pretreatment line, as recommended by Filmtec. This is crucial because oxidation is not covered under warranty, and improper chlorine levels could lead to damage or reduced efficiency of the RO system. Additionally, if a chlorineresistant membrane material is used, such as polysulfone or a ceramic membrane, chlorine can be added to the wash water to retard biological fouling, which requires precise dosage to be effective without causing harm to the system. Lastly, a cartridge filter with an absolute pore size of less than 10 m is recommended as a minimum pretreatment, which implies that the system needs to be protected from potential chlorine-related damage. Therefore, careful management of chlorine dosage is essential to ensure the longevity and proper functioning of the RO system.","Chlorine dosage must be carefully managed in RO pretreatment because an incorrect concentration of free residual chlorine can be detrimental to the system. A concentration of 0.5-0.51 mg/L is recommended to maintain, as it helps in the pretreatment process without causing damage to the membrane. However, since oxidation is not covered under warranty, Filmtec recommends removing residual free chlorine before the membrane is exposed to prevent any potential harm to the membrane, which could lead to system inefficiency or failure. Additionally, a cartridge filter with an absolute pore size of less than 10 m is suggested as a minimum pretreatment to ensure that the chlorine dosage is effectively managed before the water reaches the RO membrane.","Chlorine dosage must be carefully managed in RO pretreatment to prevent damage to the membrane, as exposure to chlorine or any oxidizing agents can degrade the membrane material. Additionally, since oxidation is not covered under warranty, it is recommended to remove residual free chlorine before the membrane is exposed to avoid potential warranty issues. Proper management of chlorine dosage helps in maintaining the integrity and longevity of the RO system.","Chlorine dosage must be carefully managed in RO pretreatment because the presence of residual free chlorine can damage the RO membranes, which are not covered under warranty. Filmtec recommends removing residual free chlorine before membrane exposure to prevent oxidation and ensure the longevity and effectiveness of the RO system. Additionally, maintaining the right chlorine concentration is essential for effective pretreatment and to prevent exposure of the water to oxidizing agents throughout the RO process.","Chlorine dosage must be carefully managed in RO pretreatment because chlorine can react with ammonia nitrogen in the water to form combined available chlorine through a series of stepwise reactions. These reactions are influenced by pH and the chlorine-to-nitrogen weight ratio. Additionally, chlorine is consumed by the oxidation of organic compounds present in the water. Improper management of chlorine dosage can lead to the formation of harmful by-products and may damage the RO membranes, which are resistant to low concentrations of mild chlorinating agents. Therefore, to ensure the longevity and effectiveness of the RO system, chlorine dosage must be carefully controlled.","Chlorine dosage must be carefully managed in RO pretreatment for several reasons. Firstly, a specific free residual chlorine concentration (0.51.0 mgl) needs to be maintained throughout the pretreatment line to ensure effective disinfection. However, since oxidation is not covered under warranty, Filmtec recommends removing residual free chlorine before the membrane exposure to prevent damage to the RO system. Additionally, the use of a cartridge filter with an absolute pore size of less than 10 m is suggested to minimize pretreatment efforts and improve feed water quality. It is also important to prevent the exposure of water to air or oxidizing agents like chlorine during the RO process, as chlorine can be consumed by the oxidation of organic compounds in the water. Finally, the effluent requires media filtration and pH adjustment before reaching the RO elements, and care must be taken when using chloramine as a sanitization agent. All these factors necessitate careful management of chlorine dosage to protect the RO system and ensure its proper functioning.",0.8265513181686401,0.8870283365249634,0.8557226061820984
86.0,excess chlorine without proper dechlorination causes irreversible damage to RO membranes due to oxidation,What happens if chlorine is not removed before reaching RO membranes?,"Residual chlorine can oxidize and irreversibly damage membrane polymers, reducing system lifespan and performance.","If chlorine is not removed before reaching RO membranes, it can cause membrane oxidation, leading to damage and degradation of the membranes. This can result in reduced membrane performance, increased operational costs, and potentially shorter membrane lifespan. In severe cases, it may cause complete failure of the membrane system.","If chlorine is not removed before reaching RO membranes, it can damage the membranes. Chlorine and other oxidizing agents can cause deterioration of the membrane material, leading to reduced efficiency, increased fouling, and potentially shorter membrane lifespan. This can result in higher operational costs and more frequent membrane replacements.","If chlorine is not removed before reaching RO membranes, it can lead to membrane oxidation, which damages the membranes. This damage can result in a loss of membrane flux, followed by an increase in membrane flux and salt passage, ultimately compromising the efficiency and lifespan of the RO system. Additionally, chlorine can cause system upsets, and since oxidation is not covered under warranty, it is recommended to remove residual free chlorine by pretreatment prior to membrane exposure to avoid these issues.","If chlorine is not removed before reaching RO membranes, it can cause damage to the membranes. The first sign of chlorine attack on RO membranes is a loss of membrane flux, followed by an increase in membrane flux and salt passage. This damage is not covered under warranty, and FilmTec recommends removing residual free chlorine by pretreatment prior to membrane exposure to prevent such issues. Other oxidizing agents like chlorine dioxide, hydrogen peroxide, ozone, and permanganate can also damage RO membranes if not used properly.","If chlorine is not removed before reaching RO membranes, it can lead to membrane oxidation, which damages the membrane and reduces its effectiveness. This can result in a loss of membrane flux, followed by an increase in membrane flux and salt passage, ultimately compromising the system's ability to reject salt and purify water. Additionally, chlorine exposure can cause a first sign of chlorine attack on RO membranes, leading to potential system upsets and reduced membrane lifespan. Filmtec recommends removing residual free chlorine by pretreatment prior to membrane exposure to avoid these issues.","If chlorine is not removed before reaching RO membranes, it can cause damage to the membranes. The first sign of chlorine attack on RO membranes is a loss of membrane flux, followed by an increase in membrane flux and salt passage. This can lead to reduced efficiency and potentially shorten the lifespan of the membranes. Filmtec recommends removing residual free chlorine by pretreatment prior to membrane exposure to prevent such damage.","If chlorine is not removed before reaching RO membranes, it can cause membrane oxidation, leading to damage and degradation of the membrane system. This can result in reduced efficiency, increased maintenance, and potentially costly repairs or replacements of the membranes. Chlorine can also lead to the formation of harmful disinfection by-products, which can compromise the safety and quality of the treated water.","If chlorine is not removed before reaching RO membranes, it can cause damage to the membranes. Chlorine and other oxidizing agents like chlorine dioxide, hydrogen peroxide, ozone, and permanganate can deteriorate the membrane material, leading to reduced efficiency or failure of the reverse osmosis system. This damage can result from the chemical reaction between chlorine and the membrane material, which can compromise the integrity and performance of the RO membranes.","If chlorine is not removed before reaching RO membranes, it can cause oxidation damage to the membranes. This can lead to a loss of membrane flux, followed by an increase in membrane flux and salt passage, ultimately resulting in a decrease in the efficiency of the reverse osmosis system. Additionally, chlorine can cause a noticeable loss of salt rejection, compromising the quality of the purified water.","If chlorine is not removed before reaching RO membranes, it can cause damage to the membranes. Chlorine and other oxidizing agents can lead to a loss of membrane flux, followed by an increase in membrane flux and salt passage. This damage is not covered under warranty, and FilmTec recommends pretreating the feedwater to remove residual free chlorine to prevent such issues.","If chlorine is not removed before reaching RO membranes, it can cause damage to the membranes. The first sign of chlorine attack on RO membranes is a loss of membrane flux, followed by an increase in membrane flux and salt passage. This can lead to a decrease in the efficiency of the water purification process and potentially shorten the lifespan of the membranes. Filmtec recommends removing residual free chlorine by pretreatment prior to membrane exposure to avoid these issues.","If chlorine is not removed before reaching RO membranes, it can cause damage to the membranes. The first sign of chlorine attack on RO membranes is a loss of membrane flux, followed by an increase in membrane flux and salt passage. This can lead to reduced efficiency and potentially shorten the lifespan of the RO membranes. Filmtec recommends pretreatment to remove residual free chlorine to prevent such damage, as oxidation is not covered under warranty.",0.8872727155685425,0.8796404600143433,0.8834400773048401
87.0,HOCl provides strongest disinfection but is pH-dependent; monitoring pH ensures optimal germicidal efficiency during pretreatment,Why is pH monitoring important when using HOCl for disinfection?,HOCl is most effective at lower pH levels; monitoring pH ensures it remains in its active form to maximize disinfection.,"pH monitoring is important when using HOCl (hypochlorous acid) for disinfection because the germicidal efficiency of free residual chlorine, which includes HOCl, is directly related to the concentration of undissociated HOCl. As the pH decreases, the fraction of undissociated HOCl increases, which enhances its germicidal properties. At a higher pH, more HOCl is dissociated into hypochlorite ions (OCl-), which are less effective as disinfectants. Therefore, maintaining an optimal pH level is crucial to ensure that a sufficient concentration of undissociated HOCl is present to effectively disinfect and inactivate microorganisms. Monitoring and adjusting the pH can help maximize the disinfection process and ensure the safety and effectiveness of the water treatment.","pH monitoring is important when using HOCl (hypochlorous acid) for disinfection because the effectiveness of HOCl as a disinfectant is highly dependent on its pH level. At a lower pH, a higher fraction of HOCl remains undissociated, which is the active form that can effectively kill bacteria, viruses, and other pathogens. As the pH increases, more HOCl dissociates into hypochlorite ions (OCl-), which are less effective as disinfectants. Therefore, maintaining the correct pH ensures that the maximum amount of HOCl is available to disinfect, making pH monitoring crucial for the efficacy of the disinfection process.","pH monitoring is crucial when using HOCl (hypochlorous acid) for disinfection because the germicidal efficiency of free residual chlorine is directly related to the concentration of undissociated HOCl. At lower pH levels, a higher fraction of HOCl remains undissociated, which is more effective at killing microorganisms. As the pH increases, more HOCl dissociates into hypochlorite ions (OCl-), which are less effective as disinfectants. Therefore, maintaining an acidic pH ensures that a greater proportion of the chlorine remains in its more potent form, hypochlorous acid, enhancing the overall disinfection process. Additionally, the effectiveness of chlorine as a disinfectant is influenced by the chlorine concentration, exposure time, and pH of the water, making pH monitoring an essential aspect of ensuring effective water treatment.","pH monitoring is important when using HOCl (hypochlorous acid) for disinfection because the effectiveness of HOCl as a disinfectant is highly dependent on the pH level of the water. At a higher pH, more HOCl exists in its undissociated form, which is the active form that can penetrate and disrupt the cell walls of microorganisms. However, as the pH decreases, the fraction of undissociated HOCl decreases, and more HOCl dissociates into hypochlorite ions (OCl-), which are less effective as disinfectants. Therefore, maintaining an optimal pH range is crucial to ensure that a sufficient concentration of the active HOCl form is present to effectively disinfect the water. Monitoring pH helps to adjust the water treatment process to maintain the conditions that maximize the disinfection efficiency of HOCl.","pH monitoring is crucial when using HOCl (hypochlorous acid) for disinfection because the fraction of undissociated HOCl, which is the active form responsible for the germicidal efficiency, increases with decreasing pH. At lower pH levels, a higher proportion of HOCl remains undissociated, enhancing its effectiveness as a disinfectant. Conversely, at higher pH levels, more HOCl dissociates into hypochlorite ions (OCl-), which are less effective as disinfectants. Therefore, maintaining an acidic pH is essential to maximize the concentration of undissociated HOCl and ensure the effectiveness of the disinfection process. Additionally, pH monitoring helps prevent membrane oxidation and ensures that chlorine is used safely and effectively in water treatment processes.","pH monitoring is crucial when using hypochlorous acid (HOCl) for disinfection because the effectiveness of HOCl as a disinfectant is highly dependent on the pH level of the water. At a lower pH, which is more acidic, a higher fraction of HOCl remains undissociated, which is the active form that can effectively disinfect. As the pH increases, more HOCl dissociates into hypochlorite ions (OCl-), which are less effective as disinfectants. Therefore, maintaining an optimal pH ensures that the maximum amount of HOCl is available to kill pathogens, making pH monitoring essential for effective disinfection. Additionally, the rate of chlorine attack on microorganisms is faster under alkaline conditions, which can lead to the rapid depletion of chlorine and reduced disinfection efficacy. Monitoring and adjusting the pH can help to optimize the disinfection process and ensure the safety and effectiveness of the water treatment.","pH monitoring is important when using HOCl (hypochlorous acid) for disinfection because the germicidal efficiency of free residual chlorine is directly related to the concentration of undissociated HOCl. As the pH decreases, the fraction of undissociated HOCl increases, which enhances its germicidal properties. At higher pH levels, more HOCl is dissociated into hypochlorite ions (OCl-), which are less effective as disinfectants. Therefore, maintaining an optimal pH level ensures that there is a higher concentration of the more effective undissociated HOCl available for disinfection, leading to better microbial control and safety. For instance, at a pH of 6.5, a higher percentage of HOCl remains undissociated compared to a pH of 7.5, resulting in more effective disinfection.","pH monitoring is important when using HOCl (hypochlorous acid) for disinfection because the effectiveness of HOCl as a disinfectant is highly dependent on its pH level. At a lower pH, a higher fraction of HOCl remains undissociated, which is the active form that can effectively kill bacteria, viruses, and other pathogens. As the pH increases, more HOCl dissociates into hypochlorite ions (OCl-), which are less effective as disinfectants. Therefore, maintaining the correct pH ensures that the maximum amount of HOCl is available in its active form to achieve optimal disinfection results. Monitoring and adjusting the pH is crucial to ensure the safety and efficacy of the disinfection process.","pH monitoring is crucial when using HOCl (hypochlorous acid) for disinfection because the germicidal efficiency of free residual chlorine is directly related to the concentration of undissociated HOCl. At lower pH levels, a higher fraction of HOCl remains undissociated, which is more effective at killing microorganisms. As the pH increases, more HOCl dissociates into hypochlorite ions (OCl-), which are less effective as disinfectants. Therefore, maintaining an acidic pH is preferred to ensure the maximum biocidal effect during chlorination. Monitoring pH helps in optimizing the chlorine concentration, exposure time, and overall effectiveness of the disinfection process.","pH monitoring is crucial when using hypochlorous acid (HOCl) for disinfection because the effectiveness of HOCl is highly dependent on the pH level of the water. At a higher pH, a greater fraction of HOCl remains undissociated, which is less effective as a disinfectant. Conversely, at lower pH levels, more HOCl is dissociated into hypochlorite ions (OCl-), which are less effective at killing pathogens. Therefore, maintaining the optimal pH range is essential to ensure that the maximum amount of active HOCl is present to effectively disinfect the water. Monitoring pH helps in adjusting the water treatment process to achieve the desired disinfection efficacy.","pH monitoring is crucial when using HOCl (hypochlorous acid) for disinfection because the fraction of undissociated HOCl, which is the active form that has germicidal efficiency, increases with decreasing pH. At a lower pH, a higher proportion of HOCl remains undissociated, enhancing its effectiveness as a disinfectant. Conversely, at higher pH levels, more HOCl dissociates into hypochlorite ions, which are less effective at killing microorganisms. Therefore, maintaining an acidic pH is essential to maximize the germicidal action of HOCl and ensure effective disinfection. Additionally, the risk of membrane oxidation and the rate of chlorine attack are influenced by pH, making it a critical factor to monitor for both disinfection efficacy and equipment safety.","pH monitoring is important when using HOCl (hypochlorous acid) for disinfection because the effectiveness of HOCl as a disinfectant is highly dependent on the pH level of the water. At lower pH levels, a higher fraction of HOCl remains undissociated, which is the active form that can effectively disinfect. As the pH increases, more HOCl dissociates into hypochlorite ions (OCl-), which are less effective as disinfectants. Therefore, maintaining an acidic pH is favorable for maximizing the disinfection efficacy of HOCl. Additionally, the rate of reaction and the stability of HOCl can vary with pH, influencing the overall disinfection process. Monitoring and adjusting the pH ensures that the chlorine concentration and exposure time are optimized for effective disinfection.",0.8291542530059814,0.8806651830673218,0.8541337847709656
88.0,chloramine is more stable than free chlorine and used where long-lasting residual is needed despite lower germicidal power,When is chloramine preferred over free chlorine in water treatment?,"Chloramine is used for its stability in distribution systems where long-lasting disinfection is needed, despite being less potent than HOCl.","Chloramine is preferred over free chlorine in water treatment when there is a need to maintain a residual disinfectant in the water distribution system for an extended period. This is because chloramine is more stable and less likely to dissipate quickly compared to free chlorine. It also reduces the formation of disinfection by-products, such as trihalomethanes, which are associated with the use of free chlorine. Additionally, chloramine is less corrosive to pipes and equipment, making it a better choice for long-term water distribution systems. However, it is important to note that chloramine does not have the same immediate disinfection power as free chlorine and can interfere with certain water quality measurements. Therefore, its use must be carefully managed to ensure effective water treatment.","Chloramine is preferred over free chlorine in water treatment when there is a need to maintain a residual disinfectant in the water distribution system for an extended period. This is because chloramine is more stable and less likely to dissipate over time compared to free chlorine. It also reduces the formation of disinfection by-products, such as trihalomethanes and haloacetic acids, which are associated with the use of free chlorine. Additionally, chloramine is less corrosive to pipes and equipment, making it a better choice for long-term water distribution systems.","Chloramine is preferred over free chlorine in water treatment when there is a need to maintain a longer-lasting residual disinfectant in the water distribution system. This is because chloramine, formed by the reaction of chlorine with ammonia, has a longer-lasting germicidal effect compared to free chlorine and is less likely to be broken down by organic matter or other substances in the water. Additionally, chloramine is less corrosive to pipes and equipment, and it does not produce harmful disinfection by-products like trihalomethanes (THMs) and haloacetic acids (HAAs) that are associated with the use of free chlorine. Therefore, chloramine is often used as a sanitization agent in situations where a stable, long-term disinfectant is required, and where the potential for corrosion and disinfection by-products needs to be minimized.","Chloramine is preferred over free chlorine in water treatment when there is a need to maintain a residual disinfectant in the water distribution system for an extended period. This is because chloramine has a longer-lasting germicidal effect compared to free chlorine, which can help in preventing the growth of microorganisms as the water travels through the distribution system. Additionally, chloramine is less likely to react with organic and inorganic substances in the water, which can lead to the formation of disinfection by-products (DBPs) when using free chlorine. Therefore, chloramine is often used in situations where a stable and long-lasting disinfectant is required, and where the formation of DBPs needs to be minimized.","Chloramine is preferred over free chlorine in water treatment when there is a need to maintain a residual disinfectant in the water distribution system for an extended period, as chloramine has a longer-lasting germicidal effect compared to free chlorine. Additionally, chloramine is less likely to react with organic matter and metals in the water, which can lead to the formation of disinfection by-products that are undesirable. It is also used when the pH of the water is lower, as chloramine is more stable and effective at lower pH levels. Furthermore, chloramine can be used when there is a need to minimize the formation of trihalomethanes (THMs) and haloacetic acids (HAAs), which are by-products of chlorination that can be harmful to human health. Lastly, chloramine can be used when there is a need to reduce the corrosion of pipes and equipment in the water distribution system, as it is less corrosive than free chlorine.","Chloramine is preferred over free chlorine in water treatment when there is a need to maintain a residual disinfectant in the distribution system for an extended period, as chloramine has a longer-lasting germicidal effect compared to free chlorine. This makes chloramine suitable for situations where continuous disinfection is not feasible or desirable, such as in large distribution systems where the water needs to be disinfected over a longer distance or time period. Additionally, chloramine is less likely to react with organic matter and metals in the water, which can lead to the formation of harmful disinfection byproducts when using free chlorine. Therefore, chloramine is often used as a primary disinfectant in water treatment processes to ensure long-term protection against microbial contamination.","Chloramine is preferred over free chlorine in water treatment when there is a need to maintain a residual disinfectant in the water distribution system for an extended period. This is because chloramine is less likely to dissipate quickly compared to free chlorine, which can be beneficial for long-term disinfection and reducing the formation of disinfection by-products. Additionally, chloramine is less reactive with organic matter and can be a more stable option in systems where the water contains high levels of organic content. However, it is important to note that chloramine does not provide the same level of immediate disinfection as free chlorine and may require longer contact times to achieve similar levels of microbial inactivation.","Chloramine is preferred over free chlorine in water treatment when there is a need to provide a longer-lasting disinfectant residual. This is because chloramine, formed by adding ammonia to chlorine, has a longer-lasting effect in the water distribution system compared to free chlorine. This helps in maintaining disinfection throughout the entire system, reducing the potential for microbial regrowth and ensuring safer drinking water. Additionally, chloramine is less likely to react with organic matter and metals in the water, which can help in reducing the formation of disinfection by-products such as trihalomethanes (THMs) and haloacetic acids (HAAs).","Chloramine is preferred over free chlorine in water treatment when there is a need to maintain a longer-lasting sanitization effect because chloramines are more stable and less likely to dissipate quickly compared to free chlorine. This stability is particularly beneficial in systems where water is stored or transported over extended periods, as it helps to ensure continuous disinfection. Additionally, chloramines are less likely to react with organic matter in the water, which can help prevent the formation of harmful by-products. However, it is important to note that while chloramines have a germicidal effect, it is lower than that of free chlorine, so the choice between the two depends on the specific requirements of the water treatment process.","Chloramine is preferred over free chlorine in water treatment when there is a need to maintain a residual disinfectant in the water distribution system for an extended period, as chloramine has a longer-lasting germicidal effect and is less likely to react with organic matter to form disinfection by-products compared to free chlorine. Additionally, chloramine is used when the water contains ammonia compounds, as it can form chloramines, which are effective disinfectants. This is particularly useful in situations where the water is being stored or transported over long distances, as it helps to ensure the continued disinfection of the water throughout the distribution system.","Chloramine is preferred over free chlorine in water treatment when there is a need to maintain a residual sanitizing effect in the distribution system over an extended period. This is because chloramine, formed by the reaction of chlorine with ammonia, has a longer-lasting germicidal effect compared to free chlorine, which can dissipate more quickly. Additionally, chloramine is less likely to react with organic matter in the water, which can help prevent the formation of disinfection by-products. However, care must be taken to ensure that the presence of chloramine does not interfere with the measurement of free residual chlorine, which is important for monitoring the effectiveness of the disinfection process.","Chloramine is preferred over free chlorine in water treatment when there is a need to maintain a residual disinfectant in the water distribution system for an extended period, as chloramine has a longer-lasting germicidal effect compared to free chlorine. This makes it suitable for situations where continuous disinfection is not feasible or desired, such as in large-scale distribution systems where the risk of contamination needs to be managed over a longer distance or time. Additionally, chloramine can be formed by adding ammonia to chlorine, which can be beneficial in certain treatment scenarios. However, it's important to note that while chloramine has a lower germicidal effect than free chlorine, it is still effective in controlling microbial growth and maintaining water quality.",0.851095974445343,0.9025470018386841,0.8760666847229004
89.0,free residual chlorine must be zero before RO membranes; confirmed by ORP measurement or chlorine test kits,How do operators confirm that no chlorine reaches RO membranes?,They use ORP sensors or chlorine test kits to verify that free residual chlorine is fully removed before membrane contact.,"Operators confirm that no chlorine reaches RO (Reverse Osmosis) membranes by ensuring that the feedwater has been properly dechlorinated before it enters the system. This is typically done by using an activated carbon bed, which effectively removes chlorine from the water. Additionally, operators may use chemical indicators or test kits to measure the chlorine levels in the feedwater to ensure they are within acceptable limits before the water passes through the RO membranes. Regular monitoring and maintenance of the dechlorination process are crucial to prevent any chlorine from reaching the membranes and causing damage or promoting microbial growth.","Operators confirm that no chlorine reaches RO membranes by regularly testing the feed water for chlorine levels before it enters the system. This can be done using chlorine test strips, chemical test kits, or more sophisticated methods like online chlorine analyzers. These tests ensure that the chlorine concentration is below the threshold that could harm the RO membranes. Additionally, operators may also monitor the performance of the dechlorination system, such as the activated carbon bed or sodium metabisulfite/sodium metabisulfite/sodium metabisulfite (SMBS) system, to ensure it is functioning correctly and effectively removing chlorine from the feed water. Regular maintenance and inspection of the dechlorination equipment also help in confirming that no chlorine is reaching the RO membranes.","Operators confirm that no chlorine reaches RO membranes by ensuring that the feedwater is properly treated and dechlorinated before it enters the system. This can be done by using an activated carbon bed for dechlorination, as mentioned in the context, which effectively removes free chlorine from the feedwater. Additionally, operators may monitor the chlorine levels in the feedwater using chemical tests or chlorine sensors to ensure they are within acceptable limits before the water reaches the RO membranes. Regular maintenance and inspection of the dechlorination system, such as the activated carbon bed, are also crucial to confirm its effectiveness in preventing chlorine from reaching the RO membranes. Furthermore, during off-line chlorination, the feedwater is sent to drain prior to reaching the membranes, which is another step to ensure no chlorine is present when the system is operational.","Operators can confirm that no chlorine reaches RO membranes by monitoring the chlorine levels in the feed water before it enters the RO system. This can be done using chlorine test strips, electronic chlorine sensors, or continuous online monitoring systems. If the chlorine levels are within acceptable limits and show no significant increase after passing through the pretreatment stages, operators can be confident that the RO membranes are not exposed to chlorine. Additionally, operators may also inspect the membranes for signs of oxidation or damage that could indicate chlorine exposure. Regular maintenance and cleaning schedules, along with the use of appropriate pretreatment chemicals like sodium metabisulfite, can further ensure that chlorine does not reach the RO membranes.","Operators confirm that no chlorine reaches RO membranes by ensuring that the feedwater has been properly dechlorinated before it reaches the membranes. This can be done by using an activated carbon bed for dechlorination, employing posttreatment steps such as air gas stripping to remove objectionable contaminants, and by using chlorine-resistant membrane materials or adding chlorine to the wash water to retard biological fouling. Additionally, operators may perform regular monitoring of the feedwater for residual chlorine levels to ensure that the dechlorination process is effective. If necessary, they may also send the feedwater to drain prior to reaching the membranes during off-line chlorination to prevent chlorine exposure. Filmtec recommends removing residual free chlorine by pretreatment prior to membrane exposure to avoid damage to the membranes.","Operators can confirm that no chlorine reaches RO membranes by conducting regular water quality testing before the water enters the membrane system. This testing typically involves measuring the residual chlorine levels using appropriate chemical test kits or electronic chlorine detectors. If the chlorine levels are within the acceptable range and below the threshold that could damage the membranes, operators can be confident that the prefiltration and pretreatment processes are effectively removing chlorine. Additionally, operators may also monitor the performance and condition of the membranes over time to ensure that they are not being adversely affected by chlorine exposure. Regular maintenance and cleaning schedules, as recommended by the membrane manufacturer, also help in maintaining the integrity of the membranes and preventing chlorine-related damage.","Operators confirm that no chlorine reaches RO (Reverse Osmosis) membranes by ensuring that the feedwater has been properly dechlorinated before it enters the system. This is typically done by using an activated carbon bed, which effectively removes chlorine from the water. Additionally, operators can monitor the chlorine levels in the feedwater using appropriate chemical tests or chlorine sensors to ensure that the concentration is below the threshold that could damage the RO membranes. Regular maintenance and sanitization of the system also help prevent the growth of microorganisms, which can thrive in the absence of chlorine.","Operators can confirm that no chlorine reaches RO (Reverse Osmosis) membranes by using several methods:

1. **Chemical Testing**: Regularly testing the water for residual chlorine using test strips, chemical test kits, or electronic chlorine monitors. These tests can detect the presence of chlorine at very low concentrations.

2. **Membrane Integrity Testing**: Performing integrity tests on the RO membranes to ensure they are not damaged and are functioning properly. A compromised membrane could potentially allow chlorine to pass through.

3. **Water Quality Monitoring**: Continuously monitoring the water quality parameters, including chlorine levels, to ensure they remain within the acceptable range for the RO system.

4. **System Design and Maintenance**: Ensuring that the RO system is designed with appropriate pretreatment steps, such as activated carbon beds or sodium metabisulfite, to remove chlorine before it reaches the membranes.

5. **Visual Inspection**: Regularly inspecting the RO system for any signs of membrane fouling, scaling, or other issues that could indicate a breach in the system's integrity.

6. **Sanitization Procedures**: Implementing and following strict sanitization procedures to prevent microbial growth on the membranes, which could be facilitated by the presence of chlorine.

By using these methods, operators can confirm that no chlorine reaches the RO membranes and maintain the system's performance and longevity.","Operators confirm that no chlorine reaches RO (Reverse Osmosis) membranes by ensuring that the feedwater has been properly dechlorinated before it enters the system. This is typically done by using an activated carbon bed, which is very effective in removing chlorine from the feedwater. Additionally, operators may monitor the chlorine levels in the feedwater using chemical test kits or continuous monitoring devices to ensure that the chlorine concentration is below the threshold level that could damage the RO membranes. If chlorine is detected, the feedwater must be sent to drain prior to reaching the membranes to prevent any potential damage. Regular maintenance and inspection of the dechlorination system, such as the activated carbon bed, are also crucial to confirm that it is functioning correctly and effectively removing chlorine from the feedwater.","Operators confirm that no chlorine reaches RO membranes by monitoring the chlorine levels in the feed water before it enters the RO system. This can be done using chlorine test strips, electronic chlorine sensors, or continuous online chlorine monitors. These devices provide real-time data on the chlorine concentration, ensuring that it is below the threshold level that could damage the RO membranes. Additionally, operators may also verify the effectiveness of any pre-treatment processes, such as activated carbon beds or sodium metabisulfite dosing, which are used to remove free chlorine from the water before it reaches the RO membranes. Regular maintenance and inspection of the pre-treatment systems also help to ensure that they are functioning correctly and effectively removing chlorine from the feed water.","Operators confirm that no chlorine reaches RO membranes by ensuring that the feedwater has been properly dechlorinated before it reaches the membranes. This can be done by using an activated carbon bed for dechlorination, employing posttreatment steps such as air gas stripping to remove objectionable contaminants, and regularly testing the feedwater for chlorine levels. Additionally, operators may use chlorine-resistant membrane materials and perform frequent sanitization to prevent microorganism growth. Filmtec recommends removing residual free chlorine by pretreatment prior to membrane exposure to avoid damaging the membranes. Regular monitoring and testing of the feedwater are essential to confirm that chlorine levels are within acceptable limits and do not reach the RO membranes.","Operators can confirm that no chlorine reaches RO membranes by monitoring the chlorine residual levels in the feed water before it enters the membrane system. This can be done using chlorine test strips, electronic chlorine detectors, or continuous online monitoring systems. These methods allow operators to ensure that the chlorine concentration is below the threshold level that could damage the membranes. Additionally, Filmtec recommends removing residual free chlorine by pretreatment prior to membrane exposure, which further ensures that the membranes are not exposed to chlorine. Regular maintenance and cleaning schedules, along with the use of prefiltration, also help in maintaining low chlorine levels in the system.",0.8479750752449036,0.8983598947525024,0.8724406361579895
90.0,"free chlorine oxidizes membrane materials, especially polyamide, leading to reduced permeability and selectivity",What is the impact of free chlorine on polyamide RO membranes?,"Free chlorine degrades polyamide membranes, reducing their ability to filter water effectively and causing permanent performance loss.","Free chlorine can cause damage to polyamide reverse osmosis (RO) membranes. Initially, the presence of free chlorine leads to a loss of membrane flux, which is a decrease in the flow rate of water through the membrane. This is followed by an increase in membrane flux and salt passage, indicating that the membrane's ability to reject salts is compromised. Over time, with approximately 200,000 hours of exposure to 1 mg/L of free chlorine, which is equivalent to 200 ppmH, the membrane may eventually degrade. This degradation can significantly reduce the efficiency and lifespan of the RO membrane. To prevent such damage, it is recommended to use an activated carbon bed for the dechlorination of feed water, which can effectively remove free chlorine and protect the membrane.","Free chlorine can have a detrimental impact on polyamide reverse osmosis (RO) membranes. Initially, the presence of free chlorine leads to a loss of membrane flux, which means the membrane's ability to filter water decreases. This is followed by an increase in membrane flux and salt passage, indicating that the membrane's selectivity is compromised, allowing more salts and potentially other contaminants to pass through. This sequence of events suggests that free chlorine can damage the integrity and performance of polyamide RO membranes.","Free chlorine can cause damage to polyamide reverse osmosis (RO) membranes. The initial impact is a loss of membrane flux, which is followed by an increase in membrane flux and salt passage. Over time, with approximately 200,000 hours of exposure to 1 mg/L of free chlorine, the membrane may experience eventual degradation. Filmtec, the manufacturer, advises pretreatment to remove residual free chlorine before exposing the membrane to prevent oxidation, which is not covered under warranty. Even compounds in equilibrium with small amounts of free chlorine can slowly damage the membrane, making dechlorination an important consideration for membrane longevity.","Free chlorine can be damaging to polyamide RO membranes. The initial impact is a loss of membrane flux, which is the rate at which water passes through the membrane. This is followed by an increase in membrane flux and salt passage, indicating that the membrane's selectivity is compromised. To prevent this damage, it is recommended to remove residual free chlorine by pretreatment before the membrane is exposed to it. This dechlorination process is crucial to maintain the integrity and performance of the RO membranes.","Free chlorine can cause damage to polyamide reverse osmosis (RO) membranes. The initial sign of chlorine attack is a loss of membrane flux, followed by an increase in membrane flux and salt passage. Over time, this can lead to eventual degradation of the membrane. Polyamide RO membranes are not covered under warranty for oxidation damage, so it is recommended to remove residual free chlorine by pretreatment before exposing the membrane to chlorine. Chlorine can also slowly damage the membrane due to its equilibrium with small amounts of free chlorine. Additionally, the presence of iron or other transition metals can accelerate chlorine-induced membrane degradation. Therefore, chlorine is not recommended for intentionally sanitizing membrane systems. However, if a chlorine-resistant membrane material is used, such as polysulfone or a ceramic membrane, chlorine can be added to the wash water to help retard biological fouling, provided there is good prefiltration.","Free chlorine can have a detrimental impact on polyamide reverse osmosis (RO) membranes. The first sign of chlorine attack on these membranes is a loss of membrane flux, which indicates a decrease in the membrane's ability to filter water effectively. This is followed by an increase in membrane flux and salt passage, which means that the membrane is allowing more salt and other contaminants to pass through, reducing the quality of the purified water. Since oxidation caused by free chlorine is not covered under warranty, FilmTec recommends removing residual free chlorine by pretreatment before exposing the membrane to prevent damage. Additionally, because of the risk of membrane oxidation, chlorine is not recommended for intentionally sanitizing membrane systems. If a chlorine-resistant membrane material, such as polysulfone or a ceramic membrane, is used, chlorine can be added to the wash water to help retard biological fouling. However, for polyamide membranes, which are not inherently chlorine-resistant, it is important to manage free chlorine levels to prevent damage and maintain membrane performance.","Free chlorine can cause damage to polyamide RO membranes. Initially, the damage manifests as a loss of membrane flux, which is the rate at which water passes through the membrane. This is followed by an increase in membrane flux and salt passage, indicating that the membrane's selectivity is compromised. Over time, with approximately 200,000 hours of exposure to 1 mg/L of free chlorine, which is equivalent to 200 ppm, the membrane may experience eventual degradation. Polyamide RO membranes have a tolerance limit for free chlorine exposure, and exceeding this limit can lead to reduced membrane performance and longevity.","Free chlorine can have detrimental effects on polyamide reverse osmosis (RO) membranes. Initially, the presence of free chlorine in the water leads to a loss of membrane flux, which means the rate at which water is purified through the membrane decreases. This is the first sign of chlorine attack on the membrane. As the chlorine continues to interact with the membrane, there is an increase in both membrane flux and salt passage, indicating damage to the membrane's selective barrier properties. This damage compromises the efficiency of the RO system and can lead to increased maintenance and replacement costs. To mitigate these effects, dechlorination methods such as using activated carbon beds with sodium metabisulfite are employed to remove free chlorine from the feed water before it reaches the RO membrane.","Free chlorine can cause damage to polyamide RO membranes. The initial sign of chlorine attack is a loss of membrane flux, followed by an increase in membrane flux and salt passage. Over time, with approximately 200,000 hours of exposure to 1 mg/L of free chlorine, which is equivalent to 200 ppmH, the membranes may eventually degrade. Filmtec recommends pretreating the feed water to remove residual free chlorine before exposing the membranes to prevent this damage, as oxidation is not covered under warranty.","Free chlorine can be damaging to polyamide RO membranes. The initial impact of chlorine exposure on these membranes is a loss of membrane flux, which indicates a decrease in the membrane's ability to filter water effectively. Following this, there is an increase in membrane flux and salt passage, suggesting that the membrane's selective barrier is compromised, allowing more contaminants to pass through. To prevent such damage and ensure the longevity and efficiency of the membranes, it is recommended to remove residual free chlorine by pretreatment before the membranes are exposed to the feed water. This dechlorination process helps protect the membranes from the harmful effects of chlorine.","Free chlorine can cause damage to polyamide RO membranes. The initial sign of chlorine attack is a loss of membrane flux, followed by an increase in membrane flux and salt passage. Over time, this can lead to eventual degradation of the membrane. Polyamide RO membranes are not covered under warranty for oxidation damage, so it is recommended to remove residual free chlorine by pretreatment before exposing the membrane to chlorine. Additionally, the presence of iron or other transition metals can accelerate membrane degradation when in contact with chlorine. Therefore, chlorine is not recommended for intentionally sanitizing membrane systems due to the risk of oxidation. However, if a chlorine-resistant membrane material is used, such as polysulfone or a ceramic membrane, chlorine can be added to the wash water to help retard biological fouling, provided that the prefiltration is effective.","Free chlorine can be damaging to polyamide RO membranes. The first sign of chlorine attack on these membranes is a loss of membrane flux, followed by an increase in membrane flux and salt passage. This indicates that the integrity and performance of the membrane are compromised due to chlorine exposure. Therefore, it is recommended to remove residual free chlorine by pretreatment prior to membrane exposure to prevent oxidation and damage to the membrane. Filmtec also suggests considering dechlorination as a necessary step to protect the membrane from chlorine's harmful effects. Additionally, chlorine is not recommended for intentionally sanitizing membrane systems due to the risk of membrane oxidation. However, chlorine-resistant membrane materials like polysulfone or ceramic membranes can tolerate chlorine in wash water to retard biological fouling.",0.8429405093193054,0.911371111869812,0.8758211731910706
91.0,"dechlorination typically achieved using sodium bisulfite (SBS), which reacts with chlorine to form harmless sulfate",How does sodium bisulfite dechlorinate RO feedwater?,"SBS reacts with chlorine to neutralize it, forming sulfate and preventing oxidative damage to membranes.","Sodium bisulfite dechlorinates RO feedwater through a chemical reaction where it reacts with chlorine, which is a common disinfectant used in water treatment. The reaction between sodium bisulfite (NaHSO3) and chlorine (Cl2) produces sodium hypochlorite (NaOCl), hydrochloric acid (HCl), and water (H2O). This reaction effectively removes chlorine from the water, reducing the concentration of free chlorine and thus dechlorinating the RO feedwater. The overall reaction can be represented as follows:

NaHSO3 + Cl2 → NaOCl + HCl + H2O

This process is commonly used in water treatment to ensure that the water is free of chlorine before it is processed by reverse osmosis systems. However, it's important to note that sodium bisulfite can also oxidize when exposed to air, which can affect its effectiveness in dechlorinating water. Additionally, if there is residual reducing agent like sodium bisulfite in the feed water, it can deactivate the DBNPA (dibasic sodium phosphate) used in the RO process, necessitating a higher concentration of DBNPA to maintain its effectiveness.","Sodium bisulfite dechlorinates RO feedwater by reacting with chlorine, which is a common disinfectant used in water treatment. The chemical reaction between sodium bisulfite (NaHSO3) and chlorine (Cl2) results in the formation of sodium chloride (NaCl), sulfur dioxide (SO2), and water (H2O). This reaction effectively removes free chlorine from the water, thereby reducing the chlorine concentration and preventing potential damage to the reverse osmosis (RO) system. However, sodium bisulfite can also oxidize in the presence of air, which can affect its effectiveness and may require a higher concentration of the compound to achieve the desired dechlorination. Additionally, the presence of residual reducing agents like sodium bisulfite can deactivate the disinfection by-product neutralizing agent (DBNPA), necessitating a higher concentration of DBNPA to maintain effective disinfection.","Sodium bisulfite dechlorinates RO feedwater through a chemical reaction where it reacts with chlorine, which is a common disinfectant used in water treatment. The reaction between sodium bisulfite (Na2S2O5) and chlorine (Cl2) produces sodium hypochlorite (NaOCl), sodium chloride (NaCl), and water (H2O). This reaction effectively neutralizes the chlorine, thereby reducing its concentration in the feedwater and preventing it from damaging the reverse osmosis (RO) membranes. The overall reaction can be represented as follows:

Na2S2O5 + Cl2 → NaOCl + NaCl + H2O

By removing chlorine, sodium bisulfite helps to protect the RO membranes from oxidation and ensures the longevity and efficiency of the water treatment process. However, it is important to note that sodium bisulfite can oxidize when exposed to air, which can reduce its effectiveness as a dechlorinating agent. Therefore, it should be used with caution and only for a limited time during normal plant operation. Additionally, food-grade sodium metabisulfite, which is free of impurities and not cobalt-activated, should be used for this purpose.","Sodium bisulfite dechlorinates RO feedwater through a chemical reaction where it reacts with chlorine, which is a common disinfectant used in water treatment. The reaction between sodium bisulfite (NaHSO3) and chlorine (Cl2) results in the formation of sodium chloride (NaCl), sulfur dioxide (SO2), and water (H2O). This reaction effectively neutralizes the chlorine, thereby reducing its concentration in the feedwater and preventing it from damaging the reverse osmosis (RO) membranes. The overall reaction can be represented as follows:

2 NaHSO3 + Cl2 → 2 NaCl + SO2 + H2O

By removing the chlorine, sodium bisulfite helps to protect the RO membranes from oxidation and ensures the longevity and efficiency of the water treatment process. However, it is important to note that sodium bisulfite can oxidize in the presence of air, which can limit its effectiveness and require careful handling and dosing in the water treatment system.","Sodium bisulfite dechlorinates RO feedwater through a chemical reaction where it reacts with chlorine, a common disinfectant in water, to form chloride ions and other byproducts. The reaction effectively neutralizes the chlorine, preventing it from damaging the RO membranes and ensuring the water remains safe for consumption. This process is crucial for maintaining the integrity and efficiency of the RO system.","Sodium bisulfite dechlorinates RO feedwater through a chemical reaction where it reacts with chlorine, which is a common disinfectant used in water treatment. The reaction between sodium bisulfite (NaHSO3) and chlorine (Cl2) produces sodium chloride (NaCl), sulfur dioxide (SO2), and water (H2O). This reaction effectively neutralizes the chlorine, thereby dechlorinating the water. The chemical equation for this reaction is:

2 NaHSO3 + Cl2 → 2 NaCl + SO2 + H2O

By removing the chlorine, sodium bisulfite helps to protect downstream components, such as reverse osmosis membranes, from oxidation and damage that can be caused by chlorine exposure. However, because sodium bisulfite can oxidize when exposed to air, it must be added to the feed stream for a limited time and under controlled conditions to ensure effective dechlorination without causing oxidation issues.","Sodium bisulfite dechlorinates RO feedwater through a chemical reaction where it reacts with chlorine, which is a common disinfectant used in water treatment. When sodium bisulfite (NaHSO3) is added to water containing chlorine (Cl2), it forms sodium hypochlorite (NaOCl), hydrochloric acid (HCl), and water (H2O). This reaction effectively neutralizes the chlorine, reducing its concentration and thus dechlorinating the water. The overall reaction can be represented as follows:

NaHSO3 + Cl2 → NaOCl + HCl + H2O

This process is commonly used in water treatment because it is effective at removing free chlorine, which can be harmful to both the water quality and the RO (reverse osmosis) system. However, it's important to note that sodium bisulfite can oxidize when exposed to air, which can affect its effectiveness. Additionally, if there is residual reducing agent like sodium bisulfite in the feed water, it can deactivate the DBNPA (dibasic sodium phosphate) used in the RO process, requiring a higher concentration of DBNPA to maintain the system's performance.","Sodium bisulfite dechlorinates RO feedwater through a chemical reaction where it reduces chlorine, which is a common disinfectant used in water treatment. The reaction involves sodium bisulfite (NaHSO3) reacting with chlorine (Cl2) to form sodium chloride (NaCl), sulfur dioxide (SO2), and water (H2O). This process effectively removes free chlorine from the water, which is beneficial for the dechlorination of RO (reverse osmosis) feedwater, ensuring that the water is safe for use and does not damage the RO system. However, it's important to note that sodium bisulfite can also oxidize in the presence of air, which can affect its effectiveness and the concentration of DBNPA (dibasic sodium phosphate) needed for dechlorination.","Sodium bisulfite dechlorinates RO feedwater through a chemical reaction where it reacts with chlorine present in the water. The reaction between sodium bisulfite (NaHSO3) and chlorine (Cl2) forms sodium hypochlorite (NaOCl), sodium chloride (NaCl), and water (H2O). This reaction effectively neutralizes the chlorine, reducing its concentration and thus dechlorinating the water. The overall process helps to protect downstream components, such as RO membranes, from oxidation and damage caused by chlorine.","Sodium bisulfite dechlorinates RO feedwater through a chemical reaction where it reacts with chlorine, which is a common disinfectant used in water treatment. The reaction between sodium bisulfite and chlorine results in the formation of hydrochloric acid (HCl) and sodium sulfate (Na2SO4), effectively removing the chlorine from the water. This process is important for protecting the RO (reverse osmosis) membranes from oxidation, which can damage them and reduce their effectiveness. However, sodium bisulfite can oxidize when exposed to air, so it must be used carefully and typically for a limited time during normal plant operation to ensure effective dechlorination without causing additional issues.","Sodium bisulfite dechlorinates RO feedwater through a chemical reaction where it acts as a reducing agent. When sodium bisulfite (NaHSO3) is dissolved in water, it forms sodium bisulfite (NaHSO3). This compound can react with chlorine in the water, converting it into chloride ions (Cl-) and other byproducts such as hydrochloric acid (HCl), carbon dioxide (CO2), and water (H2O). This reaction effectively removes free chlorine from the water, which is essential for protecting RO membranes from oxidation and ensuring the longevity and efficiency of the RO process. However, it's important to note that sodium bisulfite can oxidize when exposed to air, so it should be used carefully and for a limited time during normal plant operation to avoid oxidation and ensure effective dechlorination.","Sodium bisulfite dechlorinates RO feedwater through a chemical reaction where it reacts with chlorine, which is a common disinfectant in water treatment. The reaction between sodium bisulfite (NaHSO3) and chlorine (Cl2) produces sodium chloride (NaCl), sulfur dioxide (SO2), and water (H2O). This reaction effectively neutralizes the chlorine, thereby reducing its concentration and preventing it from oxidizing other components in the water, such as the DBNPA (dibasic sodium phosphate) used in RO systems. By removing the chlorine, sodium bisulfite helps to protect the RO membranes from potential damage caused by oxidation and maintains the integrity of the water treatment process.",0.7953929901123047,0.8644642233848572,0.8284915089607239
92.0,ORP values below 200 mV typically indicate chlorine-free water suitable for RO membranes,What ORP value suggests safe feedwater for RO membranes?,"An ORP below 200 mV indicates the absence of free chlorine, ensuring the feedwater won't oxidize the membranes.","The provided context does not specify an exact ORP (Oxidation-Reduction Potential) value that suggests safe feedwater for RO (Reverse Osmosis) membranes. ORP is a measure of the water's ability to break down contaminants and is used to assess the water's quality and its suitability for various processes, including RO membrane filtration. However, the safe ORP range can vary depending on the specific application and the type of contaminants present in the feedwater. Generally, an ORP value between +200 to +400 mV is considered to be in the oxidizing range, which is suitable for RO membrane operation. It is important to consult the manufacturer's guidelines and conduct proper water quality testing to determine the appropriate ORP value for safe feedwater in a given RO system.","The provided context does not specify an exact ORP (Oxidation-Reduction Potential) value that suggests safe feedwater for RO (Reverse Osmosis) membranes. ORP is a measure of the ability of a solution to either release or accept electrons during a chemical reaction, which can be an indicator of the water's oxidation state and its potential to cause membrane fouling or degradation.

In general, for RO membrane systems, an ORP value in the range of +200 to +400 mV is often considered safe and indicative of oxidizing conditions that can help prevent biofouling and scaling. However, the optimal ORP range can vary depending on the specific membrane material, the quality of the feedwater, and the presence of other contaminants. It is important to consult the manufacturer's guidelines and conduct regular water quality testing to determine the appropriate ORP range for a particular RO system.

For a definitive answer, you would need to refer to the manufacturer's specifications for the RO membrane in question or conduct a water quality test to determine the ORP value that is safe for your specific application.","The provided context does not specify an exact ORP (Oxidation-Reduction Potential) value that suggests safe feedwater for RO (Reverse Osmosis) membranes. However, it does mention that the exposure of the water to air or any oxidizing agent, such as chlorine, through the whole RO process must be prevented. This implies that the ORP value should be low enough to indicate that there are no significant oxidizing agents present in the feedwater that could potentially damage the RO membranes. Typically, an ORP value below +150 mV is considered to indicate a reducing environment, which is generally safe for RO membranes. However, for a definitive ORP value, one would need to refer to the specific guidelines or standards provided by the RO membrane manufacturer or relevant water treatment authorities.","The provided context does not specify an exact ORP (Oxidation-Reduction Potential) value that suggests safe feedwater for RO (Reverse Osmosis) membranes. However, it does mention that the exposure of water to air or any oxidizing agent, such as chlorine, through the whole RO process must be prevented. This implies that the ORP value should be low enough to minimize the risk of oxidation that could damage the RO membranes. Typically, an ORP value below +150 mV is considered safe for RO membranes, as it indicates a reducing environment that is less likely to cause membrane oxidation or fouling. However, for a definitive ORP value, one should refer to the manufacturer's guidelines or conduct specific testing under the conditions of the RO system in question.","The ORP value that suggests safe feedwater for RO membranes is typically above 650 mV. This value indicates that the water has been sufficiently oxidized to prevent biofouling and membrane degradation, and it is free of residual reducing agents that could harm the RO system. It is important to note that the exact ORP value may vary depending on the specific requirements of the RO system and the quality of the feedwater, but a value above 650 mV is generally considered safe for most RO applications.","The ORP (Oxidation-Reduction Potential) value that suggests safe feedwater for RO (Reverse Osmosis) membranes is typically above 650 mV. This value indicates that the water has a sufficient oxidizing capacity to prevent the growth of bacteria and other microorganisms that could foul the membranes. It is important to maintain an ORP value above this threshold to ensure the longevity and efficiency of the RO system. However, the exact ORP value may vary depending on the specific requirements of the RO system and the quality of the feedwater. It is always recommended to consult the manufacturer's guidelines for the optimal ORP range for the specific RO membrane being used.","The provided context does not specify an exact ORP (Oxidation-Reduction Potential) value that suggests safe feedwater for RO (Reverse Osmosis) membranes. ORP is a measure of the water's ability to break down contaminants and is used to assess the effectiveness of water treatment processes. However, the optimal ORP value can vary depending on the specific contaminants present in the feedwater and the treatment process used. Generally, an ORP value that indicates a more oxidizing environment (higher positive values) is considered safer for RO membranes, as it suggests the presence of oxidizing agents that can help in the degradation of organic compounds and reduce the potential for biofouling. However, without specific guidelines from the context, it is not possible to provide a precise ORP value. It is recommended to consult the manufacturer's guidelines or a water treatment professional for the appropriate ORP range for safe RO membrane operation.","The provided context does not specify a particular ORP (Oxidation-Reduction Potential) value that suggests safe feedwater for RO (Reverse Osmosis) membranes. ORP is a measure of the ability of a solution to either release or accept electrons during a chemical reaction, and it is used to monitor the oxidation level of water. For RO membranes, the feedwater typically needs to be within a certain ORP range to prevent membrane fouling and degradation. However, the exact ORP value that indicates safe feedwater can vary depending on the specific RO system and the type of membranes used. Generally, an ORP value between +200 to +400 mV is considered acceptable for most RO systems, but it is essential to consult the manufacturer's guidelines for the specific RO system in question.","The provided context does not specify an exact ORP (Oxidation-Reduction Potential) value that suggests safe feedwater for RO (Reverse Osmosis) membranes. However, it does mention that the exposure of the water to air or any oxidizing agent, such as chlorine, through the whole RO process must be prevented. This implies that the ORP value should be low enough to indicate that there are no significant oxidizing agents present that could damage the RO membranes. Typically, an ORP value below 200 mV is considered safe for RO systems, as it indicates a reducing environment that is less likely to cause membrane oxidation or fouling. However, for precise requirements, it is always best to consult the manufacturer's guidelines for the specific RO membrane being used.","The context provided does not specify an exact ORP (Oxidation-Reduction Potential) value that suggests safe feedwater for RO (Reverse Osmosis) membranes. However, it does mention that the exposure of water to air or any oxidizing agent, such as chlorine, must be prevented to protect the RO membrane. This implies that the ORP value should be low enough to indicate a minimal presence of oxidizing agents that could potentially damage the membrane.

Typically, an ORP value below +150 mV is considered safe for RO systems as it indicates a reducing environment, which is less likely to cause oxidation damage to the membrane. However, for specific RO systems, it is essential to consult the manufacturer's guidelines or conduct a water quality test to determine the optimal ORP range for safe operation.","The context provided does not specify an exact ORP (Oxidation-Reduction Potential) value that suggests safe feedwater for RO (Reverse Osmosis) membranes. However, it does mention that exposure of the feed water to the membrane must be prevented, and that the exposure of the water to air or any oxidizing agent, such as chlorine, through the whole RO process must be prevented. This implies that a neutral or slightly negative ORP value would be safer for RO membranes, as it would indicate minimal oxidation and reduced risk of membrane damage. For a precise ORP value, one would typically aim for an ORP value close to 0 mV, which is considered neutral and safe for RO membranes. However, it is important to consult the specific manufacturer's guidelines for the RO system being used, as they may have different recommendations for the optimal ORP range.","The ORP (Oxidation-Reduction Potential) value that suggests safe feedwater for RO membranes is typically above +650 mV. This value indicates that the water has a sufficient oxidizing capacity to prevent microbial growth and membrane fouling, which are critical for the proper functioning and longevity of RO membranes. It is important to note that the specific ORP value may vary depending on the manufacturer's recommendations and the quality of the feedwater, but generally, an ORP value above +650 mV is considered safe for RO systems.",0.8261163830757141,0.8814586400985718,0.85289067029953
93.0,monitoring chlorine and ORP continuously helps avoid accidental membrane exposure and supports system longevity,Why is continuous monitoring of chlorine and ORP important?,It prevents membrane damage by detecting residual chlorine early and supports long-term performance of the RO system.,"Continuous monitoring of chlorine and oxidation-reduction potential (ORP) is important because it ensures the effective disinfection of water. Chlorine is used as a disinfectant to kill harmful bacteria and other pathogens. The ORP electrode measures the effectiveness of the chlorine in the water by indicating the oxidation-reduction potential, which reflects the disinfecting power of the chlorine. By monitoring these parameters, water treatment operators can adjust the chlorine dosage and contact time to maintain safe and effective disinfection levels, ensuring the water meets health standards before distribution. This monitoring helps prevent waterborne diseases and ensures the safety of the drinking water supply.","Continuous monitoring of chlorine and oxidation-reduction potential (ORP) is important because it ensures that the water treatment process is effective in maintaining the desired levels of disinfection. Chlorine is added continuously at the intake to disinfect the water, and a reaction time of 2030 minutes is required for the chlorine to adequately neutralize pathogens. Monitoring ORP helps in assessing the overall effectiveness of the disinfection process, as it provides a measure of the water's ability to oxidize contaminants. By keeping track of both chlorine levels and ORP, water treatment facilities can adjust the chlorine dosage and reaction time as needed to ensure that the water remains safe for consumption, thereby preventing the spread of waterborne diseases and maintaining water quality. The absence of chlorine should also be monitored using an ORP electrode downstream to ensure that the disinfection process is working correctly throughout the entire water treatment system. This is why the continuous chlorination-dechlorination method is becoming less popular, as it may not provide the same level of control and assurance in maintaining water quality.","Continuous monitoring of chlorine and oxidation-reduction potential (ORP) is important because it ensures the effectiveness of chlorine disinfection in water treatment processes. Chlorine concentration, exposure time, and pH levels all influence the disinfection efficacy, and these parameters can change over time. By regularly monitoring ORP, water treatment facilities can assess the residual chlorine levels, ensuring that there is enough free and combined chlorine available to maintain water quality and safety. This helps in preventing microbial contamination and maintaining the overall health standards of the treated water. Additionally, monitoring ORP can help in adjusting the chlorine dosing and reaction times to optimize the disinfection process, making the treatment more efficient and cost-effective.","Continuous monitoring of chlorine and oxidation-reduction potential (ORP) is important because it ensures the effectiveness of chlorine disinfection in water treatment processes. Chlorine concentration, exposure time, and water pH are critical factors that determine the success of chlorine in eliminating pathogens. By monitoring ORP, which indicates the water's ability to oxidize contaminants, water treatment professionals can adjust chlorine levels and contact times to maintain safe and effective disinfection. This helps in achieving the required 2030-minute reaction time for chlorine to be effective, as mentioned in the context. Without continuous monitoring, there is a risk of inadequate disinfection, which could lead to the presence of harmful microorganisms in the water supply. Therefore, monitoring these parameters is essential for public health and safety.","Continuous monitoring of chlorine and oxidation-reduction potential (ORP) is important because it ensures the effectiveness of chlorine disinfection in water treatment processes. Chlorine concentration, exposure time, and pH levels all influence the disinfection efficacy. Monitoring ORP helps in assessing the combined free and combined available chlorine, known as total residual chlorine (TRC), which indicates the overall disinfecting power of chlorine in the water. Additionally, it helps in detecting the presence of nonavailable chlorine and the consumption of chlorine by organic compounds. This monitoring is crucial to maintain the proper balance of chlorine, prevent damage to reverse osmosis membranes from other oxidizing agents, and ensure that residual chlorine is reduced to harmless chlorides when necessary. It also helps in adjusting the dosage of disinfectants like DBNPA, which can be deactivated by reducing agents, to maintain effective water treatment.","Continuous monitoring of chlorine and oxidation-reduction potential (ORP) is important because it ensures the effective disinfection of water by maintaining the appropriate chlorine concentration and exposure time, which are dependent on the water's pH. Monitoring ORP helps to assess the oxidation-reduction state of the water, indicating the effectiveness of chlorine in killing pathogens. Additionally, it helps to detect the consumption of chlorine by organic compounds in the water, allowing for adjustments to maintain disinfection levels. Monitoring also helps to identify the presence of residual free chlorine, which can be reduced to harmless chlorides, and to ensure that reducing agents, which can deactivate disinfectants like DBNPA, do not interfere with the disinfection process. Overall, continuous monitoring is crucial for the safety and quality of the treated water.","Continuous monitoring of chlorine and oxidation-reduction potential (ORP) is important because it ensures that the water treatment process is effectively disinfecting the water. Chlorine is used as a disinfectant to kill harmful bacteria and other pathogens. By monitoring the chlorine levels, operators can ensure that there is enough chlorine present to maintain a safe and sanitary water supply. Additionally, monitoring the ORP provides information about the overall effectiveness of the disinfection process. ORP measures the ability of the water to either gain or lose electrons, which can indicate whether the disinfection process is working as intended. By continuously monitoring both chlorine and ORP, operators can make adjustments as needed to maintain the desired level of disinfection, ensuring the safety and quality of the water being treated.","Continuous monitoring of chlorine and oxidation-reduction potential (ORP) is important because it ensures that the water treatment process is effectively disinfecting the water. Chlorine is added continuously at the intake, and a reaction time of 2030 minutes is required for it to be effective. By monitoring the chlorine levels and ORP, operators can verify that the chlorine is present in sufficient concentrations to achieve the desired level of disinfection. Additionally, monitoring ORP helps in understanding the redox conditions of the water, which can influence the effectiveness of the disinfection process. This continuous monitoring helps in maintaining water quality, preventing the growth of harmful microorganisms, and ensuring the safety of the water for consumption. As a result, the continuous chlorination-dechlorination method is becoming less popular compared to other methods that may offer more precise control and monitoring capabilities.","Continuous monitoring of chlorine and oxidation-reduction potential (ORP) is important because it ensures the effectiveness of chlorine disinfection in water treatment processes. The concentration of chlorine, the duration of exposure, and the pH level of the water all influence the disinfection efficacy. By regularly checking the ORP, water treatment facilities can determine the sum of free and combined available chlorine, known as total residual chlorine (TRC). This helps in maintaining the appropriate chlorine levels to achieve the desired disinfection, ensuring the water is safe for consumption and use. Additionally, monitoring ORP can help in detecting any changes in the water's oxidation state, which may indicate the need for adjustments in the chlorine dosing or other treatment parameters. This proactive approach helps in preventing potential health risks associated with inadequate disinfection and ensures compliance with water quality standards.","Continuous monitoring of chlorine and oxidation-reduction potential (ORP) is important because it ensures the effective disinfection of water by maintaining the appropriate chlorine concentration and reaction time. Chlorine is added continuously at the intake, and a reaction time of 2030 minutes should be allowed for it to be effective. The effectiveness of chlorine as a disinfectant depends on its concentration, the duration of exposure, and the pH of the water. Monitoring ORP helps in assessing the redox conditions of the water, which is crucial for understanding the oxidation-reduction reactions occurring and ensuring that the chlorine is being used efficiently to maintain water quality and safety. Without continuous monitoring, there is a risk of inadequate disinfection, which could lead to the presence of harmful microorganisms in the water supply.","Continuous monitoring of chlorine and ORP (oxidation-reduction potential) is important for several reasons:

1. **Effectiveness of Chlorination**: The effectiveness of chlorine as a disinfectant depends on its concentration, the time of exposure, and the pH of the water. Monitoring ensures that these factors are maintained at optimal levels to effectively kill pathogens and maintain water quality.

2. **Total Residual Chlorine (TRC)**: Monitoring allows for the calculation of the total residual chlorine, which includes both free and combined available chlorine. This helps in assessing the overall disinfection capability of the water.

3. **Non-Available Chlorine**: Some chlorine is converted to non-available chlorine, which does not contribute to disinfection. Monitoring helps in understanding the amount of chlorine that is being consumed by reactions with organic compounds and other substances in the water.

4. **Prevention of Damage to RO Membranes**: Other oxidizing agents, if not used properly, can damage reverse osmosis (RO) membranes. Monitoring chlorine levels helps in preventing the overuse of these agents, which could lead to membrane damage.

5. **Reduction of Free Chlorine**: Residual free chlorine can be reduced to harmless chlorides by activated carbon or chemical reducing agents. Monitoring helps in determining when this reduction is necessary to prevent the formation of harmful by-products.

6. **DBNPA Deactivation**: Diethylenetriaminepentaacetic acid (DBNPA)","Continuous monitoring of chlorine and oxidation-reduction potential (ORP) is important for several reasons:

1. **Effectiveness of Chlorination**: The effectiveness of chlorine as a disinfectant depends on its concentration, the duration of exposure, and the pH of the water. Monitoring ensures that chlorine levels are maintained at an effective concentration to kill pathogens and maintain water quality.

2. **Reaction Time**: Chlorine needs a specific reaction time (e.g., 2030 minutes) to effectively disinfect water. Continuous monitoring ensures that this reaction time is adhered to, guaranteeing the water is properly treated.

3. **ORP Monitoring**: ORP is an indicator of the overall oxidation-reduction state of the water, which affects the disinfecting power of chlorine. By monitoring ORP, water treatment operators can determine if the chlorine is still effective or if additional chlorine needs to be added.

4. **Chlorine Consumption**: Chlorine is consumed by the oxidation of organic compounds present in the water. Continuous monitoring helps in understanding how much chlorine is being used up and ensures that there is enough chlorine to continue the disinfection process.

5. **Residual Chlorine**: Monitoring helps in ensuring that there is an adequate residual free chlorine level in the water to prevent microbial regrowth. If the residual chlorine is too low, it may not effectively control pathogens.

6. **By-products and Safety**: Chlorine can react with organic matter to form potentially harmful by-products. Monitoring helps in managing",0.8304833173751831,0.8716216087341309,0.8505553007125854
94.0,hypochlorous acid (HOCl) forms when chlorine dissolves in water; it's the most effective disinfectant species,What is hypochlorous acid and why is it important in water treatment?,HOCl is the active disinfectant formed when chlorine reacts with water and is responsible for inactivating pathogens effectively.,"Hypochlorous acid (HClO) is a weak acid that forms when chlorine (Cl2) dissolves in water. It is a significant disinfectant used in water treatment because it is highly effective at killing bacteria, viruses, and other pathogens. Hypochlorous acid is 100 times more effective than hypochlorite ions (OCl-) at neutralizing harmful microorganisms, making it a crucial component in ensuring the safety and cleanliness of drinking water. Additionally, hypochlorous acid can oxidize organic compounds present in water, further contributing to its disinfecting properties. However, it can also interfere with free residual chlorine measurements, which are used to monitor the effectiveness of chlorine-based disinfectants in water treatment processes.","Hypochlorous acid (HOCl) is a weak acid formed when chlorine (Cl2) dissolves in water. It is a highly effective disinfectant and is significantly more potent than its counterpart, the hypochlorite ion (OCl-), being 100 times more effective at killing bacteria, viruses, and other pathogens. In water treatment, hypochlorous acid is important because it helps to ensure the safety and potability of drinking water by effectively eliminating harmful microorganisms. Its strong oxidizing properties allow it to break down and neutralize a wide range of contaminants, making it a crucial component in the disinfection process. However, its effectiveness can be influenced by the presence of organic compounds in the water, which can consume chlorine and reduce its availability for disinfection. Additionally, hypobromous acid and hypobromite ions, which are similar to hypochlorous acid and hypochlorite ions, respectively, can interfere with the measurement of free residual chlorine, a key indicator of water's disinfecting power. Despite these challenges, hypochlorous acid remains a vital substance in maintaining water quality and public health.","Hypochlorous acid (HClO) is a weak acid that forms when chlorine (Cl2) is dissolved in water. It is a significant disinfectant in water treatment because it is highly effective at killing bacteria, viruses, and other pathogens. Hypochlorous acid is 100 times more effective than hypochlorite ions (OCl-) at neutralizing harmful microorganisms, making it a crucial component in ensuring the safety and cleanliness of drinking water.

In water treatment, hypochlorous acid is important because it helps to break down organic compounds present in the water, which can interfere with the effectiveness of chlorine as a disinfectant. By maintaining a certain concentration of hypochlorous acid, water treatment facilities can ensure that the water remains safe for consumption and free from harmful contaminants. Additionally, hypochlorous acid plays a role in preventing fouling of water intake lines, heat exchangers, and sand filters, which helps to maintain the efficiency and longevity of the water treatment infrastructure.","Hypochlorous acid (HOCl) is a weak acid formed when chlorine (Cl2) dissolves in water. It is a highly effective disinfectant and is significantly more potent than its counterpart, the hypochlorite ion (OCl-), being 100 times more effective in killing bacteria, viruses, and other pathogens. In water treatment, hypochlorous acid is important because it helps to purify water by breaking down harmful organic compounds and microorganisms, making the water safer for consumption and use. Its effectiveness in oxidizing and decomposing organic matter contributes to the reduction of potential contaminants, thereby improving the overall quality of the treated water. Additionally, hypochlorous acid plays a role in maintaining the integrity of water treatment systems by preventing fouling, which can occur due to the oxidation of organic compounds present in the water. Maintaining a certain concentration of free residual chlorine, which includes hypochlorous acid, is crucial for ensuring the continued effectiveness of the water treatment process.","Hypochlorous acid (HClO) is a weak acid that forms when chlorine (Cl2) is dissolved in water. It is a highly effective disinfectant and is significantly more potent than the hypochlorite ion (OCl-) in killing bacteria, viruses, and other pathogens. In water treatment, hypochlorous acid plays a crucial role in maintaining water quality and safety. It is used to control microorganisms in municipal and industrial water supplies, as well as in wastewater treatment, due to its ability to quickly inactivate most pathogenic microorganisms. Additionally, hypochlorous acid helps in the breakdown of organic matter in water, making it more biodegradable. Maintaining a free residual chlorine concentration, which includes hypochlorous acid, is essential for preventing fouling in water intake lines, heat exchangers, and sand filters, especially when the water has a high organic content. Hypochlorous acid is also involved in the dechlorination process, where it is reduced to less harmful substances, such as chloride ions, to ensure that the treated water is safe for consumption and use.","Hypochlorous acid (HClO) is a weak acid that forms when chlorine (Cl2) dissolves in water. It is a highly effective disinfectant, being 100 times more potent than the hypochlorite ion (OCl-) in killing bacteria, viruses, and other pathogens. In water treatment, hypochlorous acid is crucial because it rapidly inactivates most pathogenic microorganisms, making it an essential component for ensuring the safety and potability of municipal and industrial water supplies. Its effectiveness in breaking down organic matter into more biodegradable fragments further aids in maintaining water quality. However, its reactivity with organic compounds and other substances in water can also lead to the consumption of chlorine, which must be carefully managed to maintain the desired levels of free residual chlorine for effective disinfection. Hypochlorous acid's role in water treatment underscores its importance in controlling waterborne diseases and ensuring the overall health of the water distribution system.","Hypochlorous acid (HClO) is a weak acid that forms when chlorine (Cl2) dissolves in water. It is important in water treatment because it is a powerful disinfectant, capable of killing bacteria, viruses, and other pathogens. Hypochlorous acid is 100 times more effective than hypochlorite ions (OCl-) in this regard. This high level of effectiveness makes it a valuable tool for ensuring the safety and cleanliness of drinking water and swimming pools. Additionally, hypochlorous acid plays a role in the oxidation of organic compounds present in water, further contributing to its disinfecting properties. However, it is also important to note that hypochlorous acid can be consumed by the oxidation of organic compounds, which can affect its availability and effectiveness in water treatment processes.","Hypochlorous acid (HOCl) is a weak acid that forms when chlorine dissolves in water. It is important in water treatment because it is a highly effective disinfectant, being 100 times more effective than the hypochlorite ion (OCl-) at killing bacteria, viruses, and other pathogens. This makes hypochlorous acid a valuable compound for ensuring the safety and cleanliness of drinking water and swimming pools. However, its effectiveness can be diminished by the presence of organic compounds in the water, which can consume chlorine and reduce the concentration of hypochlorous acid available for disinfection. Additionally, hypobromous acid and hypobromite ions, which are related to hypochlorous acid, can interfere with the measurement of free residual chlorine, affecting the monitoring of water treatment processes. Despite these challenges, hypochlorous acid remains a critical component in the disinfection and purification of water.","Hypochlorous acid (HClO) is a weak acid formed when chlorine (Cl2) dissolves in water. It is a significant disinfectant in water treatment due to its strong oxidizing properties, which make it highly effective at killing bacteria, viruses, and other pathogens. Hypochlorous acid is 100 times more effective than hypochlorite ions (OCl-) in disinfecting water.

In water treatment, hypochlorous acid is important because it helps to ensure the safety and cleanliness of the water supply. It can be used to treat drinking water, swimming pools, and industrial water systems. Additionally, hypochlorous acid can help to break down organic matter in the water, making it more biodegradable and easier to remove. This process helps to prevent fouling of water intake lines, heat exchangers, sand filters, and other components of water treatment systems. Maintaining a free residual chlorine concentration of 0.51-0.70 mg/L or higher, depending on the organic content of the incoming water, is crucial for effective water treatment. Continuous chlorination and dechlorination of the feedwater have been standard practices for years, leveraging the benefits of hypochlorous acid in maintaining water quality and safety.","Hypochlorous acid (HOCl) is a weak acid formed when chlorine (Cl2) dissolves in water. It is a powerful disinfectant and is significantly more effective at killing bacteria, viruses, and other pathogens than its counterpart, the hypochlorite ion (OCl-). Hypochlorous acid is important in water treatment because it can penetrate the cell walls of microorganisms, leading to their destruction. Its high efficacy makes it a valuable tool in ensuring the safety and cleanliness of drinking water. Additionally, hypochlorous acid helps in breaking down organic matter in the water, which can otherwise interfere with chlorine's effectiveness and lead to the formation of harmful byproducts. Maintaining an appropriate concentration of hypochlorous acid in water treatment processes helps in preventing fouling of water intake lines and other equipment, ensuring a more efficient and effective water treatment system.","Hypochlorous acid (HClO) is a weak acid that forms when chlorine (Cl2) is dissolved in water. It is a potent disinfectant, being 100 times more effective than the hypochlorite ion (OCl-) at inactivating pathogens. In water treatment, hypochlorous acid is important because it helps to control microorganisms by quickly inactivating most pathogenic microorganisms, ensuring the water is safe for consumption and use. It is also involved in the breakdown of organic matter in the water, making it more biodegradable. Hypochlorous acid is a key component in continuous chlorination and dechlorination processes, which are standard practices in both municipal and industrial water treatment schemes to maintain water quality and prevent fouling of water intake lines, heat exchangers, and sand filters. Additionally, hypochlorous acid plays a role in the dechlorination process, where it is reduced to less harmful substances, such as chloride ions, to prevent the negative effects of chlorine on the water and the environment.","Hypochlorous acid (HClO) is a weak acid that forms when chlorine (Cl2) dissolves in water. It is a potent disinfectant, being significantly more effective than its counterpart, the hypochlorite ion (OCl-), by a factor of 100 in terms of its ability to inactivate microorganisms. In water treatment, hypochlorous acid is crucial because it rapidly inactivates most pathogenic microorganisms, helping to ensure that the treated water is safe for consumption and use. It also plays a role in breaking down organic matter in the water, which can then be further degraded into more biodegradable fragments. Maintaining a certain concentration of free residual chlorine, which includes hypochlorous acid, is important for preventing fouling in water treatment systems and for controlling microorganisms in municipal and industrial water supplies. Hypochlorous acid is also involved in the dechlorination process, where it can be reduced to less harmful substances, such as chlorine gas (Cl2) and sodium bisulfite (NaHSO3), to prevent the exposure of water to oxidizing agents that could potentially harm the water quality or the treatment process.",0.835740864276886,0.9055980443954468,0.8692681789398193
95.0,HOCl dissociates into H⁺ and OCl⁻; lower pH favors HOCl which is more effective for disinfection,Why is disinfection more effective at lower pH when using chlorine?,"Lower pH increases HOCl concentration, which is the most effective chlorine species for inactivating microorganisms.","Disinfection is more effective at lower pH when using chlorine because hypochlorous acid (HOCl), which is the active form of chlorine, is more effective as a disinfectant. At a lower pH, a higher proportion of chlorine exists as hypochlorous acid, which is 100 times more effective than the hypochlorite ion (OCl-) at killing microorganisms. As the pH increases, the equilibrium shifts towards the formation of hypochlorite ions, which are less effective as disinfectants. Therefore, maintaining a lower pH enhances the germicidal effect of chlorine, making disinfection more efficient.","Disinfection is more effective at lower pH when using chlorine because at lower pH levels, a higher proportion of chlorine exists as hypochlorous acid (HOCl), which is 100 times more effective than the hypochlorite ion (OCl-) at killing germs. As the pH decreases, the equilibrium shifts towards the formation of hypochlorous acid, enhancing the germicidal properties of chlorine. This increased effectiveness at lower pH levels makes chlorine a more potent disinfectant in environments where maintaining a lower pH is feasible.","Disinfection is more effective at lower pH when using chlorine because at lower pH levels, a higher proportion of chlorine exists as hypochlorous acid (HOCl), which is the more effective form of chlorine for disinfection. Hypochlorous acid is significantly more potent than the hypochlorite ion (OCl-) in terms of its germicidal properties. As the pH decreases, the equilibrium shifts towards the formation of hypochlorous acid, thereby enhancing the disinfecting power of chlorine. This increased effectiveness at lower pH levels is due to the greater availability of the more active and potent form of chlorine, hypochlorous acid, which is better at inactivating microorganisms.","Disinfection is more effective at lower pH when using chlorine because hypochlorous acid (HOCl), which is the active disinfecting species in chlorine, is more effective than the hypochlorite ion (OCl-) at lower pH levels. At lower pH, a higher proportion of chlorine exists as hypochlorous acid, which is 100 times more effective at killing microorganisms than the hypochlorite ion. This increased effectiveness of hypochlorous acid at lower pH levels makes chlorine a more potent disinfectant in such conditions. Additionally, the effectiveness of chlorine as a disinfectant is also influenced by the chlorine concentration, the time of exposure, and the pH of the water, with lower pH generally enhancing the germicidal action of chlorine.","Disinfection is more effective at lower pH when using chlorine because hypochlorous acid (HOCl), which is the active disinfecting agent, is more stable and has a higher germicidal effect at lower pH levels. At lower pH, a higher proportion of chlorine exists as hypochlorous acid, which is 100 times more effective than the hypochlorite ion (OCl-) at inactivating microorganisms. As the pH increases, the equilibrium shifts towards the formation of hypochlorite ion, which is less effective as a disinfectant. Therefore, maintaining a lower pH enhances the disinfection efficiency of chlorine.","Disinfection is more effective at lower pH when using chlorine because chlorine exists in water primarily as hypochlorous acid (HOCl), which is a stronger disinfectant. At lower pH levels, a higher proportion of chlorine is converted to hypochlorous acid, which is 100 times more effective than its counterpart, the hypochlorite ion (OCl-). Hypochlorous acid is more effective at penetrating the cell walls of microorganisms and disrupting their functions, leading to more efficient disinfection. Therefore, the lower the pH, the more chlorine is available as the potent hypochlorous acid, enhancing the overall disinfection process.","Disinfection is more effective at lower pH when using chlorine because hypochlorous acid (HOCl), which is the active disinfectant form of chlorine, is more prevalent at lower pH levels. Hypochlorous acid is significantly more effective (about 100 times) than the hypochlorite ion (OCl-) at inactivating microorganisms. At a pH of 7.5, only 77% of the chlorine is in the form of hypochlorous acid, which is less effective. However, at a pH of 6.5, 90% of the chlorine is in the form of hypochlorous acid, which has a stronger germicidal effect. Therefore, maintaining a lower pH enhances the disinfection process by increasing the proportion of the more effective hypochlorous acid.","Disinfection is more effective at lower pH when using chlorine because at lower pH levels, a higher proportion of chlorine exists as hypochlorous acid (HOCl), which is 100 times more effective than the hypochlorite ion (OCl-) at killing germs. As the pH decreases, the equilibrium shifts towards the formation of hypochlorous acid, enhancing the germicidal properties of chlorine. This increased effectiveness at lower pH levels makes chlorine a more potent disinfectant in environments where maintaining a lower pH is feasible.","Disinfection is more effective at lower pH when using chlorine because hypochlorous acid (HOCl), which is the active disinfectant form of chlorine, is more prevalent at lower pH levels. At a pH of 7.5, only 77% of the chlorine is in the form of hypochlorous acid, which is the more effective germicide. However, at a lower pH of 6.5, 90% of the chlorine is present as hypochlorous acid, which has a stronger germicidal effect compared to the hypochlorite ion (OCl-). Therefore, the higher concentration of the more effective hypochlorous acid at lower pH levels makes chlorine disinfection more efficient.","Disinfection is more effective at lower pH when using chlorine because at lower pH levels, a higher proportion of chlorine exists in the form of hypochlorous acid (HOCl), which is 100 times more effective than the hypochlorite ion (OCl-) at killing microorganisms. The effectiveness of chlorine as a disinfectant is influenced by the pH of the water, with hypochlorous acid being the more potent disinfectant form. As the pH decreases, the equilibrium shifts towards the formation of hypochlorous acid, enhancing the germicidal action of chlorine. Therefore, lower pH levels favor the presence of hypochlorous acid, leading to more effective disinfection.","Disinfection is more effective at lower pH when using chlorine because hypochlorous acid (HOCl), which is the active disinfectant form of chlorine, is more stable and has a greater germicidal effect at lower pH levels. At a pH of 7.5, a significant portion of chlorine exists as hypochlorous acid, which is more effective at killing microorganisms compared to the hypochlorite ion (OCl-) that predominates at higher pH levels. Therefore, chlorine disinfection is more efficient at lower pH because the concentration of the more effective hypochlorous acid is higher.","Disinfection is more effective at lower pH when using chlorine because chlorine exists in water as a mixture of two species: hypochlorous acid (HOCl) and the hypochlorite ion (OCl-). At lower pH levels, the equilibrium shifts towards the formation of hypochlorous acid, which is the more effective disinfectant. Hypochlorous acid is 100 times more effective than the hypochlorite ion in killing germs. Therefore, at lower pH, there is a higher concentration of hypochlorous acid, which enhances the germicidal effect of chlorine, making disinfection more effective.",0.8393142223358154,0.8939928412437439,0.8657910227775574
96.0,OCl⁻ is less effective than HOCl and dominates at high pH; this reduces disinfection efficiency,What happens to chlorine disinfection efficiency at high pH?,"At high pH, OCl⁻ becomes the dominant species, which is less effective, reducing the overall disinfection efficiency.","At high pH levels, the disinfection efficiency of chlorine decreases. This is because chlorine exists in different forms depending on the pH of the water. At a pH of 7.5, only 50% of the free residual chlorine is present as hypochlorous acid (HOCl), which is the more effective form for disinfection. HOCl is less effective than the hypochlorite ion (OCl-) at higher pH levels. As the pH decreases to 6.5, the proportion of HOCl increases to 90%, enhancing the germicidal effect of chlorine. Therefore, at higher pH levels, there is less HOCl available, leading to reduced disinfection efficiency.","At high pH, the disinfection efficiency of chlorine decreases. This is because chlorine reacts with organic matter in the water to form more biodegradable fragments, but at a higher pH, the formation of the less effective hypochlorite ion (HOCl) is favored over the more effective hypochlorous acid (HOCl). Since hypochlorous acid is a stronger disinfectant, its reduced presence at higher pH levels leads to lower disinfection efficiency. Additionally, the presence of free residual chlorine decreases, which further contributes to the reduced effectiveness of chlorine as a disinfectant at higher pH levels.","At high pH levels, chlorine disinfection efficiency decreases. This is because chlorine reacts more rapidly with organic matter and other substances in the water under alkaline conditions, which can lead to the formation of less effective disinfection byproducts and a reduction in the availability of free chlorine for disinfection. Additionally, the presence of transition metals can catalyze membrane degradation, further impacting the efficiency of chlorine as a disinfectant. Therefore, it is important to determine the optimum chlorine dosage, point of injection, pH, and contact time to ensure effective biofouling prevention.","At high pH, chlorine disinfection efficiency decreases. This is because chlorine reacts more rapidly with organic matter and other substances in the water under alkaline conditions, which can lead to the formation of less effective disinfection byproducts and reduce the amount of free available chlorine for disinfection. Additionally, the increased reaction rate can lead to a faster depletion of chlorine, necessitating more frequent dosing to maintain effective disinfection levels.","At high pH, chlorine disinfection efficiency decreases. This is because chlorine is more likely to be present as the less effective hypochlorite ion (OCl-) rather than the more effective hypochlorous acid (HClO) under acidic to neutral pH conditions. As the pH increases, the proportion of hypochlorite ion increases, which has a lower germicidal effect compared to hypochlorous acid. Therefore, the germicidal efficiency of free residual chlorine is directly related to the concentration of undissociated hypochlorous acid, which is less available at high pH levels.","At high pH, chlorine disinfection efficiency increases because chlorine reacts faster with organic matter, leading to more effective breakdown into biodegradable fragments. This results in a higher germicidal efficiency of free residual chlorine, which is directly related to the concentration of undissociated hypochlorous acid (HOCI). However, it's important to note that while the efficiency may increase, the residual free chlorine can eventually be reduced to harmless chlorides by activated carbon or chemical reducing agents.","At high pH levels, the efficiency of chlorine disinfection decreases. This is because a higher pH reduces the proportion of free available chlorine (FAC) to hypochlorous acid (HOCl), which is the more effective form of chlorine for disinfection. At a pH of 7.5, only 50% of the chlorine is present as HOCl, whereas at a pH of 6.5, 90% of the chlorine is present as HOCl. Therefore, chlorine is less effective as a disinfectant at higher pH levels.","At high pH, the disinfection efficiency of chlorine decreases. This is because chlorine reacts with organic matter in the water to form more biodegradable fragments, but at higher pH levels, the formation of hypochlorous acid (HOCI), which is the more effective disinfectant form of chlorine, is reduced. As a result, less free residual chlorine is available for disinfection, leading to a decrease in the overall disinfection efficiency.","At high pH, chlorine disinfection efficiency decreases. Chlorine reacts more rapidly with water to form chloramines, especially in the presence of iron or other transition metals, which can catalyze membrane degradation. Additionally, under alkaline conditions, the formation of chloramines is favored over the formation of hypochlorous acid (HOCI), which is the more effective disinfectant form of chlorine. Hypochlorous acid is more prevalent at lower pH levels, where it can more effectively penetrate and inactivate microorganisms. As the pH increases, the proportion of hypochlorite ions (OCl-) increases, which are less effective at disinfection compared to hypochlorous acid. Therefore, to maintain disinfection efficiency, it is important to control the pH and consider the presence of other substances that may affect chlorine's reactivity.","At high pH, chlorine disinfection efficiency decreases. Chlorine reacts more rapidly with organic matter under alkaline conditions, which can lead to the formation of less effective disinfection byproducts and a reduction in the amount of free available chlorine for disinfection. This can result in a lower overall disinfection efficiency, as more chlorine is consumed in reactions that do not contribute to the inactivation of pathogens. Therefore, it is important to consider pH when determining the optimum chlorine dosage and contact time for effective water disinfection.","At high pH, the disinfection efficiency of chlorine decreases. This is because chlorine exists predominantly as hypochlorite (OCl-) at alkaline pH levels, which is less effective as a disinfectant compared to hypochlorous acid (HClO), which is more prevalent at lower pH levels. As a result, the germicidal efficiency of free residual chlorine is directly related to the concentration of undissociated hypochlorous acid, which is less available at higher pH. Therefore, chlorine attack is faster and more effective at lower pH conditions.","At high pH, chlorine disinfection efficiency decreases because chlorine reacts more rapidly with organic matter, leading to the formation of more biodegradable fragments. This accelerated reaction under alkaline conditions results in a lower concentration of undissociated hypochlorous acid (HOCI), which is the more effective form of chlorine for disinfection. Consequently, the germicidal efficiency of free residual chlorine is reduced at high pH levels. Additionally, residual free chlorine can be converted to harmless chlorides by activated carbon or chemical reducing agents, further diminishing the disinfection capability of chlorine at high pH.",0.8521400094032288,0.9093642830848694,0.8798226714134216
97.0,chloramine formed from chlorine and ammonia; used in distribution systems for long-lasting disinfection,How is chloramine formed and why is it used?,Chloramine forms when chlorine reacts with ammonia and is used in water systems for its stability and persistent disinfection.,"Chloramine is formed by the reaction of chlorine with ammonia compounds present in the water. It is used as a sanitization agent because it has a germicidal effect, which, although lower than that of chlorine, is still effective in disinfecting water. Chloramine is also formed by adding ammonia to chlorine, and it can be used in situations where maintaining a residual level of chlorine is desired, as it is more stable and less likely to dissipate quickly compared to free chlorine. However, it is important to note that free chlorine may still be present when chloramine is used, so careful consideration is needed when using chloramine for sanitization.","Chloramine is formed through a chemical reaction where chlorine reacts with ammonia compounds that are present in the water. This process is often discussed in the context of water treatment, where chlorine is used as a disinfectant to kill harmful bacteria and other microorganisms. When chlorine is added to water, it can also react with organic compounds present in the water, which can lead to the consumption of chlorine. However, when ammonia is added to chlorine, chloramine is produced as a result.

Chloramine is used in water treatment because it provides a longer-lasting disinfectant effect compared to free chlorine. This means that chloramine can continue to disinfect the water for a longer period of time, which is beneficial for maintaining water quality as it travels through the distribution system to consumers. Additionally, chloramine is less likely to react with organic matter in the water, which can help to reduce the formation of disinfection by-products that may be harmful to human health. Overall, the use of chloramine in water treatment helps to ensure that the water remains safe and clean for consumption.","Chloramine is formed by the reaction of chlorine with ammonia compounds present in the water. It is used because it has a germicidal effect, which, although lower than that of chlorine, is still effective for sanitization. Chloramine is also formed by adding ammonia to chlorine, which can result in the presence of free chlorine, so care must be taken when using chloramine as a sanitization agent. An acidic pH is preferred for better biocidal effect during chlorination, and chlorine attack is faster at higher temperatures and higher concentrations of heavy metals like iron. For more detailed information, the handbook of chlorination is recommended.","Chloramine is formed by the reaction of chlorine with ammonia compounds present in the water. This process is used because chloramines are a more stable form of chlorine, which means they can provide longer-lasting disinfection compared to free chlorine. Chloramines are also less likely to react with organic compounds in the water, making them a more effective disinfectant in certain situations. Additionally, since chloramines are formed by adding ammonia to chlorine, it is possible that free chlorine will still be present, which can contribute to the overall disinfection process. For further details, the handbook of chlorination is recommended. Chloramine attack is also faster at higher temperatures and higher concentrations of heavy metals, such as iron.","Chloramine is formed by the reaction of chlorine with ammonia compounds present in the water. It is used because it has a germicidal effect, which, although lower than that of chlorine, is still effective for sanitization. Additionally, chloramine can be used when free chlorine might be present, making it a versatile option for water treatment. However, it is important to note that chloramine is less effective than chlorine alone, so care must be taken when using it as a sanitization agent. For more detailed information, the handbook of chlorination is recommended.","Chloramine is formed by the reaction of chlorine with ammonia compounds present in the water. This process occurs when chlorine, which is used for treating potable water, reacts with ammonia, which can be naturally present in water or added as a disinfectant. The formation of chloramine is significant because it provides a longer-lasting disinfectant effect compared to free chlorine. This is due to the fact that chloramines are more stable and less likely to dissipate quickly, ensuring a residual disinfectant effect in the water supply. This residual effect helps to maintain water quality and prevent the growth of bacteria and other pathogens over time. Chloramines are used in water treatment because they are effective in controlling microbial contaminants and can provide a sustained level of disinfection, which is beneficial for the safety and longevity of the water distribution system.","Chloramine is formed by the reaction of chlorine with ammonia compounds present in the water. It is used as a sanitization agent because it has a germicidal effect, although it is less potent than chlorine. Chloramines are also formed by adding ammonia to chlorine, which can result in the presence of free chlorine. Care must be taken when using chloramine for sanitization due to its formation and the potential presence of free chlorine.","Chloramine is formed through the reaction of chlorine with ammonia compounds present in the water. This process typically occurs when chlorine, which is used as a disinfectant in water treatment, reacts with ammonia or ammonia-like substances that may be naturally present in the water. The resulting compound, chloramine, is a combination of chlorine and ammonia.

Chloramine is used as a disinfectant in water treatment because it provides a longer-lasting residual effect compared to free chlorine. This means that chloramine can continue to disinfect water as it travels through the distribution system, helping to protect against microbial contamination over a longer period. Additionally, chloramine is less likely to react with organic matter in the water, which can help to reduce the formation of harmful disinfection by-products that are sometimes associated with the use of free chlorine. However, it is important to note that while chloramine is effective as a disinfectant, it can also react with certain organic compounds and metals in the water, potentially forming other by-products. Therefore, careful management and monitoring are necessary to ensure the safety and effectiveness of chloramine as a disinfectant in water treatment.","Chloramine is formed by the reaction of chlorine with ammonia compounds present in the water. It is used because it has a germicidal effect, which, although lower than that of chlorine, is still effective for sanitization purposes. Chloramine is also formed by adding ammonia to chlorine, and it is important to note that free chlorine may still be present when chloramine is used. This means that care must be taken when using chloramine as a sanitization agent. Additionally, an acidic pH is preferred for better biocidal effect during chlorination, and chlorine attack is faster at higher temperatures and higher concentrations of heavy metals such as iron. For more detailed information, the handbook of chlorination is recommended.","Chloramine is formed through the reaction of chlorine with ammonia compounds present in the water. This process is utilized because chloramines are more stable and longer-lasting disinfectants compared to free chlorine. They are used to maintain a residual level of disinfection in the water distribution system, which helps to prevent the growth and spread of microorganisms as the water travels through the pipes. This residual effect is particularly important for ensuring the safety of the water supply over extended periods and distances. Chloramines are also less likely to form harmful by-products, such as trihalomethanes, which are associated with the use of free chlorine. For more detailed information, the handbook of chlorination is recommended.","Chloramine is formed by the reaction of chlorine with ammonia compounds present in the water. This process is used because chloramine has a germicidal effect, which, although lower than that of chlorine, is still effective in sanitizing water. Chloramines are preferred in some cases because they can provide a longer-lasting residual disinfectant effect compared to free chlorine, which can be beneficial for maintaining water quality over time. However, it is important to note that free chlorine may still be present when chloramine is used, so care must be taken in its application as a sanitization agent.","Chloramine is formed through the reaction of chlorine with ammonia compounds present in the water. This process occurs when chlorine, which is used for treating potable water, comes into contact with ammonia. Chloramines are used because they provide a longer-lasting residual disinfectant effect in the water supply compared to free chlorine. This means that chloramines help to maintain a disinfectant level in the water over a longer period, which is beneficial for ensuring water safety and preventing the growth of harmful microorganisms. Additionally, chloramines are less likely to react with organic compounds and heavy metals, making them a more stable choice for water treatment in certain conditions. For more detailed information, the handbook of chlorination is recommended.",0.8587328791618347,0.9204376935958862,0.888515293598175
98.0,"free chlorine includes HOCl and OCl⁻, while combined chlorine refers to chloramines",What distinguishes free chlorine from combined chlorine?,"Free chlorine consists of HOCl and OCl⁻ with strong disinfecting power, while combined chlorine includes chloramines with longer but weaker activity.","Free chlorine and combined chlorine are distinguished by their chemical forms and their reactivity with ammonia nitrogen. Free chlorine refers to the sum of chlorine species that are not chemically combined with other substances, such as hypochlorous acid (HOCl) and hypochlorite ion (OCl-), and is expressed as free available chlorine (FAC) or free residual chlorine (FRC). Combined chlorine, on the other hand, refers to chlorine that has reacted with ammonia nitrogen to form various chloramines, such as monochloramine (NH2Cl), dichloramine (NHCl2), and trichloramine (NCl3), and is expressed as total residual chlorine (TRC). Free chlorine is more effective at disinfecting and is present in higher concentrations at higher pH levels, while combined chlorine is less effective as a disinfectant and is present in higher concentrations at lower pH levels. Hypobromous acid and hypobromite ions can also interfere with free residual chlorine measurements and are included in the free residual chlorine value.","Free chlorine refers to the chlorine that is available to disinfect water and is not yet combined with other substances. It exists in the form of hypochlorous acid (HOCl) and hypochlorite ions (OCl-) in water. Combined chlorine, on the other hand, is chlorine that has reacted with nitrogen-containing compounds, such as ammonia, to form various chloramines (monochloramine, dichloramine, and trichloramine). These chloramines are less effective as disinfectants compared to free chlorine. The distinction lies in the chemical form and disinfecting capability, with free chlorine being the active disinfectant and combined chlorine being a byproduct of the reaction with ammonia.","Free chlorine refers to chlorine that is available to disinfect water, either as hypochlorous acid (HOCl) or hypochlorite ion (OCl-), and is measured as free available chlorine (FAC) or free residual chlorine (FRC). It is effective at killing bacteria and other pathogens in water. Combined chlorine, on the other hand, is chlorine that has reacted with nitrogen-containing compounds, such as ammonia, to form chloramines (monochloramine, dichloramine, and trichloramine). These chloramines are less effective as disinfectants compared to free chlorine and are measured as combined available chlorine (CAC) or combined residual chlorine (CRC). The presence of combined chlorine indicates that some of the chlorine has been consumed in the formation of these compounds, reducing the overall effectiveness of chlorine as a disinfectant in the water.","Free chlorine refers to the chlorine that is not yet combined with other substances and is available to disinfect water. It exists in the form of hypochlorous acid (HOCl) and hypochlorite ions (OCl-) in water. Combined chlorine, on the other hand, is chlorine that has reacted with nitrogen-containing compounds, such as ammonia, to form chloramines (monochloramine, dichloramine, and trichloramine). These chloramines are less effective as disinfectants compared to free chlorine. The distinction between free chlorine and combined chlorine is based on their chemical forms and their availability to disinfect water. Free chlorine is more potent and effective in killing bacteria and other pathogens, while combined chlorine is considered a residual disinfectant that continues to provide some level of disinfection but is not as strong as free chlorine.","Free chlorine and combined chlorine are distinguished by their chemical forms and their reactivity. Free chlorine refers to the sum of hypochlorous acid (HOCl) and hypochlorite ions (OCl-) present in water, which are highly effective as disinfectants. It is expressed as mgl Cl2 and is available for immediate disinfection. Combined chlorine, on the other hand, includes chloramines such as monochloramine (NH2Cl), dichloramine (NHCl2), and trichloramine (NCl3), which are formed when chlorine reacts with ammonia nitrogen in water. These compounds are less effective as disinfectants compared to free chlorine and are considered a form of residual chlorine that indicates the presence of chlorine that has been combined with other substances, rather than being available for immediate disinfection. The presence of hypobromous acid and hypobromite ions can also interfere with the measurement of free residual chlorine, as they are included in the free residual chlorine value.","Free chlorine refers to the chlorine that is available to disinfect water without reacting with other substances, such as ammonia. It exists in the form of hypochlorous acid (HOCl) and hypochlorite ions (OCl-) and is effective at killing bacteria and other pathogens. Free chlorine is measured as residual free chlorine and should be maintained at a concentration of 0.5 to 1.0 mg/L throughout the entire pretreatment line to ensure effective disinfection.

Combined chlorine, on the other hand, is chlorine that has reacted with nitrogen-containing compounds, such as ammonia, in the water. This reaction forms chloramines, which include monochloramine (NH2Cl), dichloramine (NHCl2), and trichloramine (NCl3). Combined chlorine is not as effective as free chlorine at killing bacteria and is considered a byproduct of the water treatment process. It is measured as combined available chlorine and is not suitable for disinfection purposes. Filmtec recommends removing residual free chlorine by pretreatment prior to membrane exposure to prevent damage to the membranes, as oxidation is not covered under warranty.","Free chlorine refers to the sum of chloramines (monochloramine, dichloramine, and trichloramine) and free available chlorine (hypochlorous acid and hypochlorite ions) that are present in water and are available to disinfect. It is expressed as milligrams of chlorine per liter (mgl Cl2). Combined chlorine, on the other hand, refers to the chlorine that has reacted with nitrogen-containing compounds, such as ammonia, to form chloramines (monochloramine, dichloramine, and trichloramine). This chlorine is not immediately available for disinfection and is expressed as the sum of these chloramines, also in milligrams of chlorine per liter (mgl Cl2). The key distinction is that free chlorine is immediately available to kill pathogens, while combined chlorine is not.","Free chlorine refers to the chlorine that is not yet combined with other substances and is available to disinfect water, primarily in the form of hypochlorous acid (HOCl) and hypochlorite ions (OCl-). Combined chlorine, on the other hand, is chlorine that has reacted with nitrogen-containing compounds in the water, such as ammonia, to form various chloramines (monochloramine, dichloramine, and trichloramine) and eventually nitrogen trichloride (NCl3). These combined forms of chlorine are less effective as disinfectants compared to free chlorine. The distinction lies in their chemical state and their availability to disinfect; free chlorine is readily available for disinfection, while combined chlorine is not.","Free chlorine and combined chlorine are distinguished by their chemical forms and their roles in water treatment. Free chlorine refers to the sum of chlorine species that are not chemically combined with other substances, such as hypochlorous acid (HOCl) and hypochlorite ion (OCl-). These species are available to disinfect water and are referred to as free available chlorine (FAC) or free residual chlorine (FRC). On the other hand, combined chlorine refers to chlorine that has reacted with nitrogen-containing compounds, such as ammonia, to form chloramines (monochloramine, dichloramine, and trichloramine). These chloramines are less effective as disinfectants compared to free chlorine and are referred to as combined available chlorine (CAC). The distinction is important because the effectiveness of chlorine as a disinfectant decreases as the concentration of combined chlorine increases.","Free chlorine and combined chlorine are distinguished by their chemical forms and their roles in water treatment. Free chlorine refers to the chlorine present in its undissociated form, either as hypochlorous acid (HOCl) or as the hypochlorite ion (OCl-). It is the active form of chlorine that disinfects and oxidizes contaminants in water. On the other hand, combined chlorine refers to chlorine that has reacted with ammonia nitrogen in the water to form chloramines, such as monochloramine (NH2Cl), dichloramine (NHCl2), and trichloramine (NCl3). These chloramines are less effective as disinfectants but are used to maintain a residual level of chlorine in the water to prevent recontamination as it travels through the distribution system. The sum of free and combined chlorine is referred to as total residual chlorine (TTRC).","Free chlorine refers to chlorine that is not chemically combined with other substances and is available to disinfect water. It exists in the form of hypochlorous acid (HClO) and hypochlorite ions (OCl-) in water. Free chlorine is effective at lower pH levels and is the form used for disinfection purposes.

Combined chlorine, on the other hand, is chlorine that has reacted with nitrogen-containing compounds, such as ammonia, to form chloramines. There are several types of chloramines, including monochloramine (NH2Cl), dichloramine (NHCl2), and trichloramine (NCl3). Combined chlorine is less effective as a disinfectant compared to free chlorine and is more stable, meaning it persists in the water for a longer time. It is typically present in water after the chlorine demand has been met, and it indicates that not all of the added chlorine has been used for disinfection. Combined chlorine is more common at higher pH levels and is not as effective at killing bacteria and viruses as free chlorine.","Free chlorine refers to the chlorine that is not chemically combined with other substances and is available to disinfect water. It includes both hypochlorous acid (HOCl) and hypochlorite ions (OCl-) in water. Combined chlorine, on the other hand, refers to chlorine that has reacted with nitrogen-containing substances, such as ammonia, to form chloramines (monochloramine, dichloramine, and trichloramine). These chloramines are less effective as disinfectants compared to free chlorine. Free chlorine is more effective at killing bacteria and other pathogens, while combined chlorine is primarily used for disinfection and odor control. The distinction is important because the effectiveness of chlorine as a disinfectant depends on the presence of free chlorine rather than combined chlorine.",0.815909743309021,0.8816893100738525,0.8475250601768494
99.0,total residual chlorine (TRC) is used to measure all chlorine species in treated water,What is total residual chlorine and what does it represent?,"TRC is the combined concentration of free and combined chlorine in water, providing a complete picture of disinfectant levels.","Total residual chlorine (TRC) is the sum of free available chlorine (FAC) and combined available chlorine (CAC). It represents the total amount of chlorine present in water, both in its free form (as hypochlorous acid, HOCl, and hypochlorite ion, OCl-) and in its combined form (as chloramines, such as monochloramine, NH2Cl, dichloramine, NHCl2, and trichloramine, NCl3). TRC is an important measure in water treatment processes as it indicates the overall chlorine content that is available to disinfect and maintain water quality. It is expressed in milligrams per liter (mgl) of chlorine gas (Cl2). Total residual chlorine is a critical parameter for ensuring that water remains safe for consumption and free from harmful microorganisms.","Total residual chlorine (TRC) is the sum of free and combined available chlorine in water. It represents the overall chlorine content that is available to disinfect water, ensuring the elimination of pathogens and maintaining water quality. TRC includes both the free chlorine, which is available immediately for disinfection, and the combined chlorine, which has reacted with ammonia or organic matter to form chloramines. This measurement is crucial for assessing the effectiveness of chlorine as a disinfectant in water treatment processes.","Total residual chlorine (TRC) is the sum of free available chlorine (FAC) and combined available chlorine (CAC). It represents the total amount of chlorine present in water after a disinfection process, which includes both the chlorine that is freely available to disinfect (free available chlorine) and the chlorine that has combined with other substances to form chloramines (combined available chlorine). This measurement is important for ensuring that water remains disinfected as it travels through the distribution system.",Total residual chlorine (TRC) is the sum of free and combined available chlorine in water. It represents the total amount of chlorine present in water that is available to disinfect and maintain water quality. This includes both the chlorine that is free and not yet combined with other substances (free residual chlorine) and the chlorine that has combined with other compounds (combined residual chlorine). TRC is an important measure in water treatment processes to ensure that the water remains safe for consumption by maintaining an effective level of disinfection throughout the entire water distribution system.,"Total residual chlorine (TRC) is the sum of free available chlorine (FAC) and combined available chlorine (CAC). It represents the total amount of chlorine present in water, both in its free form (as hypochlorous acid, HOCl, and hypochlorite ion, OCl-) and in its combined form (as chloramines, such as monochloramine, NH2Cl, dichloramine, NHCl2, and trichloramine, NCl3). TRC is expressed as milligrams of chlorine per liter (mgl Cl2) and is an important parameter for assessing the effectiveness of chlorine as a disinfectant in water treatment processes. It indicates the overall chlorine content that remains in the water after the initial disinfection, which can continue to provide a residual disinfectant effect as the water travels through the distribution system. Maintaining an appropriate level of TRC is crucial for ensuring the continued safety and potability of the water supply.","Total residual chlorine (TRC) is the sum of free and combined available residual chlorine in water. It represents the total amount of chlorine that remains in the water after the disinfection process, which includes both the chlorine that is freely available to disinfect and the chlorine that is combined with other substances to form chloramines. TRC is an important measure in water treatment as it indicates the effectiveness of the disinfection process and the potential for continued disinfection as the water travels through the distribution system. Maintaining an appropriate level of TRC is crucial for ensuring the safety and potability of the water.","Total residual chlorine (TRC) is the sum of free available chlorine (FAC) and combined available chlorine (CAC). It represents the total amount of chlorine, whether free or combined, remaining in the water after a disinfection process. This includes both the hypobromous acid (HOCI) and hypobromite ions, which are part of the free residual chlorine measurement. TRC is expressed in milligrams per liter of chlorine (mgl Cl2) and indicates the overall effectiveness of the chlorine in maintaining water quality by continuing to disinfect the water.","Total residual chlorine is the sum of free and combined available residual chlorine. It represents the overall chlorine content in water that is available to disinfect and maintain water quality. This includes both the free chlorine, which is active and can disinfect immediately, and the combined chlorine, which is chlorine that has reacted with ammonia or organic matter and is not immediately available for disinfection. Total residual chlorine is an important measure for assessing the effectiveness of water treatment processes.","Total residual chlorine (TRC) is the sum of free available chlorine (FAC) and combined available chlorine (CAC). It represents the total amount of chlorine present in the water, both in its free form (as hypochlorous acid, HOCl, and hypobromous acid, HBrO) and in its combined form (as chloramines, such as monochloramine, NH2Cl, dichloramine, NHCl2, and trichloramine, NCl3). TRC is expressed as milligrams per liter of chlorine gas (mgl Cl2) and is an important parameter for assessing the effectiveness of chlorine in maintaining water quality and ensuring the disinfection process is working properly.","Total residual chlorine (TRC) is the sum of free and combined available chlorine in water. It represents the overall chlorine content that remains in the water after a disinfection process, ensuring continued microbial control as the water travels through the distribution system. TRC includes both the free chlorine, which is available to react with contaminants, and the combined chlorine, which has reacted with ammonia to form chloramines. Maintaining an appropriate level of TRC is crucial for water safety and quality.","Total residual chlorine (TRC) is the sum of free available chlorine (FAC) and combined available chlorine (CAC) in water. It represents the total amount of chlorine present in the water, both in its free form (which can react immediately with contaminants) and in its combined form (which is chlorine that has reacted with other substances, such as ammonia, to form chloramines). TRC is an important parameter in water treatment as it indicates the overall disinfecting power of the chlorine in the water and helps ensure that the water is adequately treated to be safe for consumption.","Total residual chlorine (TRC) is the sum of free and combined available residual chlorine in water. It represents the total amount of chlorine that remains in the water after a disinfection process, which includes both the chlorine that is freely available to disinfect and the chlorine that is combined with other substances to form chloramines or other chlorinated compounds. TRC is an important measure in water treatment as it indicates the effectiveness of the disinfection process and the potential for continued microbial control as the water travels through the distribution system.",0.7916867733001709,0.8851372599601746,0.8358079791069031
,,,,,,,,,,,,,,,,0.8164242506027222,0.8676369190216064,0.8412519097328186
,,,,,,,,,,,,,,,,0.8360035419464111,0.8708650469779968,0.8530782461166382
,,,,,,,,,,,,,,,,0.8099114894866943,0.875243067741394,0.8413108587265015
,,,,,,,,,,,,,,,,0.8096874952316284,0.8679077625274658,0.837787389755249
,,,,,,,,,,,,,,,,0.8221368789672852,0.9097719192504883,0.8637372255325317
,,,,,,,,,,,,,,,,0.8143696188926697,0.9084754586219788,0.8588523864746094
,,,,,,,,,,,,,,,,0.8464756011962891,0.8977846503257751,0.8713754415512085
,,,,,,,,,,,,,,,,0.7967126965522766,0.8613991737365723,0.8277941942214966
,,,,,,,,,,,,,,,,0.8310961723327637,0.9106763005256653,0.8690683245658875
,,,,,,,,,,,,,,,,0.8366993069648743,0.8924624919891357,0.8636817932128906
,,,,,,,,,,,,,,,,0.8117368817329407,0.8849671483039856,0.8467717170715332
,,,,,,,,,,,,,,,,0.8359441161155701,0.8668059706687927,0.8510953187942505
,,,,,,,,,,,,,,,,0.8490179777145386,0.905584990978241,0.8763896822929382
,,,,,,,,,,,,,,,,0.7940196990966797,0.8803930878639221,0.8349786996841431
,,,,,,,,,,,,,,,,0.7871655225753784,0.8506627082824707,0.817683219909668
,,,,,,,,,,,,,,,,0.8274109363555908,0.9065186381340027,0.8651601672172546
,,,,,,,,,,,,,,,,0.7962849140167236,0.8584648966789246,0.826206624507904
,,,,,,,,,,,,,,,,0.8425325751304626,0.9105355143547058,0.8752151131629944
,,,,,,,,,,,,,,,,0.8537455797195435,0.9032737016677856,0.8778115510940552
,,,,,,,,,,,,,,,,0.8261948227882385,0.8388985395431519,0.8324982523918152
,,,,,,,,,,,,,,,,0.8105252981185913,0.8827944993972778,0.8451177477836609
,,,,,,,,,,,,,,,,0.8295993804931641,0.9010069370269775,0.8638299703598022
,,,,,,,,,,,,,,,,0.844427227973938,0.9254021048545837,0.8830622434616089
,,,,,,,,,,,,,,,,0.8638814091682434,0.9067355394363403,0.8847898244857788
,,,,,,,,,,,,,,,,0.8573223948478699,0.9035845398902893,0.8798457980155945
,,,,,,,,,,,,,,,,0.8353829979896545,0.872794508934021,0.8536790609359741
,,,,,,,,,,,,,,,,0.8418592214584351,0.8768962621688843,0.8590205907821655
,,,,,,,,,,,,,,,,0.8101056814193726,0.8859850168228149,0.846347987651825
,,,,,,,,,,,,,,,,0.8177511692047119,0.8768439292907715,0.8462672233581543
,,,,,,,,,,,,,,,,0.851590633392334,0.8626649379730225,0.857092022895813
,,,,,,,,,,,,,,,,0.8182777166366577,0.8878602981567383,0.8516501188278198
,,,,,,,,,,,,,,,,0.8345953226089478,0.8841087222099304,0.8586388826370239
,,,,,,,,,,,,,,,,0.8553627133369446,0.9031782746315002,0.878620445728302
,,,,,,,,,,,,,,,,0.8415637016296387,0.9007679224014282,0.870159924030304
,,,,,,,,,,,,,,,,0.8094125986099243,0.836899995803833,0.8229268789291382
,,,,,,,,,,,,,,,,0.8827033638954163,0.9288370609283447,0.9051827788352966
,,,,,,,,,,,,,,,,0.8604418039321899,0.911919355392456,0.88543301820755
,,,,,,,,,,,,,,,,0.8508870005607605,0.8878845572471619,0.8689921498298645
,,,,,,,,,,,,,,,,0.8281280398368835,0.8534175157546997,0.8405826091766357
,,,,,,,,,,,,,,,,0.8149081468582153,0.8575218319892883,0.8356720209121704
,,,,,,,,,,,,,,,,0.8266054391860962,0.9231197237968445,0.8722007870674133
,,,,,,,,,,,,,,,,0.8652358055114746,0.8491261005401611,0.8571052551269531
,,,,,,,,,,,,,,,,0.8615655899047852,0.8904762268066406,0.8757823705673218
,,,,,,,,,,,,,,,,0.8581472039222717,0.9157436490058899,0.8860103487968445
,,,,,,,,,,,,,,,,0.8150666356086731,0.8634335994720459,0.8385533094406128
,,,,,,,,,,,,,,,,0.8038356304168701,0.8851057291030884,0.8425154089927673
,,,,,,,,,,,,,,,,0.8321229219436646,0.911299467086792,0.8699133396148682
,,,,,,,,,,,,,,,,0.8461452126502991,0.9261194467544556,0.8843278884887695
,,,,,,,,,,,,,,,,0.8523034453392029,0.9123596549034119,0.8813095688819885
,,,,,,,,,,,,,,,,0.8263882994651794,0.901700496673584,0.8624032735824585
,,,,,,,,,,,,,,,,0.8360577821731567,0.8863102197647095,0.8604509234428406
,,,,,,,,,,,,,,,,0.8670065999031067,0.8738272190093994,0.8704035878181458
,,,,,,,,,,,,,,,,0.8284807205200195,0.8584688305854797,0.8432082533836365
,,,,,,,,,,,,,,,,0.8170421123504639,0.8758786916732788,0.8454379439353943
,,,,,,,,,,,,,,,,0.8448360562324524,0.8877686262130737,0.8657703995704651
,,,,,,,,,,,,,,,,0.8169421553611755,0.8725818395614624,0.8438459038734436
,,,,,,,,,,,,,,,,0.8508248329162598,0.9195175170898438,0.8838384747505188
,,,,,,,,,,,,,,,,0.8261712789535522,0.901780366897583,0.8623216152191162
,,,,,,,,,,,,,,,,0.8385549783706665,0.8754312992095947,0.8565964698791504
,,,,,,,,,,,,,,,,0.8254870176315308,0.8904203176498413,0.8567250370979309
,,,,,,,,,,,,,,,,0.8419981002807617,0.8959227800369263,0.8681238293647766
,,,,,,,,,,,,,,,,0.8481189608573914,0.8917455673217773,0.869385302066803
,,,,,,,,,,,,,,,,0.8138167262077332,0.88209468126297,0.846581220626831
,,,,,,,,,,,,,,,,0.8029496073722839,0.8878906965255737,0.8432866334915161
,,,,,,,,,,,,,,,,0.8392802476882935,0.8533967733383179,0.8462796211242676
,,,,,,,,,,,,,,,,0.8309152722358704,0.8790266513824463,0.8542941808700562
,,,,,,,,,,,,,,,,0.8359092473983765,0.896306574344635,0.8650549650192261
,,,,,,,,,,,,,,,,0.8133508563041687,0.8714978694915771,0.8414209485054016
,,,,,,,,,,,,,,,,0.8485484719276428,0.8913736343383789,0.8694340586662292
,,,,,,,,,,,,,,,,0.8725487589836121,0.872145414352417,0.8723470568656921
,,,,,,,,,,,,,,,,0.8286148309707642,0.9030891060829163,0.8642504811286926
,,,,,,,,,,,,,,,,0.7927332520484924,0.8714066743850708,0.830210268497467
,,,,,,,,,,,,,,,,0.825916051864624,0.8640173673629761,0.8445371985435486
,,,,,,,,,,,,,,,,0.8372896909713745,0.8889050483703613,0.8623256683349609
,,,,,,,,,,,,,,,,0.8208446502685547,0.870124340057373,0.8447664380073547
,,,,,,,,,,,,,,,,0.8289904594421387,0.9124946594238281,0.8687404990196228
,,,,,,,,,,,,,,,,0.8225389719009399,0.8749433159828186,0.8479322195053101
,,,,,,,,,,,,,,,,0.7908317446708679,0.868306040763855,0.8277600407600403
,,,,,,,,,,,,,,,,0.824613094329834,0.873629093170166,0.8484137058258057
,,,,,,,,,,,,,,,,0.7945091128349304,0.8405937552452087,0.8169019818305969
,,,,,,,,,,,,,,,,0.8341624140739441,0.9085980653762817,0.8697906732559204
,,,,,,,,,,,,,,,,0.8046176433563232,0.8825029134750366,0.8417624831199646
,,,,,,,,,,,,,,,,0.814005970954895,0.892503559589386,0.8514493703842163
,,,,,,,,,,,,,,,,0.7943017482757568,0.8628000020980835,0.8271351456642151
,,,,,,,,,,,,,,,,0.8176709413528442,0.8831415772438049,0.8491461277008057
,,,,,,,,,,,,,,,,0.8386000990867615,0.8822680711746216,0.8598800301551819
,,,,,,,,,,,,,,,,0.8252455592155457,0.8653081655502319,0.84480220079422
,,,,,,,,,,,,,,,,0.7908183932304382,0.870445191860199,0.8287234902381897
,,,,,,,,,,,,,,,,0.83237224817276,0.889727771282196,0.8600949048995972
,,,,,,,,,,,,,,,,0.8952860236167908,0.8981391787528992,0.8967103362083435
,,,,,,,,,,,,,,,,0.8522593379020691,0.8967816829681396,0.8739538192749023
,,,,,,,,,,,,,,,,0.844125509262085,0.8887031674385071,0.8658409714698792
,,,,,,,,,,,,,,,,0.8275182247161865,0.8910287022590637,0.8580999374389648
,,,,,,,,,,,,,,,,0.8014349937438965,0.8578019142150879,0.8286610245704651
,,,,,,,,,,,,,,,,0.8227024078369141,0.8586475253105164,0.8402906656265259
,,,,,,,,,,,,,,,,0.8222944736480713,0.8824371695518494,0.851304829120636
,,,,,,,,,,,,,,,,0.8360366225242615,0.8633800148963928,0.8494883179664612
,,,,,,,,,,,,,,,,0.8108994364738464,0.8482934832572937,0.8291750550270081
,,,,,,,,,,,,,,,,0.8242812752723694,0.8486769795417786,0.8363012671470642
,,,,,,,,,,,,,,,,0.8445937633514404,0.8775525093078613,0.8607577085494995
,,,,,,,,,,,,,,,,0.8406246900558472,0.9001455307006836,0.8693675398826599
,,,,,,,,,,,,,,,,0.8332135081291199,0.8783265352249146,0.8551754951477051
,,,,,,,,,,,,,,,,0.8923794031143188,0.9096590280532837,0.9009363651275635
,,,,,,,,,,,,,,,,0.828914999961853,0.8666433691978455,0.8473594784736633
,,,,,,,,,,,,,,,,0.8516750335693359,0.8972469568252563,0.8738672733306885
,,,,,,,,,,,,,,,,0.8304330706596375,0.8484158515930176,0.8393281102180481
,,,,,,,,,,,,,,,,0.8440626859664917,0.905442476272583,0.8736758828163147
,,,,,,,,,,,,,,,,0.8265661001205444,0.8848506212234497,0.8547159433364868
,,,,,,,,,,,,,,,,0.8205084204673767,0.8789058923721313,0.8487038016319275
,,,,,,,,,,,,,,,,0.8398543000221252,0.8935003280639648,0.8658471703529358
,,,,,,,,,,,,,,,,0.8308782577514648,0.8970312476158142,0.862688422203064
,,,,,,,,,,,,,,,,0.8353325128555298,0.8493610620498657,0.8422883749008179
,,,,,,,,,,,,,,,,0.8246527910232544,0.8667370080947876,0.845171332359314
,,,,,,,,,,,,,,,,0.8337484002113342,0.8747068047523499,0.8537366390228271
,,,,,,,,,,,,,,,,0.8130981922149658,0.864362895488739,0.8379471302032471
,,,,,,,,,,,,,,,,0.8698477745056152,0.9209789037704468,0.8946834206581116
,,,,,,,,,,,,,,,,0.7909324169158936,0.8833503127098083,0.8345906734466553
,,,,,,,,,,,,,,,,0.8328100442886353,0.8925687670707703,0.8616545796394348
,,,,,,,,,,,,,,,,0.8191766142845154,0.8761557340621948,0.8467087149620056
,,,,,,,,,,,,,,,,0.8290664553642273,0.885887861251831,0.8565358519554138
,,,,,,,,,,,,,,,,0.8353596925735474,0.8889821171760559,0.8613371253013611
,,,,,,,,,,,,,,,,0.8191931247711182,0.8713870048522949,0.8444843292236328
,,,,,,,,,,,,,,,,0.8435366153717041,0.883580207824707,0.8630942106246948
,,,,,,,,,,,,,,,,0.8381786346435547,0.897719144821167,0.8669278025627136
,,,,,,,,,,,,,,,,0.8165345191955566,0.8923500776290894,0.8527604937553406
,,,,,,,,,,,,,,,,0.8422495126724243,0.9155184030532837,0.8773568868637085
,,,,,,,,,,,,,,,,0.848878800868988,0.9103983640670776,0.8785629868507385
,,,,,,,,,,,,,,,,0.8298105001449585,0.8647979497909546,0.8469430208206177
,,,,,,,,,,,,,,,,0.8499767780303955,0.8649982213973999,0.8574217557907104
,,,,,,,,,,,,,,,,0.8240639567375183,0.8786368370056152,0.8504758477210999
,,,,,,,,,,,,,,,,0.8259062767028809,0.8557859659194946,0.8405807018280029
,,,,,,,,,,,,,,,,0.8437341451644897,0.8700067400932312,0.8566690683364868
,,,,,,,,,,,,,,,,0.831393837928772,0.8552528619766235,0.8431545495986938
,,,,,,,,,,,,,,,,0.874632716178894,0.8661463260650635,0.8703688383102417
,,,,,,,,,,,,,,,,0.8282349109649658,0.8841652870178223,0.855286717414856
,,,,,,,,,,,,,,,,0.8900662064552307,0.8940020799636841,0.8920297622680664
,,,,,,,,,,,,,,,,0.8504590392112732,0.9315624833106995,0.8891652226448059
,,,,,,,,,,,,,,,,0.8267248868942261,0.8978019952774048,0.860798716545105
,,,,,,,,,,,,,,,,0.805413544178009,0.8810377717018127,0.8415300250053406
,,,,,,,,,,,,,,,,0.8177772760391235,0.900597095489502,0.8571913838386536
,,,,,,,,,,,,,,,,0.8214648962020874,0.840656042098999,0.8309496641159058
,,,,,,,,,,,,,,,,0.8091243505477905,0.885310709476471,0.8455047607421875
,,,,,,,,,,,,,,,,0.8208562135696411,0.839038610458374,0.8298478126525879
,,,,,,,,,,,,,,,,0.950602650642395,0.8855842351913452,0.916942298412323
,,,,,,,,,,,,,,,,0.8458662033081055,0.899782121181488,0.8719915151596069
,,,,,,,,,,,,,,,,0.8565919995307922,0.8834996819496155,0.869837760925293
,,,,,,,,,,,,,,,,0.8231452703475952,0.8432502150535583,0.8330764770507812
,,,,,,,,,,,,,,,,0.8377834558486938,0.8995627164840698,0.8675746321678162
,,,,,,,,,,,,,,,,0.8073712587356567,0.8854537606239319,0.8446117043495178
,,,,,,,,,,,,,,,,0.8833072185516357,0.9183266162872314,0.9004765748977661
,,,,,,,,,,,,,,,,0.8404410481452942,0.8717597126960754,0.8558139204978943
,,,,,,,,,,,,,,,,0.8332973718643188,0.9045424461364746,0.8674594759941101
,,,,,,,,,,,,,,,,0.866743803024292,0.9187715649604797,0.8919997215270996
,,,,,,,,,,,,,,,,0.8269176483154297,0.8930917978286743,0.858731746673584
,,,,,,,,,,,,,,,,0.8490813970565796,0.8947281837463379,0.871307373046875
,,,,,,,,,,,,,,,,0.8465198278427124,0.8835444450378418,0.8646360039710999
,,,,,,,,,,,,,,,,0.791728675365448,0.8517323732376099,0.820635199546814
,,,,,,,,,,,,,,,,0.8372431397438049,0.8724860548973083,0.8545013070106506
,,,,,,,,,,,,,,,,0.8600870370864868,0.8748867511749268,0.8674237728118896
,,,,,,,,,,,,,,,,0.8379570841789246,0.8731951117515564,0.8552132248878479
,,,,,,,,,,,,,,,,0.8443048596382141,0.8748428821563721,0.8593026995658875
,,,,,,,,,,,,,,,,0.8286746740341187,0.839597225189209,0.8341002464294434
,,,,,,,,,,,,,,,,0.8309638500213623,0.8661138415336609,0.8481748104095459
,,,,,,,,,,,,,,,,0.8547108769416809,0.8691167235374451,0.8618535995483398
,,,,,,,,,,,,,,,,0.8263121247291565,0.8582473397254944,0.8419770002365112
,,,,,,,,,,,,,,,,0.8450860381126404,0.8926657438278198,0.8682245016098022
,,,,,,,,,,,,,,,,0.8779957294464111,0.92341148853302,0.900131106376648
,,,,,,,,,,,,,,,,0.8548608422279358,0.8794960379600525,0.8670035004615784
,,,,,,,,,,,,,,,,0.8616608381271362,0.8612979054450989,0.8614792823791504
,,,,,,,,,,,,,,,,0.8411900401115417,0.874305248260498,0.8574280142784119
,,,,,,,,,,,,,,,,0.8478714227676392,0.9024901390075684,0.87432861328125
,,,,,,,,,,,,,,,,0.8468358516693115,0.8219891786575317,0.8342275619506836
,,,,,,,,,,,,,,,,0.8586605191230774,0.8949334621429443,0.8764218091964722
,,,,,,,,,,,,,,,,0.8129971027374268,0.8696012496948242,0.8403470516204834
,,,,,,,,,,,,,,,,0.8309299945831299,0.8876913189888,0.8583733439445496
,,,,,,,,,,,,,,,,0.8118203282356262,0.8431769609451294,0.8272015452384949
,,,,,,,,,,,,,,,,0.8570927381515503,0.8895905017852783,0.8730393052101135
,,,,,,,,,,,,,,,,0.8319708108901978,0.8687533140182495,0.8499643206596375
,,,,,,,,,,,,,,,,0.8525947332382202,0.8914749622344971,0.8716014623641968
,,,,,,,,,,,,,,,,0.8149094581604004,0.8496547937393188,0.8319195508956909
,,,,,,,,,,,,,,,,0.8562219142913818,0.8737139701843262,0.8648795485496521
,,,,,,,,,,,,,,,,0.8622926473617554,0.8473290205001831,0.8547453880310059
,,,,,,,,,,,,,,,,0.9204119443893433,0.8821616768836975,0.9008809924125671
,,,,,,,,,,,,,,,,0.868059515953064,0.872467041015625,0.8702576756477356
,,,,,,,,,,,,,,,,0.8637166023254395,0.8409569263458252,0.8521848320960999
,,,,,,,,,,,,,,,,0.8340160250663757,0.858066201210022,0.8458701968193054
,,,,,,,,,,,,,,,,0.9069046974182129,0.9153478145599365,0.9111067056655884
,,,,,,,,,,,,,,,,0.8592249155044556,0.8903728723526001,0.8745216131210327
,,,,,,,,,,,,,,,,0.8404843807220459,0.8629481792449951,0.8515681624412537
,,,,,,,,,,,,,,,,0.8284783363342285,0.8334499001502991,0.8309566974639893
,,,,,,,,,,,,,,,,0.7881572246551514,0.8421626091003418,0.8142654299736023
,,,,,,,,,,,,,,,,0.8166304230690002,0.8226679563522339,0.8196380734443665
,,,,,,,,,,,,,,,,0.8387562036514282,0.855068564414978,0.8468338847160339
,,,,,,,,,,,,,,,,0.8683441877365112,0.8936989307403564,0.8808391690254211
,,,,,,,,,,,,,,,,0.852838397026062,0.8726168870925903,0.8626142740249634
,,,,,,,,,,,,,,,,0.8145238161087036,0.8198086619377136,0.8171577453613281
,,,,,,,,,,,,,,,,0.8356221914291382,0.8567764759063721,0.8460671305656433
,,,,,,,,,,,,,,,,0.8177629709243774,0.8780434131622314,0.8468317985534668
,,,,,,,,,,,,,,,,0.8324224948883057,0.8830748796463013,0.8570008873939514
,,,,,,,,,,,,,,,,0.8610737323760986,0.9033882021903992,0.8817235231399536
,,,,,,,,,,,,,,,,0.8439913392066956,0.8970420956611633,0.8697084784507751
,,,,,,,,,,,,,,,,0.8233243227005005,0.8712420463562012,0.8466057181358337
,,,,,,,,,,,,,,,,0.8494669795036316,0.8569586277008057,0.853196382522583
,,,,,,,,,,,,,,,,0.8191548585891724,0.8668696284294128,0.8423371315002441
,,,,,,,,,,,,,,,,0.816585898399353,0.8557074666023254,0.8356890678405762
,,,,,,,,,,,,,,,,0.8541160821914673,0.8681281805038452,0.861065149307251
,,,,,,,,,,,,,,,,0.912290632724762,0.8900522589683533,0.9010342359542847
,,,,,,,,,,,,,,,,0.8645816445350647,0.8280670642852783,0.8459305167198181
,,,,,,,,,,,,,,,,0.8537943959236145,0.8548951148986816,0.8543444275856018
,,,,,,,,,,,,,,,,0.8305749893188477,0.8562641739845276,0.8432239890098572
,,,,,,,,,,,,,,,,0.839316725730896,0.8569327592849731,0.8480332493782043
,,,,,,,,,,,,,,,,0.8466057181358337,0.8451338410377502,0.8458691835403442
,,,,,,,,,,,,,,,,0.8423693180084229,0.8728208541870117,0.8573247194290161
,,,,,,,,,,,,,,,,0.8344740867614746,0.8608214259147644,0.8474429845809937
,,,,,,,,,,,,,,,,0.8372228741645813,0.8568215370178223,0.8469088673591614
,,,,,,,,,,,,,,,,0.8607533574104309,0.8860315680503845,0.8732095956802368
,,,,,,,,,,,,,,,,0.8320851922035217,0.8732719421386719,0.8521812558174133
,,,,,,,,,,,,,,,,0.8523911237716675,0.8638650178909302,0.8580897450447083
,,,,,,,,,,,,,,,,0.8523235321044922,0.8598137497901917,0.8560522794723511
,,,,,,,,,,,,,,,,0.8941502571105957,0.8696073293685913,0.8817080855369568
,,,,,,,,,,,,,,,,0.8511512279510498,0.8428618907928467,0.8469862937927246
,,,,,,,,,,,,,,,,0.8362605571746826,0.792502224445343,0.8137935996055603
,,,,,,,,,,,,,,,,0.7847957611083984,0.8170720338821411,0.80060875415802
,,,,,,,,,,,,,,,,0.8936848640441895,0.8514485359191895,0.8720555901527405
,,,,,,,,,,,,,,,,0.8332254886627197,0.8607385158538818,0.8467585444450378
,,,,,,,,,,,,,,,,0.8421762585639954,0.8448797464370728,0.8435258269309998
,,,,,,,,,,,,,,,,0.8786153197288513,0.8510788679122925,0.8646278977394104
,,,,,,,,,,,,,,,,0.855497419834137,0.8404812216758728,0.8479228615760803
,,,,,,,,,,,,,,,,0.8179335594177246,0.8751200437545776,0.8455609679222107
,,,,,,,,,,,,,,,,0.8586656451225281,0.8606522083282471,0.8596577644348145
,,,,,,,,,,,,,,,,0.8408730030059814,0.9077791571617126,0.8730461001396179
,,,,,,,,,,,,,,,,0.8469706773757935,0.8538731932640076,0.8504079580307007
,,,,,,,,,,,,,,,,0.7886906862258911,0.8472829461097717,0.8169375658035278
,,,,,,,,,,,,,,,,0.8144262433052063,0.8355834484100342,0.8248692154884338
,,,,,,,,,,,,,,,,0.7357578277587891,0.84044349193573,0.7846242785453796
,,,,,,,,,,,,,,,,0.8338927030563354,0.864751935005188,0.8490419983863831
,,,,,,,,,,,,,,,,0.8713837265968323,0.8551809787750244,0.8632063865661621
,,,,,,,,,,,,,,,,0.8710532188415527,0.9053894877433777,0.8878894448280334
,,,,,,,,,,,,,,,,0.8670873045921326,0.8781744241714478,0.8725956678390503
,,,,,,,,,,,,,,,,0.8960306644439697,0.9325809478759766,0.9139404892921448
,,,,,,,,,,,,,,,,0.8265804052352905,0.867289125919342,0.8464455604553223
,,,,,,,,,,,,,,,,0.8772295713424683,0.9050453901290894,0.8909204006195068
,,,,,,,,,,,,,,,,0.8498722314834595,0.8501066565513611,0.8499894142150879
,,,,,,,,,,,,,,,,0.8044444918632507,0.8653424382209778,0.833782970905304
,,,,,,,,,,,,,,,,0.8123534321784973,0.8502953052520752,0.8308914303779602
,,,,,,,,,,,,,,,,0.8249657154083252,0.8500751256942749,0.8373322486877441
,,,,,,,,,,,,,,,,0.8805208206176758,0.863578200340271,0.8719671964645386
,,,,,,,,,,,,,,,,0.8717896938323975,0.8766859769821167,0.8742309808731079
,,,,,,,,,,,,,,,,0.8789341449737549,0.8814678192138672,0.880199134349823
,,,,,,,,,,,,,,,,0.8611303567886353,0.9051531553268433,0.8825931549072266
,,,,,,,,,,,,,,,,0.8344443440437317,0.8640899062156677,0.8490084409713745
,,,,,,,,,,,,,,,,0.8556222915649414,0.8716789484024048,0.8635759353637695
,,,,,,,,,,,,,,,,0.8804817199707031,0.8827133178710938,0.8815960884094238
,,,,,,,,,,,,,,,,0.8969526290893555,0.9236884117126465,0.9101241827011108
,,,,,,,,,,,,,,,,0.8749867081642151,0.9131364226341248,0.8936545848846436
,,,,,,,,,,,,,,,,0.9009854197502136,0.8712753653526306,0.8858813643455505
,,,,,,,,,,,,,,,,0.8480339050292969,0.8696883916854858,0.8587246537208557
,,,,,,,,,,,,,,,,0.8517691493034363,0.8647051453590393,0.8581883907318115
,,,,,,,,,,,,,,,,0.9321885108947754,0.9720042943954468,0.9516801238059998
,,,,,,,,,,,,,,,,0.9112204313278198,0.9005751609802246,0.9058665633201599
,,,,,,,,,,,,,,,,0.8723356127738953,0.9098662734031677,0.8907057642936707
,,,,,,,,,,,,,,,,0.8773654103279114,0.9085884094238281,0.8927040100097656
,,,,,,,,,,,,,,,,0.8970239162445068,0.9146832227706909,0.9057675004005432
,,,,,,,,,,,,,,,,0.876646876335144,0.9307209253311157,0.9028750061988831
,,,,,,,,,,,,,,,,0.8524758815765381,0.8889946341514587,0.8703523278236389
,,,,,,,,,,,,,,,,0.8416085243225098,0.8808718919754028,0.8607926964759827
,,,,,,,,,,,,,,,,0.8701416254043579,0.8717144727706909,0.8709273338317871
,,,,,,,,,,,,,,,,0.8270844221115112,0.8553256392478943,0.8409680128097534
,,,,,,,,,,,,,,,,0.9652889966964722,0.9296168684959412,0.9471172094345093
,,,,,,,,,,,,,,,,0.8313532471656799,0.8358350992202759,0.8335881233215332
,,,,,,,,,,,,,,,,0.831474244594574,0.8491771221160889,0.8402324318885803
,,,,,,,,,,,,,,,,0.9494104981422424,0.9122613668441772,0.9304652214050293
,,,,,,,,,,,,,,,,0.9398632645606995,0.8740721940994263,0.9057745933532715
,,,,,,,,,,,,,,,,0.9735065698623657,0.9402799606323242,0.9566048383712769
,,,,,,,,,,,,,,,,0.8323569297790527,0.9048597812652588,0.867095410823822
,,,,,,,,,,,,,,,,0.8678022623062134,0.896979033946991,0.8821494579315186
,,,,,,,,,,,,,,,,0.8296716213226318,0.869981586933136,0.8493486046791077
,,,,,,,,,,,,,,,,0.8356083035469055,0.8414351940155029,0.8385116457939148
,,,,,,,,,,,,,,,,0.8160673379898071,0.8552144169807434,0.8351823687553406
,,,,,,,,,,,,,,,,0.8715739250183105,0.8741329908370972,0.872851550579071
,,,,,,,,,,,,,,,,0.8359626531600952,0.8656965494155884,0.8505697846412659
,,,,,,,,,,,,,,,,0.8495253324508667,0.8530372381210327,0.8512776494026184
,,,,,,,,,,,,,,,,0.8545430898666382,0.8761775493621826,0.8652251362800598
,,,,,,,,,,,,,,,,0.8880490064620972,0.8864352703094482,0.8872413635253906
,,,,,,,,,,,,,,,,0.851173996925354,0.8869562149047852,0.8686967492103577
,,,,,,,,,,,,,,,,0.8516671061515808,0.8498129844665527,0.8507390022277832
,,,,,,,,,,,,,,,,0.8176531791687012,0.849554717540741,0.8332986831665039
,,,,,,,,,,,,,,,,0.836029589176178,0.8451645374298096,0.8405722379684448
,,,,,,,,,,,,,,,,0.8248813152313232,0.8177405595779419,0.821295440196991
,,,,,,,,,,,,,,,,0.8459680676460266,0.8788878917694092,0.8621138334274292
,,,,,,,,,,,,,,,,0.8958887457847595,0.8981973528862,0.8970415592193604
,,,,,,,,,,,,,,,,0.8389359712600708,0.8227663040161133,0.8307724595069885
,,,,,,,,,,,,,,,,0.8355182409286499,0.8164514303207397,0.8258748054504395
,,,,,,,,,,,,,,,,0.8696261644363403,0.8721641302108765,0.8708932995796204
,,,,,,,,,,,,,,,,0.8718822002410889,0.8765215277671814,0.8741956949234009
,,,,,,,,,,,,,,,,0.8946335911750793,0.9000317454338074,0.8973245024681091
,,,,,,,,,,,,,,,,0.8895971775054932,0.894241452217102,0.8919132351875305
,,,,,,,,,,,,,,,,0.8253796100616455,0.8510299324989319,0.8380085229873657
,,,,,,,,,,,,,,,,0.8566142320632935,0.837148129940033,0.846769392490387
,,,,,,,,,,,,,,,,0.8553572297096252,0.8509266972541809,0.8531362414360046
,,,,,,,,,,,,,,,,0.8318091630935669,0.8516322374343872,0.8416039943695068
,,,,,,,,,,,,,,,,0.860908031463623,0.8572801947593689,0.859090268611908
,,,,,,,,,,,,,,,,0.8387657403945923,0.8241819143295288,0.8314098715782166
,,,,,,,,,,,,,,,,0.8864508271217346,0.8536291122436523,0.8697304129600525
,,,,,,,,,,,,,,,,0.8421264886856079,0.8717339038848877,0.8566744923591614
,,,,,,,,,,,,,,,,0.8398288488388062,0.8345454931259155,0.8371788859367371
,,,,,,,,,,,,,,,,0.8454745411872864,0.8230552673339844,0.8341142535209656
,,,,,,,,,,,,,,,,0.8646732568740845,0.8642509579658508,0.8644620180130005
,,,,,,,,,,,,,,,,0.8640344738960266,0.8354783654212952,0.8495165109634399
,,,,,,,,,,,,,,,,0.8666810393333435,0.8105666041374207,0.8376851677894592
,,,,,,,,,,,,,,,,0.8832105398178101,0.8746768236160278,0.8789229393005371
,,,,,,,,,,,,,,,,0.8264389634132385,0.833072304725647,0.8297423720359802
,,,,,,,,,,,,,,,,0.8500372171401978,0.8397060632705688,0.8448400497436523
,,,,,,,,,,,,,,,,0.854446291923523,0.8428789377212524,0.8486231565475464
,,,,,,,,,,,,,,,,0.8380357027053833,0.8304718136787415,0.8342366218566895
,,,,,,,,,,,,,,,,0.8600981831550598,0.8233320713043213,0.8413136601448059
,,,,,,,,,,,,,,,,0.8246893882751465,0.7935075759887695,0.8087980151176453
,,,,,,,,,,,,,,,,0.8385829329490662,0.8644123077392578,0.8513017296791077
,,,,,,,,,,,,,,,,0.8619882464408875,0.8114880919456482,0.8359761834144592
,,,,,,,,,,,,,,,,0.8318308591842651,0.8284582495689392,0.8301411867141724
,,,,,,,,,,,,,,,,0.8290812373161316,0.8270879983901978,0.8280834555625916
,,,,,,,,,,,,,,,,0.8253459930419922,0.8302545547485352,0.8277929425239563
,,,,,,,,,,,,,,,,0.8491871953010559,0.8350571393966675,0.8420628905296326
,,,,,,,,,,,,,,,,0.8692250847816467,0.8456982374191284,0.8573002219200134
,,,,,,,,,,,,,,,,0.7923603057861328,0.799578845500946,0.7959531545639038
,,,,,,,,,,,,,,,,0.8080149292945862,0.8189152479171753,0.813428521156311
,,,,,,,,,,,,,,,,0.8409660458564758,0.8244848251342773,0.8326438665390015
,,,,,,,,,,,,,,,,0.8460752964019775,0.8346113562583923,0.8403041958808899
,,,,,,,,,,,,,,,,0.8661177158355713,0.8600945472717285,0.8630956411361694
,,,,,,,,,,,,,,,,0.8669448494911194,0.8751822710037231,0.8710440397262573
,,,,,,,,,,,,,,,,0.8414248824119568,0.8466193079948425,0.8440141081809998
,,,,,,,,,,,,,,,,0.8784075379371643,0.8894537091255188,0.8838961720466614
,,,,,,,,,,,,,,,,0.7895175814628601,0.8789936304092407,0.8318564891815186
,,,,,,,,,,,,,,,,0.8090246915817261,0.784805417060852,0.7967310547828674
,,,,,,,,,,,,,,,,0.8391823768615723,0.8330907821655273,0.8361254930496216
,,,,,,,,,,,,,,,,0.8322163820266724,0.8048607707023621,0.8183100819587708
,,,,,,,,,,,,,,,,0.8232930898666382,0.8515340089797974,0.8371754884719849
,,,,,,,,,,,,,,,,0.8115111589431763,0.8644629716873169,0.8371505737304688
,,,,,,,,,,,,,,,,0.7848471403121948,0.7991319298744202,0.7919251322746277
,,,,,,,,,,,,,,,,0.8683895468711853,0.8574931621551514,0.8629069328308105
,,,,,,,,,,,,,,,,0.8430376052856445,0.8281270265579224,0.8355157971382141
,,,,,,,,,,,,,,,,0.8653420209884644,0.8577331304550171,0.8615207672119141
,,,,,,,,,,,,,,,,0.8178021907806396,0.8285713791847229,0.8231515884399414
,,,,,,,,,,,,,,,,0.8719080686569214,0.8753378987312317,0.873619556427002
,,,,,,,,,,,,,,,,0.8114946484565735,0.8016108274459839,0.8065224289894104
,,,,,,,,,,,,,,,,0.856421172618866,0.8754560947418213,0.8658339977264404
,,,,,,,,,,,,,,,,0.9080415368080139,0.8835690021514893,0.8956381678581238
,,,,,,,,,,,,,,,,0.8504865765571594,0.8861889839172363,0.8679708242416382
,,,,,,,,,,,,,,,,0.8366450071334839,0.858896017074585,0.8476245403289795
,,,,,,,,,,,,,,,,0.8460738658905029,0.8405545949935913,0.8433051705360413
,,,,,,,,,,,,,,,,0.8819310665130615,0.9042941331863403,0.8929726481437683
,,,,,,,,,,,,,,,,0.8838714361190796,0.9496861100196838,0.9155975580215454
,,,,,,,,,,,,,,,,0.8515036106109619,0.8668594360351562,0.8591129183769226
,,,,,,,,,,,,,,,,0.8676016926765442,0.858231246471405,0.8628910183906555
,,,,,,,,,,,,,,,,0.8337331414222717,0.832922637462616,0.8333276510238647
,,,,,,,,,,,,,,,,0.8618137836456299,0.878175675868988,0.8699177503585815
,,,,,,,,,,,,,,,,0.8747768402099609,0.8709911108016968,0.8728798627853394
,,,,,,,,,,,,,,,,0.8850644826889038,0.8787264823913574,0.8818840384483337
,,,,,,,,,,,,,,,,0.8386546969413757,0.8733769655227661,0.8556637763977051
,,,,,,,,,,,,,,,,0.8499972224235535,0.8975564241409302,0.873129665851593
,,,,,,,,,,,,,,,,0.8431464433670044,0.8564685583114624,0.8497552275657654
,,,,,,,,,,,,,,,,0.8358851075172424,0.8660582900047302,0.8507042527198792
,,,,,,,,,,,,,,,,0.846480667591095,0.8852477073669434,0.8654302954673767
,,,,,,,,,,,,,,,,0.8439450860023499,0.8508613109588623,0.8473891019821167
,,,,,,,,,,,,,,,,0.8264042139053345,0.8835194110870361,0.8540078997612
,,,,,,,,,,,,,,,,0.8624071478843689,0.8621786832809448,0.8622929453849792
,,,,,,,,,,,,,,,,0.8526453971862793,0.887912392616272,0.8699216246604919
,,,,,,,,,,,,,,,,0.8911137580871582,0.9000423550605774,0.8955557942390442
,,,,,,,,,,,,,,,,0.8793856501579285,0.8789796829223633,0.8791825771331787
,,,,,,,,,,,,,,,,0.8859164714813232,0.9172199964523315,0.9012964963912964
,,,,,,,,,,,,,,,,0.8322434425354004,0.861639678478241,0.8466864228248596
,,,,,,,,,,,,,,,,0.8938064575195312,0.9120161533355713,0.9028195142745972
,,,,,,,,,,,,,,,,0.8492622971534729,0.8492658138275146,0.8492640852928162
,,,,,,,,,,,,,,,,0.901401162147522,0.8768118619918823,0.8889365196228027
,,,,,,,,,,,,,,,,0.8650250434875488,0.8533080816268921,0.8591265678405762
,,,,,,,,,,,,,,,,0.8566566705703735,0.8390203714370728,0.8477467894554138
,,,,,,,,,,,,,,,,0.884371817111969,0.8517919182777405,0.8677762150764465
,,,,,,,,,,,,,,,,0.8720871806144714,0.8197154998779297,0.8450906872749329
,,,,,,,,,,,,,,,,0.8723940849304199,0.8547306656837463,0.8634721040725708
,,,,,,,,,,,,,,,,0.8754360675811768,0.8954474925994873,0.8853287696838379
,,,,,,,,,,,,,,,,0.9027580618858337,0.8684903383255005,0.8852927088737488
,,,,,,,,,,,,,,,,0.8883421421051025,0.8663886785507202,0.8772280812263489
,,,,,,,,,,,,,,,,0.8748790621757507,0.8667654991149902,0.8708033561706543
,,,,,,,,,,,,,,,,0.8434685468673706,0.8480787873268127,0.8457673788070679
,,,,,,,,,,,,,,,,0.8824295997619629,0.9031975269317627,0.8926927447319031
,,,,,,,,,,,,,,,,0.8808021545410156,0.8689417243003845,0.8748316764831543
,,,,,,,,,,,,,,,,0.8567392230033875,0.8710306882858276,0.8638258576393127
,,,,,,,,,,,,,,,,0.8458452224731445,0.8820264935493469,0.8635570406913757
,,,,,,,,,,,,,,,,0.8758836984634399,0.8946349024772644,0.8851600289344788
,,,,,,,,,,,,,,,,0.8589787483215332,0.8583576083183289,0.8586680293083191
,,,,,,,,,,,,,,,,0.8659438490867615,0.8871897459030151,0.8764380812644958
,,,,,,,,,,,,,,,,0.8691859245300293,0.8770664930343628,0.873108446598053
,,,,,,,,,,,,,,,,0.808569610118866,0.8337417840957642,0.8209627866744995
,,,,,,,,,,,,,,,,0.8229806423187256,0.8726179599761963,0.8470727801322937
,,,,,,,,,,,,,,,,0.8369297981262207,0.8793108463287354,0.8575970530509949
,,,,,,,,,,,,,,,,0.8298263549804688,0.8850566148757935,0.8565521240234375
,,,,,,,,,,,,,,,,0.870791494846344,0.8874233961105347,0.8790287375450134
,,,,,,,,,,,,,,,,0.9026595950126648,0.9155897498130798,0.9090786576271057
,,,,,,,,,,,,,,,,0.8219645619392395,0.8538806438446045,0.8376187682151794
,,,,,,,,,,,,,,,,0.844462513923645,0.9218404293060303,0.8814565539360046
,,,,,,,,,,,,,,,,0.8393014669418335,0.8632609248161316,0.8511126637458801
,,,,,,,,,,,,,,,,0.8670221567153931,0.8942208290100098,0.8804114460945129
,,,,,,,,,,,,,,,,0.8587464690208435,0.8839051723480225,0.87114417552948
,,,,,,,,,,,,,,,,0.9106031656265259,0.9015296101570129,0.9060436487197876
,,,,,,,,,,,,,,,,0.8375132083892822,0.8648208379745483,0.8509480357170105
,,,,,,,,,,,,,,,,0.8717501163482666,0.9151829481124878,0.8929387331008911
,,,,,,,,,,,,,,,,0.8080791234970093,0.83280348777771,0.8202550411224365
,,,,,,,,,,,,,,,,0.8203359842300415,0.8806285858154297,0.8494137525558472
,,,,,,,,,,,,,,,,0.813166618347168,0.855032205581665,0.8335740566253662
,,,,,,,,,,,,,,,,0.7913856506347656,0.83415687084198,0.8122085928916931
,,,,,,,,,,,,,,,,0.807894229888916,0.8668400049209595,0.8363297581672668
